0 7
0 44
0 48
0 88
0 176
0 218
0 222
0 226
0 324
0 378
0 439
0 508
0 564
0 601
0 612
0 639
0 665
0 682
0 818
0 840
0 841
0 877
0 941
0 1042
0 1080
0 1104
0 1114
0 1263
0 1309
0 1393
0 1498
0 1504
0 1536
0 1539
0 1627
0 1665
0 1717
0 1723
0 1745
0 1784
0 1831
0 1872
0 1874
0 1897
0 2025
0 2101
0 2119
0 2121
0 2269
0 2321
0 2351
0 2390
0 2436
0 2484
0 2540
0 2579
0 2634
0 2650
0 2676
0 2684
0 2997
0 2999
0 3063
0 3113
0 3235
0 3285
0 3307
0 3309
0 3344
0 3442
0 3481
0 3535
0 3598
0 3606
0 3691
0 3749
0 3770
0 3849
0 3874
0 3973
0 4094
0 4119
0 4128
0 4230
0 4387
1 72
1 123
1 540
1 630
1 636
1 695
1 900
1 1442
1 1677
1 1713
1 1742
1 1795
1 1882
1 1983
1 2113
1 2408
1 2672
1 2686
1 3286
1 3328
1 3467
1 3488
1 3505
1 3604
1 3619
1 3783
1 3800
1 3833
1 3933
1 4058
1 4124
1 4223
1 4287
1 4324
1 4478
2 703
2 1383
2 1759
2 1799
2 2209
2 2349
2 2731
2 3160
2 3434
2 3468
2 4069
2 4220
3 248
3 373
3 473
3 1371
3 1428
3 1433
3 1458
3 1772
3 1848
3 2137
3 2365
3 3529
3 4015
3 4110
3 4271
4 49
4 313
4 340
4 458
4 464
4 485
4 591
4 1179
4 1337
4 1454
4 1557
4 1684
4 1954
4 2290
4 2564
4 2589
4 2594
4 2628
4 2637
4 2669
4 2699
4 2794
4 2863
4 2899
4 3061
4 3113
4 3501
4 3515
4 3569
4 3638
4 3706
4 3715
4 3812
4 4056
4 4076
4 4309
4 4326
4 4347
5 364
5 536
5 868
5 1144
5 1329
5 1852
5 1892
5 2362
5 2595
5 2703
5 2874
5 2906
5 3249
5 3284
5 3524
5 3634
5 3699
5 3795
5 3978
5 3981
5 4015
6 286
6 940
6 1429
6 1662
6 3085
6 3113
6 3300
6 3608
6 3766
6 4203
7 44
7 48
7 88
7 176
7 218
7 222
7 226
7 324
7 378
7 439
7 508
7 564
7 601
7 612
7 639
7 665
7 682
7 773
7 818
7 840
7 841
7 877
7 941
7 1022
7 1042
7 1059
7 1080
7 1104
7 1263
7 1278
7 1309
7 1393
7 1432
7 1498
7 1534
7 1536
7 1539
7 1627
7 1717
7 1723
7 1745
7 1769
7 1784
7 1831
7 1872
7 1874
7 1897
7 1926
7 2025
7 2093
7 2101
7 2119
7 2121
7 2269
7 2281
7 2321
7 2351
7 2378
7 2390
7 2436
7 2484
7 2533
7 2540
7 2579
7 2634
7 2650
7 2676
7 2684
7 2685
7 2997
7 3063
7 3113
7 3235
7 3271
7 3285
7 3307
7 3309
7 3344
7 3439
7 3481
7 3504
7 3535
7 3598
7 3691
7 3749
7 3849
7 3874
7 3973
7 4094
7 4104
7 4128
7 4169
7 4230
7 4367
7 4387
7 4451
7 4459
8 184
8 387
8 1162
8 1557
8 2369
8 3169
8 3302
9 112
9 671
9 723
9 846
9 2021
9 2055
9 2890
9 2958
9 3618
9 4015
9 4349
9 4357
10 129
10 312
10 329
10 390
10 768
10 824
10 973
10 1669
10 1845
10 1939
10 2058
10 2087
10 2687
10 3016
10 3303
10 3426
10 3468
10 3773
10 4277
10 4322
11 129
11 520
11 768
11 849
11 1098
11 1622
11 2120
11 2161
11 2204
11 3016
11 3070
11 3303
11 3433
11 3468
12 564
12 997
12 1159
12 1569
12 1666
12 1896
12 1898
12 2045
12 2096
12 3113
12 4158
12 4355
12 4451
13 35
13 87
13 123
13 135
13 213
13 253
13 262
13 365
13 399
13 406
13 409
13 421
13 533
13 542
13 559
13 632
13 649
13 651
13 707
13 778
13 789
13 821
13 861
13 900
13 955
13 961
13 962
13 980
13 991
13 1012
13 1081
13 1095
13 1100
13 1125
13 1150
13 1179
13 1190
13 1195
13 1229
13 1230
13 1239
13 1271
13 1286
13 1316
13 1317
13 1382
13 1403
13 1408
13 1472
13 1496
13 1584
13 1624
13 1660
13 1725
13 1811
13 1883
13 1916
13 1925
13 1983
13 1999
13 2003
13 2009
13 2029
13 2046
13 2068
13 2179
13 2194
13 2196
13 2206
13 2232
13 2259
13 2287
13 2290
13 2309
13 2381
13 2398
13 2473
13 2495
13 2499
13 2600
13 2649
13 2686
13 2701
13 2702
13 2755
13 2776
13 2787
13 2794
13 2822
13 2833
13 2837
13 2858
13 2899
13 2918
13 2924
13 3038
13 3082
13 3106
13 3107
13 3138
13 3232
13 3246
13 3258
13 3260
13 3354
13 3365
13 3408
13 3425
13 3487
13 3505
13 3506
13 3564
13 3569
13 3611
13 3623
13 3643
13 3685
13 3696
13 3718
13 3724
13 3899
13 4023
13 4058
13 4070
13 4080
13 4095
13 4118
13 4145
13 4146
13 4154
13 4219
13 4234
13 4258
13 4259
13 4287
13 4325
13 4398
13 4410
13 4454
13 4465
14 379
14 450
14 494
14 599
14 663
14 1293
14 1361
14 1491
14 1589
14 1606
14 1714
14 1783
14 1936
14 2023
14 2511
14 2534
14 2673
14 2742
14 3047
14 3074
14 3592
14 3640
14 3856
15 159
15 171
15 181
15 250
15 334
15 454
15 519
15 571
15 587
15 686
15 696
15 709
15 757
15 885
15 938
15 984
15 1007
15 1087
15 1137
15 1193
15 1294
15 1325
15 1332
15 1386
15 1466
15 1663
15 1771
15 1857
15 1868
15 1934
15 1963
15 2040
15 2062
15 2089
15 2129
15 2248
15 2273
15 2375
15 2506
15 2553
15 2632
15 2674
15 2789
15 2913
15 2972
15 3015
15 3095
15 3270
15 3378
15 3468
15 3497
15 3531
15 3593
15 3596
15 3629
15 3633
15 3677
15 3714
15 3745
15 3747
15 3826
15 3836
15 3910
15 3953
15 3997
15 4120
15 4135
15 4192
15 4241
15 4266
15 4282
15 4405
15 4421
15 4438
15 4448
16 115
16 427
16 460
16 496
16 509
16 665
16 672
16 765
16 794
16 1249
16 1286
16 1446
16 1447
16 1638
16 1650
16 1677
16 1712
16 1866
16 2032
16 2238
16 2241
16 2285
16 2404
16 3033
16 3058
16 3194
16 3213
16 3246
16 3265
16 3468
16 3487
16 3519
16 3520
16 3685
16 3737
16 3762
16 3875
16 4015
16 4023
16 4272
16 4459
17 157
17 318
17 616
17 1915
17 2402
17 2963
17 3134
17 3199
17 3811
18 49
18 86
18 118
18 154
18 185
18 207
18 237
18 243
18 261
18 262
18 275
18 303
18 306
18 311
18 340
18 349
18 369
18 407
18 424
18 427
18 458
18 459
18 462
18 464
18 493
18 496
18 509
18 548
18 575
18 580
18 593
18 607
18 656
18 660
18 662
18 672
18 687
18 743
18 772
18 779
18 786
18 819
18 855
18 858
18 873
18 890
18 916
18 959
18 1005
18 1058
18 1069
18 1139
18 1153
18 1179
18 1198
18 1206
18 1234
18 1249
18 1273
18 1327
18 1352
18 1357
18 1359
18 1368
18 1376
18 1385
18 1399
18 1414
18 1440
18 1446
18 1447
18 1452
18 1470
18 1475
18 1496
18 1511
18 1535
18 1628
18 1638
18 1679
18 1693
18 1712
18 1737
18 1748
18 1764
18 1766
18 1801
18 1816
18 1866
18 1884
18 1948
18 1979
18 1983
18 2028
18 2037
18 2114
18 2130
18 2149
18 2155
18 2166
18 2199
18 2200
18 2241
18 2270
18 2334
18 2357
18 2404
18 2430
18 2453
18 2485
18 2555
18 2583
18 2589
18 2592
18 2628
18 2648
18 2649
18 2656
18 2689
18 2751
18 2771
18 2781
18 2830
18 2838
18 2863
18 2920
18 2922
18 2954
18 2975
18 3010
18 3011
18 3017
18 3020
18 3023
18 3024
18 3034
18 3058
18 3064
18 3123
18 3131
18 3170
18 3178
18 3183
18 3189
18 3194
18 3195
18 3213
18 3237
18 3252
18 3275
18 3290
18 3321
18 3413
18 3501
18 3519
18 3541
18 3583
18 3638
18 3654
18 3666
18 3678
18 3697
18 3742
18 3758
18 3762
18 3791
18 3848
18 3875
18 3908
18 3950
18 3983
18 4061
18 4090
18 4134
18 4139
18 4181
18 4232
18 4240
18 4242
18 4250
18 4272
18 4307
18 4309
18 4326
18 4347
18 4377
18 4425
18 4431
18 4432
18 4481
19 134
19 144
19 157
19 544
19 1378
19 1565
19 1588
19 2437
19 2585
19 3649
19 4282
20 545
20 583
20 701
20 2058
20 3022
20 3468
20 3840
21 159
21 215
21 250
21 292
21 401
21 405
21 431
21 454
21 513
21 579
21 587
21 614
21 686
21 704
21 706
21 726
21 757
21 820
21 826
21 885
21 886
21 904
21 922
21 938
21 984
21 1007
21 1085
21 1087
21 1131
21 1136
21 1137
21 1193
21 1223
21 1291
21 1325
21 1332
21 1466
21 1594
21 1607
21 1763
21 1771
21 1857
21 1863
21 1868
21 2013
21 2040
21 2089
21 2129
21 2198
21 2248
21 2273
21 2449
21 2632
21 2637
21 2682
21 2736
21 2789
21 2800
21 2802
21 2866
21 2913
21 2971
21 3015
21 3176
21 3317
21 3378
21 3402
21 3468
21 3596
21 3603
21 3629
21 3633
21 3673
21 3677
21 3682
21 3747
21 3805
21 3826
21 3836
21 3906
21 4135
21 4151
21 4166
21 4214
21 4222
21 4241
21 4385
21 4405
21 4421
21 4430
21 4448
22 243
22 424
22 593
22 607
22 619
22 855
22 916
22 1511
22 1674
22 1801
22 1825
22 1866
22 1884
22 1983
22 2103
22 2114
22 2241
22 2288
22 2431
22 2528
22 2555
22 2583
22 2689
22 2695
22 3189
22 3194
22 3225
22 3458
22 3678
22 3776
22 3786
22 4023
22 4157
22 4216
22 4232
22 4240
22 4326
22 4332
22 4432
22 4450
23 157
23 1564
23 1598
23 1659
23 2399
23 2575
23 2654
23 2812
23 2931
23 2973
23 3180
23 3652
23 3679
23 3793
23 4123
23 4485
24 164
24 167
24 273
24 338
24 339
24 428
24 483
24 585
24 609
24 661
24 983
24 989
24 1247
24 1274
24 1290
24 1308
24 1333
24 1346
24 1349
24 1547
24 1750
24 1790
24 2007
24 2084
24 2120
24 2151
24 2203
24 2204
24 2308
24 2336
24 2343
24 2421
24 2443
24 2538
24 2599
24 2608
24 2641
24 2761
24 2861
24 2940
24 3100
24 3186
24 3204
24 3205
24 3231
24 3238
24 3297
24 3409
24 3434
24 3451
24 3468
24 3534
24 3612
24 3622
24 3642
24 3732
24 3733
24 3750
24 3787
24 3868
24 3873
24 3916
24 3935
24 4083
24 4141
24 4171
24 4255
24 4264
24 4345
24 4350
24 4393
25 102
25 155
25 283
25 411
25 554
25 570
25 648
25 801
25 912
25 1068
25 1272
25 1991
25 2019
25 2053
25 2144
25 2225
25 2313
25 2364
25 2609
25 2663
25 2848
25 3001
25 3041
25 3052
25 3091
25 3113
25 3163
25 3450
25 3483
25 3523
25 3526
25 3670
25 3872
25 3988
25 4084
25 4111
25 4484
26 240
26 564
26 601
26 675
26 773
26 864
26 930
26 1022
26 1037
26 1221
26 1263
26 1309
26 1377
26 1498
26 1650
26 1745
26 1784
26 1860
26 1907
26 1926
26 2025
26 2093
26 2230
26 2281
26 2351
26 2378
26 2380
26 2441
26 2468
26 2484
26 2487
26 2550
26 2669
26 2804
26 2997
26 3113
26 3443
26 3471
26 3481
26 3573
26 3606
26 3924
26 3931
26 4100
26 4104
26 4169
26 4230
26 4327
26 4342
26 4381
26 4451
26 4457
27 50
27 137
27 723
27 2220
27 3149
27 4015
28 171
28 355
28 431
28 886
28 947
28 1277
28 1394
28 1520
28 1792
28 2062
28 2271
28 2645
28 2802
28 2852
28 2913
28 3315
28 3468
28 3531
28 3593
28 3600
28 3682
28 3821
28 3836
28 4041
28 4098
28 4228
28 4295
28 4310
28 4428
29 113
29 370
29 383
29 491
29 658
29 1088
29 1509
29 1773
29 2063
29 2208
29 2284
29 2302
29 2370
29 2521
29 2788
29 2804
29 2934
29 3113
29 3382
29 3503
29 3540
29 3934
29 4343
29 4443
30 103
30 173
30 195
30 442
30 498
30 573
30 578
30 586
30 627
30 640
30 736
30 765
30 923
30 926
30 965
30 1152
30 1178
30 1185
30 1192
30 1251
30 1298
30 1299
30 1326
30 1351
30 1406
30 1450
30 1543
30 1550
30 1554
30 1643
30 1684
30 1727
30 1747
30 1815
30 1871
30 2098
30 2238
30 2249
30 2366
30 2415
30 2420
30 2450
30 2457
30 2594
30 2622
30 2652
30 2659
30 2726
30 2728
30 2801
30 3061
30 3113
30 3187
30 3299
30 3430
30 3478
30 3515
30 3528
30 3615
30 3710
30 3715
30 3728
30 3737
30 3767
30 3784
30 3815
30 3850
30 3878
30 3897
30 4021
30 4042
30 4236
30 4270
30 4298
30 4312
30 4479
30 4486
31 198
31 245
31 293
31 423
31 567
31 752
31 927
31 1532
31 1620
31 2303
31 2370
31 2521
31 2526
31 2804
31 2916
31 3013
31 3113
31 3242
31 3291
31 3382
31 3503
31 3668
31 3816
31 4011
31 4055
31 4114
32 354
32 488
32 568
32 657
32 2543
32 2897
32 2929
32 3243
32 3763
32 4172
32 4278
33 157
33 414
33 790
33 1207
33 3557
33 3841
33 4127
33 4362
34 141
34 511
34 543
34 591
34 668
34 839
34 1171
34 1419
34 1462
34 1590
34 1692
34 1703
34 1756
34 1788
34 2213
34 2510
34 2640
34 2879
34 2893
34 2930
34 2965
34 3041
34 3168
34 3232
34 3279
34 3519
34 3526
34 3605
34 3844
34 3896
34 3901
34 4073
34 4225
34 4244
35 85
35 87
35 123
35 135
35 154
35 213
35 304
35 365
35 409
35 421
35 480
35 489
35 533
35 559
35 632
35 649
35 651
35 664
35 685
35 695
35 778
35 789
35 808
35 844
35 861
35 955
35 961
35 962
35 971
35 1009
35 1048
35 1053
35 1095
35 1100
35 1125
35 1179
35 1190
35 1195
35 1229
35 1230
35 1239
35 1271
35 1286
35 1316
35 1317
35 1382
35 1403
35 1408
35 1423
35 1443
35 1472
35 1577
35 1584
35 1601
35 1624
35 1660
35 1677
35 1725
35 1731
35 1811
35 1816
35 1830
35 1916
35 1922
35 1925
35 1983
35 1993
35 1999
35 2003
35 2029
35 2044
35 2046
35 2068
35 2113
35 2179
35 2184
35 2194
35 2196
35 2206
35 2232
35 2259
35 2276
35 2287
35 2290
35 2297
35 2309
35 2356
35 2358
35 2381
35 2429
35 2459
35 2473
35 2495
35 2499
35 2566
35 2600
35 2617
35 2649
35 2672
35 2686
35 2702
35 2755
35 2776
35 2787
35 2794
35 2806
35 2810
35 2822
35 2833
35 2837
35 2858
35 2899
35 2910
35 2918
35 2924
35 3038
35 3064
35 3067
35 3082
35 3106
35 3107
35 3138
35 3162
35 3209
35 3232
35 3234
35 3246
35 3258
35 3260
35 3343
35 3365
35 3385
35 3408
35 3425
35 3487
35 3564
35 3569
35 3604
35 3611
35 3623
35 3685
35 3706
35 3708
35 3724
35 3769
35 3833
35 3899
35 3970
35 3974
35 4023
35 4058
35 4061
35 4080
35 4090
35 4095
35 4118
35 4145
35 4154
35 4199
35 4219
35 4234
35 4258
35 4259
35 4287
35 4293
35 4294
35 4325
35 4398
35 4410
35 4450
35 4454
35 4461
35 4465
35 4478
36 1977
36 1989
36 3528
37 950
37 1043
37 1304
37 1394
37 2013
37 2679
37 2847
37 2852
37 2866
37 2902
37 2953
37 2981
37 3208
37 3211
37 3378
37 3454
37 3468
37 3682
37 3901
37 3951
37 4228
37 4295
38 1574
38 1617
38 3342
38 3705
38 4015
39 327
39 1306
39 1757
39 1794
39 2693
39 3468
39 4014
39 4097
40 55
40 77
40 359
40 379
40 541
40 846
40 1215
40 1250
40 1331
40 1358
40 1573
40 1633
40 1906
40 2100
40 2133
40 2890
40 2965
40 3006
40 3579
40 3731
40 3909
40 3930
40 4015
40 4087
40 4182
40 4349
40 4373
41 105
41 142
41 272
41 307
41 316
41 361
41 521
41 522
41 529
41 749
41 998
41 1067
41 1151
41 1177
41 1284
41 1506
41 1625
41 1695
41 1820
41 1951
41 1953
41 1983
41 2112
41 2153
41 2163
41 2252
41 2272
41 2289
41 2388
41 2439
41 2440
41 2494
41 2577
41 2753
41 3035
41 3077
41 3137
41 3490
41 3829
41 3922
41 3999
41 4005
41 4054
41 4072
41 4129
41 4170
41 4281
41 4399
41 4449
41 4455
42 82
42 336
42 531
42 539
42 1140
42 1141
42 1168
42 1305
42 1603
42 1875
42 1893
42 1906
42 1908
42 1942
42 2779
42 3190
42 3283
42 3353
42 3371
42 3376
42 3514
42 3962
42 4015
42 4177
42 4340
43 202
43 568
43 620
43 809
43 999
43 1196
43 2543
43 3242
43 3461
43 3696
44 176
44 222
44 226
44 439
44 508
44 564
44 601
44 612
44 639
44 665
44 682
44 840
44 841
44 877
44 941
44 1080
44 1104
44 1263
44 1278
44 1309
44 1498
44 1504
44 1534
44 1627
44 1665
44 1717
44 1723
44 1784
44 1831
44 1872
44 1874
44 2025
44 2101
44 2121
44 2351
44 2390
44 2650
44 2685
44 2997
44 3063
44 3113
44 3235
44 3285
44 3307
44 3309
44 3344
44 3439
44 3481
44 3535
44 3691
44 3874
44 4094
44 4119
44 4128
44 4367
44 4459
45 157
45 179
45 196
45 322
45 414
45 416
45 457
45 468
45 594
45 668
45 677
45 680
45 804
45 862
45 1034
45 1438
45 1476
45 1565
45 1760
45 1835
45 1904
45 2018
45 2038
45 2059
45 2131
45 2170
45 2215
45 2307
45 2452
45 2515
45 2829
45 2942
45 3155
45 3158
45 3188
45 3239
45 3364
45 3427
45 3441
45 3538
46 394
46 1430
46 1544
46 1645
46 2667
46 2712
46 2905
46 3056
46 3375
46 3453
46 3468
46 3511
46 3547
46 3937
46 3972
46 4263
46 4439
47 161
47 4015
48 176
48 378
48 439
48 508
48 665
48 841
48 864
48 1104
48 1263
48 1309
48 1498
48 1627
48 1745
48 1831
48 2025
48 2321
48 2390
48 2684
48 2685
48 3113
48 3481
48 3770
48 4191
48 4367
49 86
49 115
49 116
49 140
49 163
49 185
49 207
49 212
49 237
49 243
49 261
49 275
49 303
49 340
49 349
49 407
49 424
49 427
49 458
49 462
49 464
49 496
49 509
49 569
49 575
49 591
49 593
49 619
49 635
49 656
49 662
49 672
49 687
49 772
49 779
49 786
49 819
49 855
49 876
49 890
49 939
49 971
49 1005
49 1012
49 1060
49 1139
49 1154
49 1179
49 1206
49 1234
49 1273
49 1328
49 1357
49 1359
49 1368
49 1376
49 1385
49 1399
49 1414
49 1425
49 1446
49 1447
49 1452
49 1475
49 1478
49 1496
49 1511
49 1535
49 1575
49 1579
49 1628
49 1638
49 1712
49 1737
49 1764
49 1766
49 1791
49 1866
49 1948
49 1956
49 1979
49 1983
49 2028
49 2037
49 2047
49 2071
49 2130
49 2149
49 2155
49 2166
49 2199
49 2270
49 2404
49 2430
49 2435
49 2501
49 2524
49 2555
49 2583
49 2589
49 2592
49 2614
49 2628
49 2631
49 2648
49 2649
49 2656
49 2751
49 2771
49 2781
49 2830
49 2850
49 2863
49 2954
49 3009
49 3010
49 3011
49 3017
49 3023
49 3034
49 3058
49 3123
49 3131
49 3178
49 3189
49 3194
49 3195
49 3213
49 3225
49 3237
49 3252
49 3265
49 3290
49 3331
49 3354
49 3404
49 3413
49 3420
49 3446
49 3501
49 3506
49 3519
49 3541
49 3565
49 3638
49 3654
49 3666
49 3678
49 3697
49 3758
49 3762
49 3776
49 3854
49 3875
49 3889
49 3908
49 3950
49 3983
49 4076
49 4095
49 4240
49 4242
49 4250
49 4260
49 4272
49 4292
49 4309
49 4326
49 4330
49 4347
49 4360
49 4377
49 4425
49 4431
49 4432
49 4441
49 4482
50 133
50 137
50 577
50 4015
51 157
51 414
51 2083
51 3832
51 4218
51 4282
52 59
52 173
52 195
52 276
52 343
52 346
52 368
52 382
52 430
52 442
52 485
52 498
52 547
52 572
52 578
52 581
52 586
52 627
52 640
52 736
52 765
52 781
52 929
52 956
52 965
52 1011
52 1064
52 1149
52 1150
52 1152
52 1178
52 1185
52 1192
52 1251
52 1257
52 1298
52 1299
52 1326
52 1351
52 1373
52 1404
52 1405
52 1450
52 1480
52 1485
52 1537
52 1550
52 1554
52 1592
52 1702
52 1747
52 1751
52 1758
52 1775
52 1786
52 1815
52 1864
52 1871
52 1895
52 1954
52 1973
52 2065
52 2098
52 2115
52 2178
52 2238
52 2285
52 2366
52 2392
52 2415
52 2422
52 2496
52 2564
52 2594
52 2598
52 2652
52 2666
52 2733
52 2740
52 2780
52 2901
52 2977
52 3061
52 3111
52 3113
52 3129
52 3151
52 3185
52 3187
52 3214
52 3349
52 3392
52 3417
52 3430
52 3436
52 3478
52 3520
52 3615
52 3710
52 3715
52 3728
52 3737
52 3767
52 3784
52 3797
52 3815
52 3857
52 3862
52 3893
52 3897
52 3955
52 3975
52 3998
52 4021
52 4040
52 4042
52 4052
52 4153
52 4262
52 4270
52 4290
52 4298
52 4312
52 4319
52 4389
52 4475
52 4479
52 4483
52 4486
53 312
53 379
53 390
53 453
53 768
53 973
53 993
53 1488
53 1521
53 1669
53 1845
53 1939
53 2001
53 2007
53 2032
53 2058
53 2308
53 2360
53 2687
53 3054
53 3110
53 3303
53 3426
53 3462
53 3468
53 3694
53 3773
53 4225
53 4467
53 4471
54 94
54 377
54 476
54 735
54 870
54 1083
54 1086
54 1120
54 1202
54 1347
54 1622
54 1639
54 1658
54 1692
54 1700
54 1914
54 1933
54 2032
54 2188
54 2209
54 2412
54 2514
54 2548
54 2761
54 2974
54 3110
54 3204
54 3230
54 3281
54 3316
54 3368
54 3403
54 3468
54 3658
54 3759
54 3817
54 4089
54 4253
54 4436
54 4462
55 77
55 541
55 770
55 796
55 1250
55 1331
55 1358
55 1573
55 1633
55 1906
55 2100
55 2133
55 2818
55 2965
55 3006
55 3711
55 3731
55 3909
55 3930
55 4015
55 4087
55 4182
55 4349
55 4373
56 222
56 378
56 439
56 601
56 639
56 665
56 682
56 840
56 877
56 1042
56 1080
56 1104
56 1263
56 1377
56 1393
56 1395
56 1534
56 1627
56 1650
56 1665
56 1717
56 1723
56 1784
56 1860
56 1872
56 2025
56 2101
56 2316
56 2321
56 2351
56 2468
56 2484
56 2634
56 2650
56 2669
56 2997
56 3113
56 3285
56 3307
56 3309
56 3535
56 3598
56 3606
56 3691
56 3749
56 3816
56 3819
56 3874
56 3973
56 4367
56 4487
57 104
57 231
57 741
57 767
57 1608
57 1940
57 1983
57 2282
57 2283
57 2503
57 2529
57 2639
57 2811
57 3073
57 3077
57 3218
57 4027
57 4187
57 4221
57 4283
57 4366
57 4478
58 59
58 173
58 195
58 278
58 288
58 313
58 346
58 382
58 479
58 547
58 553
58 572
58 586
58 631
58 700
58 729
58 736
58 765
58 781
58 905
58 908
58 931
58 1084
58 1143
58 1233
58 1260
58 1326
58 1337
58 1406
58 1424
58 1503
58 1507
58 1543
58 1592
58 1643
58 1651
58 1705
58 1730
58 1732
58 1740
58 1751
58 1808
58 1814
58 1877
58 1954
58 2069
58 2088
58 2123
58 2178
58 2182
58 2226
58 2249
58 2301
58 2442
58 2476
58 2480
58 2664
58 2695
58 2699
58 2821
58 3033
58 3076
58 3111
58 3113
58 3129
58 3151
58 3157
58 3185
58 3264
58 3392
58 3452
58 3464
58 3515
58 3521
58 3528
58 3647
58 3739
58 3782
58 3802
58 3812
58 3961
58 4008
58 4020
58 4147
58 4174
58 4188
58 4193
58 4270
58 4313
58 4488
59 63
59 73
59 103
59 173
59 178
59 183
59 225
59 246
59 278
59 343
59 346
59 382
59 430
59 442
59 479
59 485
59 553
59 559
59 572
59 573
59 574
59 580
59 581
59 586
59 606
59 627
59 640
59 647
59 650
59 729
59 736
59 765
59 847
59 876
59 908
59 926
59 931
59 959
59 1064
59 1078
59 1105
59 1110
59 1149
59 1152
59 1192
59 1251
59 1257
59 1268
59 1292
59 1298
59 1299
59 1326
59 1351
59 1362
59 1373
59 1405
59 1406
59 1424
59 1450
59 1454
59 1457
59 1480
59 1485
59 1488
59 1503
59 1528
59 1543
59 1582
59 1647
59 1684
59 1696
59 1715
59 1732
59 1740
59 1747
59 1775
59 1786
59 1808
59 1815
59 1816
59 1844
59 1871
59 1877
59 1954
59 1973
59 2015
59 2069
59 2088
59 2098
59 2104
59 2115
59 2123
59 2135
59 2178
59 2182
59 2200
59 2226
59 2249
59 2298
59 2300
59 2301
59 2392
59 2414
59 2415
59 2422
59 2442
59 2450
59 2456
59 2476
59 2480
59 2483
59 2485
59 2496
59 2531
59 2535
59 2537
59 2564
59 2594
59 2598
59 2622
59 2652
59 2659
59 2698
59 2727
59 2743
59 2821
59 2855
59 2901
59 2937
59 2948
59 2975
59 3033
59 3061
59 3111
59 3113
59 3129
59 3151
59 3170
59 3187
59 3198
59 3220
59 3299
59 3349
59 3354
59 3369
59 3392
59 3417
59 3420
59 3430
59 3432
59 3446
59 3464
59 3478
59 3485
59 3515
59 3528
59 3544
59 3558
59 3562
59 3586
59 3615
59 3708
59 3728
59 3737
59 3739
59 3767
59 3782
59 3784
59 3802
59 3815
59 3819
59 3842
59 3847
59 3857
59 3862
59 3893
59 3897
59 3955
59 3961
59 3977
59 3998
59 4008
59 4020
59 4042
59 4090
59 4132
59 4147
59 4153
59 4188
59 4193
59 4196
59 4262
59 4270
59 4290
59 4298
59 4312
59 4313
59 4341
59 4370
59 4383
59 4389
59 4403
59 4469
59 4479
59 4486
60 373
60 709
60 946
60 1312
60 1324
60 1371
60 1683
60 1719
60 1944
60 2261
60 2795
60 2831
60 2878
60 3117
60 3374
60 4015
60 4085
60 4110
61 109
61 132
61 144
61 157
61 179
61 196
61 252
61 287
61 290
61 308
61 468
61 497
61 530
61 534
61 544
61 594
61 625
61 626
61 787
61 802
61 810
61 862
61 915
61 1024
61 1034
61 1044
61 1116
61 1173
61 1222
61 1231
61 1236
61 1242
61 1288
61 1378
61 1476
61 1565
61 1588
61 1598
61 1618
61 1904
61 2083
61 2131
61 2215
61 2323
61 2339
61 2344
61 2346
61 2437
61 2500
61 2512
61 2515
61 2575
61 2576
61 2584
61 2651
61 2654
61 2668
61 2844
61 2886
61 2921
61 2942
61 2985
61 2988
61 3158
61 3193
61 3308
61 3427
61 3707
61 3734
61 3793
61 3832
61 4180
61 4247
62 235
62 319
62 667
62 823
62 1030
62 1141
62 1145
62 1214
62 1755
62 1893
62 2275
62 2410
62 2482
62 2692
62 2883
62 2945
62 3136
62 3266
62 3448
62 3498
62 4015
62 4016
62 4049
62 4149
62 4177
62 4394
62 4464
63 346
63 573
63 647
63 742
63 952
63 1078
63 1110
63 1186
63 1268
63 1299
63 1373
63 1522
63 1877
63 1954
63 2115
63 2422
63 2423
63 2535
63 2652
63 2805
63 3111
63 3113
63 3185
63 3299
63 3349
63 3728
63 4188
63 4270
64 80
64 139
64 166
64 279
64 327
64 330
64 367
64 432
64 1061
64 1553
64 1704
64 1861
64 2052
64 2229
64 2359
64 2605
64 2704
64 2767
64 2833
64 2927
64 3008
64 3651
64 3934
64 3948
65 198
65 245
65 567
65 752
65 878
65 1398
65 1509
65 1620
65 2526
65 2788
65 3113
65 3291
65 3442
66 2072
66 3798
66 3952
66 4015
67 155
67 488
67 1754
67 1756
67 2210
67 2609
67 2915
67 2943
67 2990
67 3113
67 3185
67 3503
67 3588
67 3660
67 3670
67 4084
68 248
68 603
68 797
68 901
68 1169
68 1291
68 1719
68 1958
68 4015
69 80
69 161
69 305
69 371
69 410
69 432
69 721
69 1557
69 1861
69 3712
69 3778
70 157
70 751
70 1018
70 1598
70 1636
70 2018
70 3188
70 3412
71 294
71 566
71 696
71 703
71 935
71 1040
71 1083
71 1098
71 1346
71 1804
71 1932
71 1990
71 2001
71 2007
71 2054
71 2089
71 2106
71 2308
71 2382
71 2573
71 2761
71 2969
71 3045
71 3312
71 3337
71 3451
71 3468
71 3750
71 3787
71 3789
71 3944
71 4026
71 4436
71 4462
72 123
72 350
72 636
72 772
72 900
72 1442
72 1653
72 1677
72 1713
72 1742
72 1795
72 1983
72 2358
72 2408
72 2429
72 2686
72 3286
72 3467
72 3488
72 3576
72 3604
72 3783
72 3800
72 3833
72 4124
72 4287
72 4324
72 4478
73 103
73 173
73 178
73 183
73 225
73 343
73 382
73 430
73 442
73 479
73 485
73 572
73 578
73 581
73 586
73 600
73 627
73 640
73 646
73 647
73 650
73 765
73 908
73 923
73 925
73 926
73 931
73 952
73 1011
73 1064
73 1105
73 1110
73 1129
73 1149
73 1152
73 1192
73 1251
73 1268
73 1292
73 1320
73 1326
73 1351
73 1362
73 1404
73 1424
73 1450
73 1454
73 1457
73 1480
73 1485
73 1543
73 1582
73 1647
73 1648
73 1684
73 1686
73 1702
73 1747
73 1751
73 1758
73 1786
73 1808
73 1815
73 1871
73 1877
73 1954
73 1973
73 2015
73 2061
73 2088
73 2098
73 2104
73 2115
73 2123
73 2178
73 2182
73 2226
73 2249
73 2284
73 2285
73 2298
73 2301
73 2363
73 2392
73 2414
73 2420
73 2422
73 2435
73 2442
73 2450
73 2456
73 2485
73 2496
73 2531
73 2535
73 2564
73 2594
73 2598
73 2622
73 2652
73 2659
73 2660
73 2701
73 2740
73 2744
73 2773
73 2784
73 2821
73 2838
73 2855
73 2888
73 2948
73 2961
73 3033
73 3061
73 3067
73 3111
73 3113
73 3129
73 3147
73 3151
73 3185
73 3187
73 3198
73 3299
73 3392
73 3417
73 3430
73 3432
73 3478
73 3485
73 3515
73 3521
73 3556
73 3562
73 3615
73 3710
73 3728
73 3737
73 3739
73 3767
73 3769
73 3782
73 3784
73 3819
73 3847
73 3862
73 3890
73 3893
73 3897
73 3923
73 3961
73 3977
73 3987
73 3998
73 4008
73 4020
73 4042
73 4052
73 4113
73 4153
73 4188
73 4193
73 4262
73 4270
73 4290
73 4298
73 4312
73 4313
73 4319
73 4341
73 4374
73 4383
73 4389
73 4479
73 4486
73 4488
74 319
74 404
74 531
74 667
74 762
74 1168
74 1604
74 1755
74 1906
74 1975
74 2165
74 2410
74 3072
74 3136
74 3283
74 3345
74 3448
74 3744
74 4015
74 4049
74 4177
74 4301
74 4397
75 587
75 1504
75 1588
75 2324
75 2450
75 3208
75 3295
75 3477
75 3495
75 3708
76 230
76 883
76 940
76 1422
76 1499
76 1621
76 1880
76 2242
76 2423
76 2907
76 3113
76 3154
76 3329
76 3399
76 3554
76 3566
76 3665
76 4202
76 4396
77 112
77 125
77 249
77 541
77 671
77 723
77 796
77 828
77 846
77 1215
77 1250
77 1331
77 1358
77 1489
77 1519
77 1753
77 1906
77 2021
77 2055
77 2100
77 2133
77 2220
77 2434
77 2723
77 2818
77 2890
77 2958
77 2965
77 3149
77 3419
77 3579
77 3618
77 3731
77 3775
77 3909
77 3930
77 4015
77 4087
77 4182
77 4349
77 4357
77 4368
77 4373
78 1983
78 3445
78 3851
79 82
79 1155
79 1172
79 1975
79 3377
79 3719
79 3796
79 4015
80 84
80 139
80 152
80 161
80 180
80 188
80 305
80 366
80 371
80 410
80 461
80 486
80 721
80 1094
80 1181
80 1322
80 1456
80 1483
80 1557
80 1813
80 1861
80 2063
80 2171
80 2518
80 2675
80 2815
80 2957
80 2994
80 3008
80 3109
80 3157
80 3269
80 3288
80 3459
80 3568
80 3712
80 3778
80 4039
80 4179
81 83
81 94
81 1086
81 1201
81 1658
81 2054
81 2108
81 2571
81 2974
81 3215
81 3227
81 3468
81 3658
81 3759
81 3865
81 4255
81 4436
82 216
82 531
82 539
82 624
82 1140
82 1141
82 1168
82 1252
82 1262
82 1305
82 1603
82 1605
82 1875
82 1906
82 1908
82 1942
82 2275
82 2593
82 2779
82 3190
82 3283
82 3353
82 3376
82 3421
82 3473
82 3514
82 3522
82 3869
82 3962
82 4015
82 4149
82 4177
82 4340
83 451
83 711
83 735
83 936
83 1086
83 1346
83 1347
83 1383
83 1622
83 1658
83 1711
83 1914
83 1997
83 2035
83 2466
83 2571
83 2597
83 2730
83 3204
83 3215
83 3255
83 3337
83 3361
83 3368
83 3468
83 3658
83 3681
83 3759
83 3792
83 3867
83 3876
83 4024
83 4089
83 4251
83 4253
83 4255
83 4436
84 152
84 180
84 188
84 410
84 1483
84 1557
84 1930
84 2027
84 3109
84 3150
84 3157
84 3288
84 3568
84 3913
85 213
85 304
85 365
85 421
85 489
85 533
85 542
85 632
85 649
85 664
85 685
85 695
85 844
85 900
85 961
85 1004
85 1009
85 1125
85 1190
85 1195
85 1239
85 1271
85 1317
85 1408
85 1423
85 1514
85 1546
85 1601
85 1624
85 1677
85 1731
85 1830
85 1925
85 1983
85 1993
85 2046
85 2068
85 2113
85 2179
85 2184
85 2206
85 2276
85 2287
85 2309
85 2356
85 2358
85 2398
85 2429
85 2459
85 2495
85 2499
85 2566
85 2600
85 2617
85 2672
85 2677
85 2702
85 2776
85 2787
85 2810
85 2833
85 2837
85 2858
85 2899
85 3038
85 3138
85 3246
85 3293
85 3319
85 3365
85 3408
85 3425
85 3505
85 3569
85 3685
85 3706
85 3724
85 3783
85 4023
85 4058
85 4080
85 4145
85 4154
85 4167
85 4178
85 4234
85 4258
85 4398
85 4406
85 4454
86 118
86 140
86 163
86 185
86 207
86 212
86 237
86 243
86 275
86 301
86 303
86 311
86 340
86 349
86 369
86 407
86 424
86 427
86 458
86 460
86 462
86 464
86 493
86 496
86 509
86 575
86 591
86 593
86 656
86 660
86 662
86 672
86 687
86 743
86 779
86 786
86 819
86 855
86 873
86 890
86 939
86 970
86 980
86 1005
86 1058
86 1179
86 1198
86 1206
86 1234
86 1327
86 1357
86 1359
86 1368
86 1376
86 1385
86 1399
86 1409
86 1414
86 1446
86 1447
86 1452
86 1470
86 1475
86 1511
86 1575
86 1628
86 1638
86 1648
86 1655
86 1685
86 1712
86 1715
86 1737
86 1764
86 1766
86 1791
86 1797
86 1801
86 1826
86 1866
86 1956
86 1979
86 1983
86 2028
86 2037
86 2130
86 2149
86 2155
86 2334
86 2357
86 2404
86 2430
86 2501
86 2555
86 2583
86 2589
86 2592
86 2614
86 2628
86 2648
86 2649
86 2656
86 2735
86 2751
86 2771
86 2781
86 2830
86 2850
86 2863
86 2954
86 3010
86 3011
86 3017
86 3020
86 3023
86 3024
86 3034
86 3058
86 3123
86 3131
86 3178
86 3189
86 3194
86 3195
86 3213
86 3237
86 3252
86 3265
86 3275
86 3290
86 3321
86 3331
86 3343
86 3404
86 3420
86 3501
86 3519
86 3541
86 3565
86 3589
86 3638
86 3654
86 3666
86 3678
86 3697
86 3742
86 3758
86 3762
86 3837
86 3875
86 3908
86 3950
86 3983
86 4076
86 4134
86 4139
86 4181
86 4240
86 4242
86 4250
86 4272
86 4307
86 4309
86 4316
86 4326
86 4330
86 4347
86 4377
86 4422
86 4425
86 4431
86 4475
87 123
87 347
87 365
87 380
87 480
87 489
87 542
87 560
87 649
87 651
87 695
87 707
87 778
87 808
87 821
87 900
87 955
87 961
87 1058
87 1190
87 1195
87 1229
87 1239
87 1286
87 1306
87 1317
87 1382
87 1408
87 1441
87 1472
87 1584
87 1660
87 1671
87 1677
87 1798
87 1882
87 1925
87 1983
87 1999
87 2003
87 2046
87 2068
87 2083
87 2196
87 2206
87 2287
87 2290
87 2398
87 2429
87 2600
87 2702
87 2755
87 2758
87 2776
87 2794
87 2822
87 2856
87 2899
87 2910
87 2911
87 3038
87 3107
87 3138
87 3246
87 3258
87 3260
87 3293
87 3365
87 3386
87 3425
87 3487
87 3569
87 3590
87 3611
87 3623
87 3685
87 3708
87 3724
87 3899
87 4023
87 4037
87 4060
87 4095
87 4145
87 4219
87 4234
87 4294
87 4398
87 4410
87 4461
87 4465
87 4478
88 176
88 222
88 564
88 601
88 639
88 665
88 818
88 1037
88 1104
88 1263
88 1534
88 1627
88 1665
88 1745
88 1769
88 1784
88 1831
88 2025
88 2093
88 2378
88 2484
88 2684
88 2804
88 3063
88 3113
88 3235
88 3285
88 3309
88 3481
88 3535
88 3598
88 3691
88 3749
88 3849
88 4381
89 1291
89 2783
89 4015
90 204
90 373
90 1147
90 1415
90 1549
90 1856
90 2201
90 2220
90 2376
90 2448
90 2581
90 2814
90 2895
90 3313
90 3322
90 3391
90 3684
90 3743
90 3929
90 4015
91 891
91 986
91 1307
91 1339
91 1420
91 1494
91 1576
91 1853
91 1983
91 2352
91 2574
91 2672
91 3139
91 3632
91 3879
91 3880
91 3976
91 4224
91 4338
92 725
92 2280
92 2816
92 2859
92 4015
93 157
93 1516
93 1962
93 4249
94 101
94 441
94 451
94 661
94 735
94 849
94 1120
94 1285
94 1410
94 1591
94 1658
94 1711
94 1933
94 2204
94 2209
94 2412
94 2428
94 2469
94 2571
94 2940
94 2974
94 3133
94 3227
94 3281
94 3289
94 3361
94 3429
94 3468
94 3658
94 3681
94 3759
94 3787
94 3799
94 3817
94 3865
94 3959
94 4024
94 4028
94 4069
94 4235
94 4253
94 4254
94 4358
94 4436
95 219
95 1096
95 1569
95 1734
95 1898
95 2045
95 2413
95 2907
95 3042
95 3113
95 4158
95 4191
96 139
96 180
96 305
96 461
96 655
96 843
96 1056
96 1216
96 1228
96 1456
96 1557
96 1634
96 1721
96 1833
96 1924
96 2177
96 2341
96 2384
96 2718
96 2823
96 2957
96 2976
96 3008
96 3150
96 3352
96 3502
96 4143
97 129
97 973
97 1939
97 2087
97 2126
97 2204
97 2246
97 2308
97 2761
97 3366
97 3403
97 3468
97 4000
97 4184
97 4273
97 4277
97 4467
98 173
98 399
98 578
98 873
98 890
98 955
98 961
98 1584
98 2037
98 2114
98 2130
98 2208
98 2343
98 2422
98 2583
98 2648
98 2863
98 2899
98 3123
98 3131
98 3264
98 3321
98 3365
98 3501
98 3515
98 3762
98 3837
98 4240
98 4250
98 4270
98 4486
99 568
99 1275
99 2181
99 3165
99 3574
100 209
100 865
100 1570
100 3113
100 4427
101 126
101 129
101 148
101 277
101 362
101 377
101 609
101 777
101 848
101 1083
101 1333
101 1585
101 1599
101 1658
101 1834
101 2001
101 2032
101 2175
101 2188
101 2204
101 2234
101 2412
101 2467
101 2670
101 2791
101 2826
101 2940
101 3231
101 3337
101 3451
101 3468
101 3563
101 3609
101 3694
101 3773
101 3794
101 3925
101 3954
101 3959
101 3965
101 4069
101 4103
101 4251
102 111
102 155
102 161
102 257
102 289
102 342
102 411
102 570
102 801
102 817
102 1047
102 1099
102 1200
102 1578
102 1623
102 1650
102 1765
102 1829
102 2019
102 2245
102 2313
102 2609
102 2623
102 2836
102 2848
102 2860
102 2875
102 2879
102 2984
102 3001
102 3113
102 3119
102 3223
102 3250
102 3344
102 3370
102 3389
102 3483
102 3495
102 3523
102 3526
102 3588
102 3616
102 3870
102 3872
102 3894
102 3967
102 3988
102 4064
102 4081
102 4084
102 4122
102 4339
102 4356
102 4459
102 4460
102 4487
103 130
103 154
103 173
103 178
103 183
103 195
103 262
103 276
103 288
103 313
103 346
103 368
103 386
103 391
103 430
103 442
103 485
103 498
103 547
103 569
103 572
103 578
103 580
103 581
103 586
103 627
103 647
103 650
103 699
103 717
103 729
103 736
103 742
103 765
103 781
103 830
103 847
103 903
103 926
103 931
103 1006
103 1017
103 1069
103 1091
103 1105
103 1110
103 1143
103 1148
103 1149
103 1152
103 1176
103 1183
103 1192
103 1211
103 1251
103 1257
103 1260
103 1268
103 1292
103 1299
103 1326
103 1337
103 1351
103 1373
103 1405
103 1406
103 1424
103 1450
103 1454
103 1480
103 1507
103 1522
103 1527
103 1528
103 1543
103 1550
103 1592
103 1651
103 1682
103 1684
103 1696
103 1702
103 1727
103 1747
103 1751
103 1758
103 1786
103 1808
103 1815
103 1844
103 1864
103 1869
103 1871
103 1973
103 2056
103 2069
103 2088
103 2095
103 2115
103 2123
103 2176
103 2178
103 2200
103 2226
103 2238
103 2249
103 2285
103 2298
103 2301
103 2387
103 2391
103 2392
103 2414
103 2415
103 2422
103 2442
103 2450
103 2456
103 2457
103 2476
103 2480
103 2485
103 2496
103 2535
103 2564
103 2594
103 2598
103 2619
103 2622
103 2652
103 2659
103 2678
103 2698
103 2699
103 2701
103 2726
103 2727
103 2780
103 2801
103 2806
103 2821
103 2838
103 2855
103 2948
103 3033
103 3061
103 3084
103 3111
103 3113
103 3129
103 3132
103 3151
103 3181
103 3187
103 3220
103 3264
103 3343
103 3349
103 3354
103 3356
103 3369
103 3392
103 3399
103 3417
103 3430
103 3432
103 3436
103 3478
103 3485
103 3506
103 3515
103 3520
103 3528
103 3615
103 3647
103 3675
103 3708
103 3710
103 3715
103 3728
103 3737
103 3767
103 3782
103 3784
103 3791
103 3812
103 3819
103 3823
103 3850
103 3857
103 3862
103 3878
103 3893
103 3897
103 3955
103 3961
103 3975
103 3998
103 4008
103 4021
103 4040
103 4042
103 4043
103 4052
103 4056
103 4057
103 4090
103 4138
103 4153
103 4174
103 4185
103 4188
103 4193
103 4202
103 4236
103 4262
103 4270
103 4290
103 4298
103 4312
103 4313
103 4370
103 4383
103 4389
103 4469
103 4475
103 4479
103 4486
104 128
104 231
104 282
104 540
104 636
104 719
104 767
104 782
104 1587
104 1661
104 1681
104 1940
104 1983
104 2020
104 2160
104 2282
104 2347
104 2529
104 3012
104 3077
104 3179
104 3240
104 3381
104 3395
104 3641
104 3768
104 3830
104 3966
104 4187
104 4283
104 4321
104 4323
104 4366
104 4376
105 316
105 361
105 420
105 522
105 529
105 749
105 942
105 1016
105 1033
105 1284
105 1567
105 1706
105 1953
105 1983
105 2153
105 2163
105 2168
105 2252
105 2272
105 2388
105 2494
105 2753
105 2773
105 3035
105 3077
105 3460
105 3550
105 3575
105 3774
105 3829
105 4054
105 4072
105 4281
105 4399
105 4455
106 681
106 1968
106 2039
106 3345
106 4015
106 4016
106 4049
107 348
107 717
107 1291
107 2038
107 3468
107 3510
107 4065
108 678
108 3113
108 3166
108 3357
108 3399
109 157
109 468
109 1222
109 1231
109 1892
109 2500
109 2668
109 3158
110 333
110 1214
110 1246
110 1254
110 2779
110 2892
110 4015
110 4016
110 4049
110 4301
111 257
111 283
111 411
111 1650
111 1728
111 1829
111 2019
111 2279
111 2644
111 2879
111 3113
111 3250
111 3483
111 3495
111 3526
111 3870
111 3928
111 3967
111 3988
111 4084
111 4459
112 223
112 249
112 671
112 723
112 796
112 846
112 1433
112 1654
112 1917
112 2021
112 2055
112 2060
112 2434
112 2890
112 2958
112 2965
112 3493
112 3545
112 3618
112 3909
112 4015
112 4349
112 4357
113 122
113 156
113 168
113 245
113 254
113 279
113 295
113 370
113 383
113 491
113 550
113 551
113 618
113 658
113 683
113 752
113 794
113 1084
113 1088
113 1094
113 1117
113 1124
113 1261
113 1361
113 1501
113 1509
113 1532
113 1566
113 1620
113 1770
113 1773
113 1929
113 2063
113 2092
113 2171
113 2183
113 2208
113 2222
113 2260
113 2284
113 2302
113 2341
113 2370
113 2458
113 2470
113 2517
113 2521
113 2526
113 2545
113 2603
113 2669
113 2694
113 2788
113 2804
113 2934
113 2957
113 3014
113 3113
113 3164
113 3210
113 3291
113 3442
113 3503
113 3540
113 3560
113 3570
113 3648
113 3816
113 3822
113 3853
113 3934
113 3949
113 4011
113 4055
113 4077
113 4108
113 4109
113 4114
113 4279
113 4280
113 4343
113 4412
113 4443
114 304
114 816
114 889
114 1643
114 1660
114 1795
114 2193
114 3936
115 140
115 154
115 163
115 185
115 212
115 243
115 275
115 303
115 340
115 349
115 369
115 407
115 424
115 427
115 458
115 462
115 493
115 496
115 509
115 575
115 593
115 607
115 656
115 660
115 662
115 687
115 779
115 786
115 830
115 855
115 858
115 873
115 890
115 939
115 980
115 1005
115 1058
115 1060
115 1154
115 1179
115 1198
115 1206
115 1234
115 1249
115 1273
115 1357
115 1359
115 1368
115 1385
115 1399
115 1425
115 1446
115 1447
115 1452
115 1475
115 1535
115 1575
115 1579
115 1628
115 1638
115 1655
115 1685
115 1696
115 1712
115 1737
115 1748
115 1764
115 1766
115 1791
115 1797
115 1806
115 1866
115 1884
115 1948
115 1956
115 1977
115 1983
115 2028
115 2037
115 2065
115 2071
115 2130
115 2149
115 2155
115 2166
115 2241
115 2270
115 2334
115 2404
115 2430
115 2431
115 2501
115 2537
115 2555
115 2583
115 2589
115 2592
115 2612
115 2614
115 2628
115 2631
115 2648
115 2649
115 2656
115 2751
115 2771
115 2781
115 2830
115 2863
115 2867
115 2901
115 2920
115 3010
115 3011
115 3017
115 3023
115 3034
115 3058
115 3064
115 3081
115 3082
115 3123
115 3131
115 3183
115 3189
115 3237
115 3252
115 3265
115 3275
115 3290
115 3321
115 3331
115 3394
115 3404
115 3405
115 3406
115 3413
115 3436
115 3501
115 3519
115 3541
115 3565
115 3583
115 3638
115 3654
115 3678
115 3697
115 3742
115 3762
115 3776
115 3847
115 3875
115 3908
115 3983
115 3987
115 4061
115 4067
115 4076
115 4090
115 4095
115 4134
115 4139
115 4240
115 4242
115 4250
115 4272
115 4309
115 4316
115 4326
115 4330
115 4347
115 4360
115 4377
115 4431
115 4432
115 4482
116 140
116 303
116 427
116 660
116 779
116 794
116 821
116 955
116 1104
116 1179
116 1229
116 1292
116 1373
116 1399
116 1450
116 1557
116 1655
116 1766
116 1797
116 1983
116 2029
116 2037
116 2208
116 2287
116 2334
116 2619
116 2628
116 2726
116 2771
116 2804
116 3111
116 3113
116 3178
116 3213
116 3430
116 3487
116 3697
116 3875
116 3897
116 4095
116 4153
116 4154
116 4326
116 4479
117 260
117 933
117 1141
117 2180
117 2187
117 2885
117 3653
117 4015
118 127
118 140
118 154
118 163
118 185
118 207
118 243
118 261
118 275
118 306
118 340
118 349
118 369
118 407
118 424
118 427
118 458
118 459
118 460
118 462
118 464
118 496
118 509
118 575
118 607
118 656
118 660
118 662
118 687
118 743
118 772
118 779
118 786
118 815
118 855
118 873
118 890
118 939
118 959
118 970
118 1012
118 1058
118 1179
118 1206
118 1234
118 1359
118 1376
118 1385
118 1399
118 1425
118 1445
118 1446
118 1447
118 1452
118 1475
118 1511
118 1628
118 1638
118 1712
118 1737
118 1748
118 1764
118 1766
118 1791
118 1866
118 1948
118 1979
118 1983
118 2028
118 2037
118 2065
118 2071
118 2114
118 2130
118 2241
118 2270
118 2357
118 2385
118 2404
118 2430
118 2555
118 2583
118 2589
118 2628
118 2631
118 2648
118 2649
118 2735
118 2751
118 2830
118 2849
118 2867
118 2869
118 2954
118 3009
118 3010
118 3017
118 3020
118 3023
118 3024
118 3034
118 3058
118 3064
118 3082
118 3131
118 3175
118 3178
118 3194
118 3213
118 3237
118 3265
118 3331
118 3501
118 3541
118 3565
118 3643
118 3666
118 3697
118 3742
118 3758
118 3762
118 3837
118 3875
118 3908
118 3923
118 4067
118 4076
118 4095
118 4142
118 4240
118 4250
118 4272
118 4316
118 4326
118 4347
118 4377
118 4422
118 4425
118 4431
118 4481
119 140
119 173
119 178
119 306
119 311
119 407
119 547
119 593
119 660
119 662
119 765
119 1100
119 1110
119 1149
119 1190
119 1229
119 1263
119 1385
119 1543
119 1557
119 1655
119 1748
119 1764
119 1864
119 1948
119 1983
119 2029
119 2120
119 2130
119 2155
119 2166
119 2356
119 2420
119 2543
119 2583
119 2589
119 2594
119 2804
119 3017
119 3111
119 3258
119 3404
119 3565
119 3893
119 3910
119 3934
119 4056
119 4219
120 134
120 157
120 287
120 1237
120 2515
121 142
121 316
121 399
121 413
121 529
121 998
121 1016
121 1067
121 1151
121 1177
121 1695
121 1820
121 1927
121 1951
121 1983
121 1992
121 2112
121 2163
121 2252
121 2289
121 2439
121 2440
121 2494
121 2577
121 2700
121 2753
121 3035
121 3137
121 3152
121 3335
121 3338
121 3911
121 4072
121 4399
121 4455
121 4472
122 168
122 239
122 279
122 291
122 461
122 551
122 596
122 598
122 683
122 764
122 794
122 838
122 857
122 869
122 978
122 1028
122 1051
122 1061
122 1084
122 1094
122 1117
122 1129
122 1170
122 1181
122 1228
122 1235
122 1261
122 1340
122 1361
122 1366
122 1444
122 1501
122 1557
122 1634
122 1729
122 1738
122 1752
122 1773
122 1842
122 1873
122 1929
122 1967
122 2005
122 2183
122 2208
122 2222
122 2329
122 2331
122 2341
122 2447
122 2470
122 2804
122 2820
122 2917
122 2939
122 2957
122 3007
122 3043
122 3049
122 3093
122 3280
122 3359
122 3397
122 3459
122 3533
122 3561
122 3630
122 3645
122 3671
122 3852
122 3853
122 4039
122 4179
122 4246
122 4279
122 4299
122 4378
122 4412
122 4435
122 4456
122 4474
123 128
123 241
123 347
123 350
123 365
123 399
123 406
123 435
123 440
123 480
123 489
123 540
123 542
123 559
123 560
123 580
123 632
123 649
123 664
123 695
123 707
123 719
123 778
123 789
123 808
123 821
123 853
123 861
123 954
123 955
123 961
123 962
123 982
123 1004
123 1053
123 1067
123 1069
123 1092
123 1095
123 1100
123 1166
123 1190
123 1229
123 1230
123 1232
123 1317
123 1363
123 1382
123 1408
123 1442
123 1443
123 1445
123 1470
123 1472
123 1478
123 1514
123 1584
123 1653
123 1660
123 1667
123 1677
123 1689
123 1696
123 1713
123 1733
123 1742
123 1795
123 1798
123 1882
123 1916
123 1922
123 1925
123 1950
123 1982
123 1983
123 2003
123 2008
123 2029
123 2041
123 2046
123 2083
123 2113
123 2206
123 2287
123 2304
123 2309
123 2356
123 2398
123 2408
123 2499
123 2524
123 2530
123 2556
123 2600
123 2612
123 2658
123 2672
123 2686
123 2720
123 2721
123 2744
123 2755
123 2758
123 2787
123 2794
123 2810
123 2824
123 2833
123 2856
123 2858
123 2865
123 2899
123 2910
123 2924
123 2950
123 2975
123 3038
123 3064
123 3082
123 3098
123 3138
123 3162
123 3170
123 3175
123 3209
123 3240
123 3246
123 3258
123 3260
123 3286
123 3293
123 3319
123 3386
123 3394
123 3425
123 3436
123 3467
123 3487
123 3488
123 3569
123 3576
123 3590
123 3604
123 3611
123 3623
123 3685
123 3706
123 3708
123 3718
123 3724
123 3763
123 3769
123 3777
123 3783
123 3800
123 3858
123 3899
123 3933
123 3987
123 4023
123 4037
123 4058
123 4060
123 4080
123 4090
123 4124
123 4145
123 4154
123 4178
123 4219
123 4223
123 4234
123 4259
123 4269
123 4287
123 4294
123 4324
123 4346
123 4398
123 4409
123 4410
123 4434
123 4454
123 4461
123 4465
123 4478
124 358
124 397
124 1859
124 1998
124 2073
124 2078
124 2462
124 2471
124 2613
124 2697
124 2765
124 2893
124 3113
124 3504
124 3662
124 4006
124 4068
125 846
125 4015
126 129
126 345
126 425
126 585
126 628
126 735
126 775
126 813
126 892
126 972
126 992
126 1203
126 1245
126 1248
126 1279
126 1311
126 1343
126 1349
126 1383
126 1486
126 1796
126 1804
126 1911
126 1914
126 1920
126 1933
126 2209
126 2243
126 2467
126 2548
126 2670
126 2912
126 2949
126 2974
126 3045
126 3203
126 3212
126 3296
126 3409
126 3468
126 3658
126 3681
126 3694
126 3726
126 3787
126 3891
126 3943
126 4083
126 4253
126 4350
126 4419
127 140
127 306
127 313
127 373
127 427
127 496
127 553
127 572
127 581
127 627
127 695
127 794
127 926
127 931
127 1091
127 1095
127 1198
127 1249
127 1406
127 1511
127 1684
127 1748
127 1764
127 1864
127 2123
127 2392
127 2543
127 2555
127 2600
127 2787
127 3024
127 3129
127 3237
127 3404
127 3430
127 3468
127 3541
127 3678
127 3682
127 3733
127 3750
127 3897
127 3908
127 3961
127 4021
127 4188
127 4270
127 4294
127 4316
127 4410
127 4432
127 4465
127 4488
128 282
128 379
128 392
128 540
128 634
128 719
128 767
128 782
128 1109
128 1133
128 1661
128 1983
128 2020
128 2169
128 2283
128 2326
128 2493
128 2570
128 3179
128 3218
128 3240
128 3381
128 3518
128 3768
128 3830
128 3966
128 4099
128 4187
128 4269
128 4283
128 4302
128 4321
128 4401
128 4478
129 312
129 329
129 345
129 520
129 585
129 595
129 609
129 659
129 710
129 768
129 824
129 849
129 973
129 993
129 1201
129 1259
129 1347
129 1349
129 1488
129 1669
129 1750
129 1845
129 1879
129 1889
129 1939
129 1980
129 2006
129 2032
129 2054
129 2058
129 2087
129 2126
129 2175
129 2308
129 2315
129 2349
129 2687
129 2974
129 3048
129 3110
129 3230
129 3248
129 3303
129 3372
129 3403
129 3426
129 3468
129 3525
129 3563
129 3759
129 3773
129 4184
129 4239
129 4256
129 4273
129 4277
129 4322
129 4350
129 4467
130 157
130 427
130 586
130 769
130 1005
130 1184
130 1685
130 1764
130 1866
130 2270
130 2391
130 2433
130 2919
130 3113
130 3171
130 3385
130 3685
130 3742
130 3767
130 3837
130 4134
130 4242
130 4377
131 138
131 242
131 248
131 473
131 510
131 760
131 919
131 946
131 1254
131 1324
131 1371
131 1581
131 1726
131 1823
131 1935
131 1944
131 1958
131 1969
131 2137
131 2472
131 2724
131 2756
131 2831
131 2859
131 2966
131 4015
132 157
132 252
132 287
132 290
132 416
132 468
132 544
132 594
132 625
132 626
132 798
132 802
132 862
132 1001
132 1034
132 1044
132 1119
132 1222
132 1236
132 1288
132 1378
132 1476
132 1552
132 1565
132 1588
132 1598
132 1760
132 1904
132 2131
132 2215
132 2339
132 2437
132 2500
132 2512
132 2515
132 2668
132 3000
132 3158
132 3308
132 3383
132 3581
132 3832
132 4420
133 137
133 434
133 577
133 1901
133 2220
133 2773
133 3118
133 4015
134 157
134 335
134 626
134 1237
134 2083
134 2215
134 2323
134 2437
134 2515
134 3026
134 3649
134 4282
135 365
135 409
135 480
135 489
135 632
135 651
135 695
135 778
135 789
135 821
135 900
135 955
135 961
135 962
135 982
135 1004
135 1095
135 1100
135 1179
135 1190
135 1229
135 1230
135 1286
135 1382
135 1472
135 1514
135 1584
135 1660
135 1811
135 1883
135 1916
135 1983
135 1999
135 2029
135 2083
135 2113
135 2196
135 2206
135 2232
135 2287
135 2309
135 2356
135 2398
135 2499
135 2600
135 2686
135 2755
135 2758
135 2776
135 2794
135 2822
135 2833
135 2837
135 2856
135 2858
135 2899
135 2918
135 2924
135 3038
135 3082
135 3107
135 3112
135 3138
135 3162
135 3219
135 3258
135 3365
135 3408
135 3487
135 3505
135 3569
135 3590
135 3611
135 3623
135 3685
135 3706
135 3708
135 3724
135 3899
135 3970
135 4023
135 4037
135 4080
135 4095
135 4145
135 4154
135 4219
135 4259
135 4325
135 4398
135 4410
135 4454
135 4461
135 4478
136 2050
136 3468
136 3510
136 3891
137 434
137 577
137 995
137 1901
137 2220
137 2397
137 2818
137 4015
138 242
138 248
138 357
138 372
138 373
138 473
138 510
138 666
138 946
138 1026
138 1160
138 1169
138 1224
138 1324
138 1371
138 1531
138 1581
138 1585
138 1683
138 1699
138 1719
138 1726
138 1810
138 1824
138 1851
138 1935
138 1944
138 1958
138 1969
138 2122
138 2137
138 2181
138 2395
138 2523
138 2642
138 2724
138 2745
138 2746
138 2797
138 2859
138 2878
138 2947
138 3086
138 3117
138 3374
138 3387
138 3548
138 3571
138 3574
138 3719
138 3741
138 3956
138 4015
138 4110
138 4271
138 4305
139 180
139 305
139 366
139 461
139 486
139 655
139 794
139 838
139 843
139 1056
139 1163
139 1216
139 1366
139 1456
139 1557
139 1570
139 1634
139 1721
139 1833
139 1861
139 1924
139 1929
139 2171
139 2177
139 2222
139 2341
139 2518
139 2718
139 2823
139 2957
139 2994
139 3008
139 3150
139 3288
139 3352
139 3877
139 4143
139 4246
140 163
140 185
140 190
140 237
140 241
140 243
140 261
140 275
140 303
140 306
140 311
140 340
140 349
140 369
140 407
140 424
140 427
140 458
140 460
140 462
140 466
140 496
140 509
140 575
140 591
140 593
140 656
140 660
140 662
140 672
140 687
140 779
140 786
140 855
140 873
140 890
140 1005
140 1058
140 1153
140 1179
140 1198
140 1206
140 1218
140 1234
140 1273
140 1327
140 1328
140 1357
140 1359
140 1368
140 1376
140 1385
140 1399
140 1414
140 1425
140 1446
140 1447
140 1452
140 1475
140 1511
140 1535
140 1575
140 1628
140 1638
140 1712
140 1737
140 1764
140 1766
140 1791
140 1797
140 1825
140 1866
140 1948
140 1956
140 1977
140 1979
140 1983
140 2028
140 2037
140 2056
140 2071
140 2114
140 2130
140 2149
140 2166
140 2199
140 2241
140 2270
140 2334
140 2357
140 2368
140 2404
140 2430
140 2433
140 2453
140 2455
140 2501
140 2555
140 2583
140 2589
140 2592
140 2614
140 2628
140 2631
140 2648
140 2649
140 2656
140 2735
140 2751
140 2771
140 2781
140 2830
140 2850
140 2863
140 2867
140 2869
140 2920
140 2950
140 2954
140 3010
140 3011
140 3017
140 3023
140 3024
140 3034
140 3058
140 3082
140 3108
140 3123
140 3131
140 3178
140 3189
140 3194
140 3213
140 3237
140 3252
140 3265
140 3275
140 3290
140 3321
140 3331
140 3404
140 3405
140 3413
140 3501
140 3506
140 3519
140 3541
140 3565
140 3589
140 3638
140 3654
140 3666
140 3678
140 3697
140 3742
140 3762
140 3777
140 3837
140 3875
140 3950
140 3983
140 4061
140 4070
140 4076
140 4131
140 4134
140 4139
140 4181
140 4199
140 4240
140 4242
140 4250
140 4272
140 4309
140 4316
140 4326
140 4330
140 4347
140 4360
140 4377
140 4403
140 4425
140 4431
140 4432
140 4450
140 4482
141 1829
141 3113
141 4191
142 316
142 361
142 399
142 522
142 887
142 942
142 998
142 1016
142 1033
142 1067
142 1151
142 1284
142 1506
142 1567
142 1649
142 1695
142 1927
142 1951
142 1953
142 1983
142 2153
142 2163
142 2252
142 2439
142 2440
142 2577
142 2753
142 3035
142 3137
142 3335
142 3460
142 3546
142 3575
142 3999
142 4005
142 4029
142 4054
142 4072
142 4129
142 4170
142 4449
142 4472
143 863
143 3096
143 3342
143 4285
143 4445
144 157
144 751
144 1024
144 1113
144 1231
144 1236
144 1288
144 1588
144 2024
144 2339
144 2542
144 2921
144 3026
144 3308
144 3649
144 3832
144 4282
145 181
145 250
145 292
145 341
145 398
145 571
145 806
145 826
145 922
145 1194
145 1294
145 1386
145 1466
145 1771
145 1781
145 1863
145 1865
145 2040
145 2248
145 2449
145 2506
145 2507
145 2553
145 2632
145 2674
145 2736
145 2752
145 2854
145 2864
145 3071
145 3095
145 3103
145 3176
145 3244
145 3468
145 3476
145 3593
145 3596
145 3629
145 3667
145 3673
145 3677
145 3682
145 3714
145 3747
145 3910
145 4041
145 4192
145 4228
145 4295
145 4421
145 4430
145 4438
146 415
146 491
146 1313
146 1371
146 1479
146 1697
146 1730
146 2031
146 2240
146 2526
146 3040
146 3106
146 3153
146 3264
146 3292
146 3540
146 3830
146 3841
146 3868
146 4375
146 4417
147 148
147 182
147 201
147 476
147 515
147 711
147 791
147 892
147 909
147 943
147 966
147 1367
147 1379
147 1508
147 1799
147 1834
147 1885
147 1911
147 2012
147 2188
147 2253
147 2343
147 2383
147 2466
147 2477
147 2597
147 2624
147 2626
147 2940
147 3055
147 3100
147 3219
147 3451
147 3468
147 3510
147 3622
147 3750
147 3814
147 3868
147 3873
147 3876
147 3925
147 4002
147 4031
147 4273
147 4315
147 4351
147 4361
147 4416
148 515
148 516
148 711
148 791
148 892
148 909
148 943
148 966
148 1367
148 1804
148 1911
148 1930
148 2012
148 2253
148 2257
148 2327
148 2343
148 2383
148 2477
148 2597
148 2624
148 2626
148 2670
148 2976
148 3055
148 3069
148 3070
148 3100
148 3205
148 3238
148 3303
148 3468
148 3622
148 3814
148 3868
148 3873
148 3876
148 4002
148 4315
148 4351
148 4471
149 157
149 252
149 287
149 308
149 497
149 625
149 626
149 802
149 1119
149 1618
149 2323
149 2339
149 2515
149 3105
150 1557
150 4004
151 157
151 385
151 790
151 1500
151 1596
151 1817
151 1983
151 2268
151 2931
151 3113
151 3333
151 3468
151 3792
151 3968
152 180
152 188
152 410
152 1483
152 1557
152 1955
152 3109
152 3150
152 3242
152 3255
153 327
153 592
153 799
153 1355
153 1481
153 1529
153 2074
153 2403
153 2657
153 3384
153 3468
154 159
154 173
154 288
154 340
154 349
154 573
154 581
154 736
154 890
154 900
154 1152
154 1179
154 1251
154 1273
154 1359
154 1373
154 1408
154 1424
154 1579
154 1582
154 1747
154 1752
154 1771
154 1977
154 2029
154 2071
154 2115
154 2123
154 2166
154 2206
154 2249
154 2270
154 2287
154 2343
154 2496
154 2666
154 2686
154 2833
154 3010
154 3017
154 3023
154 3024
154 3033
154 3038
154 3058
154 3100
154 3113
154 3178
154 3195
154 3237
154 3265
154 3290
154 3331
154 3406
154 3430
154 3478
154 3520
154 3565
154 3706
154 3762
154 3819
154 3934
154 4015
154 4042
154 4076
154 4095
154 4147
154 4188
154 4270
154 4425
154 4450
154 4470
155 283
155 342
155 411
155 570
155 648
155 801
155 1272
155 1419
155 1829
155 1991
155 2053
155 2144
155 2313
155 2364
155 2609
155 2623
155 2848
155 2879
155 2984
155 2990
155 3001
155 3041
155 3052
155 3113
155 3163
155 3250
155 3279
155 3336
155 3370
155 3450
155 3483
155 3503
155 3523
155 3526
155 3588
155 3670
155 3870
155 3872
155 3894
155 3988
155 4084
155 4244
155 4275
155 4339
155 4460
156 254
156 266
156 295
156 383
156 921
156 1084
156 1088
156 1426
156 1566
156 1743
156 2005
156 2063
156 2208
156 2260
156 2284
156 2302
156 2470
156 2669
156 2788
156 2804
156 2934
156 2943
156 3113
156 3164
156 3210
156 3503
156 3540
156 3560
156 3570
156 3822
156 3882
156 3934
156 4011
156 4265
156 4343
156 4402
157 175
157 179
157 190
157 196
157 199
157 238
157 252
157 262
157 274
157 287
157 290
157 296
157 297
157 298
157 301
157 308
157 315
157 318
157 322
157 414
157 415
157 416
157 429
157 438
157 443
157 457
157 463
157 468
157 471
157 478
157 497
157 505
157 512
157 530
157 534
157 538
157 544
157 555
157 561
157 569
157 584
157 594
157 602
157 606
157 621
157 625
157 626
157 642
157 668
157 670
157 677
157 680
157 693
157 699
157 705
157 718
157 731
157 746
157 751
157 769
157 776
157 784
157 787
157 790
157 798
157 800
157 802
157 805
157 807
157 810
157 812
157 830
157 833
157 853
157 862
157 871
157 876
157 915
157 954
157 960
157 969
157 980
157 991
157 1001
157 1018
157 1020
157 1024
157 1025
157 1032
157 1034
157 1044
157 1060
157 1069
157 1074
157 1102
157 1113
157 1116
157 1119
157 1123
157 1150
157 1154
157 1161
157 1173
157 1180
157 1184
157 1204
157 1207
157 1212
157 1222
157 1231
157 1236
157 1237
157 1242
157 1288
157 1313
157 1323
157 1344
157 1345
157 1375
157 1378
157 1397
157 1412
157 1436
157 1438
157 1448
157 1476
157 1487
157 1500
157 1502
157 1510
157 1533
157 1551
157 1552
157 1564
157 1565
157 1588
157 1593
157 1598
157 1602
157 1610
157 1612
157 1615
157 1618
157 1632
157 1644
157 1659
157 1670
157 1675
157 1679
157 1685
157 1686
157 1698
157 1746
157 1760
157 1782
157 1812
157 1835
157 1895
157 1904
157 1910
157 1915
157 1918
157 1921
157 1923
157 1938
157 1941
157 1962
157 1988
157 2014
157 2018
157 2024
157 2031
157 2056
157 2057
157 2059
157 2065
157 2077
157 2083
157 2124
157 2131
157 2154
157 2167
157 2170
157 2174
157 2202
157 2207
157 2215
157 2216
157 2223
157 2228
157 2240
157 2247
157 2258
157 2268
157 2277
157 2307
157 2310
157 2320
157 2323
157 2339
157 2344
157 2345
157 2346
157 2355
157 2369
157 2385
157 2391
157 2399
157 2402
157 2411
157 2433
157 2435
157 2437
157 2452
157 2460
157 2464
157 2475
157 2500
157 2512
157 2515
157 2522
157 2542
157 2569
157 2575
157 2576
157 2584
157 2585
157 2586
157 2587
157 2610
157 2638
157 2640
157 2651
157 2654
157 2668
157 2707
157 2714
157 2716
157 2725
157 2741
157 2749
157 2754
157 2757
157 2792
157 2806
157 2812
157 2819
157 2829
157 2838
157 2843
157 2844
157 2849
157 2886
157 2908
157 2919
157 2921
157 2926
157 2942
157 2944
157 2952
157 2963
157 2973
157 2975
157 2983
157 2985
157 2988
157 3000
157 3026
157 3036
157 3050
157 3067
157 3089
157 3105
157 3113
157 3116
157 3127
157 3134
157 3142
157 3155
157 3158
157 3159
157 3161
157 3171
157 3173
157 3180
157 3188
157 3193
157 3199
157 3233
157 3239
157 3261
157 3308
157 3343
157 3347
157 3350
157 3354
157 3360
157 3364
157 3369
157 3380
157 3383
157 3385
157 3412
157 3414
157 3415
157 3422
157 3427
157 3428
157 3441
157 3456
157 3469
157 3470
157 3475
157 3482
157 3500
157 3513
157 3538
157 3542
157 3557
157 3631
157 3649
157 3652
157 3656
157 3657
157 3679
157 3693
157 3707
157 3734
157 3735
157 3751
157 3752
157 3755
157 3769
157 3785
157 3793
157 3811
157 3813
157 3827
157 3831
157 3832
157 3841
157 3854
157 3863
157 3898
157 3900
157 3941
157 3945
157 3964
157 3987
157 4010
157 4014
157 4025
157 4032
157 4048
157 4063
157 4090
157 4101
157 4102
157 4115
157 4121
157 4123
157 4127
157 4150
157 4164
157 4176
157 4247
157 4252
157 4261
157 4267
157 4317
157 4328
157 4362
157 4369
157 4375
157 4391
157 4408
157 4417
157 4420
157 4422
157 4423
157 4424
157 4441
157 4466
157 4483
157 4485
158 634
158 719
158 788
158 1133
158 1661
158 1681
158 1983
158 2043
158 2283
158 2503
158 3130
158 3219
158 3518
158 4027
158 4269
159 181
159 215
159 250
159 285
159 292
159 334
159 400
159 405
159 454
159 519
159 579
159 614
159 686
159 806
159 826
159 885
159 886
159 904
159 922
159 938
159 984
159 1007
159 1054
159 1060
159 1069
159 1085
159 1087
159 1131
159 1136
159 1137
159 1294
159 1303
159 1325
159 1445
159 1449
159 1466
159 1524
159 1594
159 1607
159 1682
159 1763
159 1771
159 1857
159 1868
159 1913
159 2013
159 2040
159 2089
159 2129
159 2198
159 2200
159 2248
159 2273
159 2375
159 2385
159 2490
159 2506
159 2537
159 2553
159 2611
159 2632
159 2637
159 2682
159 2708
159 2736
159 2800
159 2802
159 2849
159 2854
159 2864
159 2869
159 2913
159 2953
159 2961
159 2971
159 2981
159 3015
159 3073
159 3176
159 3244
159 3317
159 3378
159 3402
159 3468
159 3476
159 3497
159 3531
159 3603
159 3629
159 3633
159 3667
159 3677
159 3682
159 3826
159 3836
159 3906
159 3910
159 3953
159 4067
159 4115
159 4120
159 4135
159 4146
159 4151
159 4166
159 4192
159 4214
159 4228
159 4241
159 4268
159 4405
159 4421
159 4430
159 4438
159 4448
159 4476
160 306
160 313
160 427
160 485
160 553
160 560
160 573
160 640
160 821
160 900
160 931
160 1206
160 1758
160 1864
160 1916
160 1983
160 2120
160 2287
160 2290
160 2309
160 2422
160 2589
160 2631
160 2837
160 2910
160 3252
160 3413
160 3468
160 3654
160 4021
160 4294
160 4432
160 4461
161 168
161 305
161 366
161 371
161 410
161 432
161 576
161 721
161 1094
161 1330
161 1566
161 1726
161 2183
161 2187
161 2262
161 2408
161 2423
161 2711
161 2820
161 2830
161 2875
161 3269
161 3459
161 3528
161 3700
161 3712
161 3778
161 4017
161 4040
162 219
162 221
162 727
162 943
162 948
162 1281
162 1597
162 1621
162 1658
162 1885
162 2160
162 2428
162 2765
162 2862
162 3113
162 3151
162 3224
162 3468
162 3628
162 3743
162 3823
162 4132
162 4175
162 4251
163 185
163 207
163 237
163 243
163 261
163 275
163 303
163 306
163 340
163 349
163 369
163 407
163 424
163 427
163 458
163 460
163 462
163 464
163 493
163 496
163 509
163 512
163 548
163 552
163 559
163 575
163 591
163 593
163 607
163 619
163 656
163 660
163 662
163 687
163 743
163 779
163 786
163 819
163 853
163 855
163 858
163 873
163 890
163 939
163 970
163 1005
163 1058
163 1139
163 1179
163 1198
163 1206
163 1234
163 1273
163 1328
163 1357
163 1359
163 1368
163 1376
163 1385
163 1399
163 1409
163 1414
163 1425
163 1446
163 1447
163 1452
163 1475
163 1496
163 1511
163 1527
163 1535
163 1575
163 1628
163 1638
163 1682
163 1693
163 1712
163 1715
163 1737
163 1748
163 1764
163 1766
163 1791
163 1797
163 1826
163 1866
163 1895
163 1948
163 1956
163 1977
163 1979
163 1982
163 1983
163 2028
163 2037
163 2049
163 2071
163 2114
163 2130
163 2149
163 2155
163 2166
163 2270
163 2300
163 2334
163 2357
163 2404
163 2430
163 2431
163 2491
163 2501
163 2555
163 2583
163 2589
163 2592
163 2614
163 2628
163 2631
163 2649
163 2656
163 2660
163 2735
163 2751
163 2771
163 2781
163 2806
163 2830
163 2838
163 2850
163 2863
163 2867
163 3010
163 3011
163 3017
163 3023
163 3024
163 3034
163 3058
163 3064
163 3081
163 3082
163 3123
163 3124
163 3131
163 3170
163 3178
163 3189
163 3194
163 3213
163 3225
163 3237
163 3252
163 3265
163 3275
163 3290
163 3321
163 3331
163 3404
163 3405
163 3436
163 3458
163 3501
163 3510
163 3519
163 3541
163 3565
163 3589
163 3638
163 3654
163 3666
163 3678
163 3697
163 3742
163 3758
163 3762
163 3776
163 3777
163 3837
163 3875
163 3908
163 3950
163 3983
163 4037
163 4057
163 4076
163 4095
163 4131
163 4134
163 4181
163 4240
163 4242
163 4250
163 4260
163 4272
163 4292
163 4309
163 4316
163 4326
163 4330
163 4347
163 4360
163 4377
163 4425
163 4431
163 4432
163 4450
163 4470
163 4482
164 167
164 182
164 339
164 345
164 441
164 476
164 515
164 585
164 609
164 661
164 674
164 710
164 711
164 848
164 849
164 892
164 909
164 943
164 1040
164 1202
164 1274
164 1367
164 1379
164 1508
164 1547
164 1560
164 1658
164 1700
164 1790
164 1834
164 1911
164 2084
164 2120
164 2161
164 2188
164 2343
164 2597
164 2599
164 2626
164 2641
164 2730
164 2769
164 2940
164 3088
164 3100
164 3186
164 3205
164 3231
164 3297
164 3409
164 3434
164 3468
164 3563
164 3594
164 3622
164 3732
164 3733
164 3867
164 3868
164 3873
164 3876
164 3916
164 3925
164 3935
164 3965
164 4002
164 4078
164 4089
164 4103
164 4141
164 4161
164 4171
164 4231
164 4300
164 4315
164 4359
164 4361
164 4393
164 4480
165 3216
165 3602
165 4015
166 180
166 197
166 721
166 794
166 1021
166 1061
166 1366
166 1557
166 2171
166 2341
166 2474
166 3746
166 3778
166 3853
166 4137
167 338
167 339
167 345
167 428
167 483
167 585
167 609
167 661
167 943
167 983
167 989
167 1274
167 1308
167 1379
167 1790
167 2084
167 2120
167 2151
167 2203
167 2343
167 2443
167 2514
167 2599
167 2608
167 2641
167 2769
167 2940
167 3100
167 3186
167 3204
167 3205
167 3238
167 3297
167 3409
167 3434
167 3468
167 3622
167 3642
167 3732
167 3733
167 3868
167 3873
167 3925
167 3935
167 4002
167 4141
167 4171
168 191
168 211
168 239
168 254
168 279
168 291
168 305
168 356
168 371
168 376
168 410
168 461
168 551
168 683
168 721
168 794
168 869
168 978
168 1061
168 1084
168 1094
168 1128
168 1170
168 1181
168 1228
168 1235
168 1261
168 1361
168 1444
168 1501
168 1557
168 1634
168 1729
168 1741
168 1752
168 1773
168 1842
168 1853
168 1873
168 1878
168 1929
168 1967
168 2005
168 2171
168 2183
168 2208
168 2222
168 2329
168 2341
168 2470
168 2474
168 2607
168 2669
168 2694
168 2775
168 2804
168 2820
168 2939
168 2957
168 2994
168 3007
168 3008
168 3014
168 3043
168 3241
168 3269
168 3540
168 3630
168 3671
168 3700
168 3816
168 3853
168 3934
168 3993
168 4039
168 4077
168 4137
168 4143
168 4190
168 4195
168 4246
168 4279
168 4378
168 4402
168 4412
168 4435
168 4456
168 4463
168 4474
169 3303
169 3468
169 4467
170 197
170 328
170 501
170 502
170 527
170 568
170 620
170 804
170 1196
170 1455
170 1843
170 1986
170 2312
170 2543
170 2706
170 2777
170 3242
170 3489
170 3580
170 3655
170 3992
170 4126
170 4152
171 513
171 704
171 738
171 885
171 886
171 934
171 1007
171 1394
171 1466
171 1520
171 1857
171 1913
171 1934
171 2235
171 2444
171 2506
171 2507
171 2632
171 2674
171 2802
171 2854
171 2866
171 2981
171 3176
171 3468
171 3531
171 3600
171 3633
171 3682
171 3836
171 3982
171 4041
171 4204
171 4228
171 4295
171 4310
171 4428
172 193
172 673
172 814
172 946
172 1008
172 1353
172 1630
172 2122
172 2296
172 2386
172 2497
172 2756
172 3387
172 3705
172 3727
172 3956
172 4015
173 178
173 183
173 187
173 190
173 195
173 230
173 246
173 276
173 288
173 301
173 313
173 346
173 368
173 382
173 430
173 442
173 485
173 543
173 547
173 553
173 572
173 573
173 574
173 578
173 581
173 586
173 623
173 627
173 640
173 647
173 650
173 729
173 736
173 765
173 781
173 847
173 903
173 908
173 923
173 925
173 926
173 931
173 952
173 991
173 1011
173 1015
173 1017
173 1060
173 1064
173 1069
173 1078
173 1081
173 1091
173 1105
173 1110
173 1149
173 1152
173 1176
173 1178
173 1192
173 1251
173 1257
173 1268
173 1292
173 1298
173 1299
173 1320
173 1326
173 1337
173 1351
173 1362
173 1373
173 1405
173 1406
173 1424
173 1426
173 1450
173 1454
173 1480
173 1485
173 1507
173 1522
173 1537
173 1543
173 1550
173 1582
173 1592
173 1647
173 1651
173 1664
173 1684
173 1686
173 1702
173 1705
173 1747
173 1751
173 1758
173 1775
173 1786
173 1815
173 1844
173 1864
173 1869
173 1871
173 1877
173 1880
173 1954
173 1973
173 1982
173 2015
173 2049
173 2069
173 2088
173 2095
173 2104
173 2115
173 2123
173 2178
173 2226
173 2227
173 2238
173 2249
173 2285
173 2298
173 2366
173 2387
173 2392
173 2414
173 2415
173 2420
173 2422
173 2423
173 2450
173 2456
173 2457
173 2476
173 2480
173 2485
173 2496
173 2535
173 2564
173 2594
173 2598
173 2622
173 2629
173 2652
173 2659
173 2683
173 2698
173 2699
173 2726
173 2727
173 2732
173 2740
173 2743
173 2780
173 2801
173 2805
173 2806
173 2821
173 2838
173 2855
173 2869
173 2907
173 2909
173 2948
173 3033
173 3061
173 3067
173 3111
173 3113
173 3129
173 3147
173 3151
173 3170
173 3175
173 3181
173 3185
173 3187
173 3198
173 3220
173 3261
173 3264
173 3349
173 3369
173 3392
173 3417
173 3430
173 3432
173 3436
173 3478
173 3485
173 3515
173 3520
173 3528
173 3562
173 3586
173 3615
173 3627
173 3647
173 3672
173 3708
173 3710
173 3715
173 3720
173 3728
173 3736
173 3737
173 3739
173 3767
173 3782
173 3784
173 3802
173 3812
173 3819
173 3847
173 3850
173 3854
173 3857
173 3862
173 3878
173 3893
173 3897
173 3955
173 3961
173 3977
173 3991
173 3998
173 4008
173 4020
173 4021
173 4040
173 4042
173 4052
173 4056
173 4090
173 4113
173 4115
173 4132
173 4138
173 4147
173 4153
173 4174
173 4185
173 4188
173 4193
173 4196
173 4202
173 4236
173 4262
173 4270
173 4290
173 4293
173 4298
173 4312
173 4313
173 4370
173 4383
173 4403
173 4469
173 4479
173 4486
174 790
174 1130
174 3113
175 1510
175 2983
175 3089
175 3116
175 3656
175 3752
175 4267
176 226
176 324
176 378
176 439
176 508
176 564
176 639
176 665
176 682
176 840
176 841
176 941
176 1042
176 1080
176 1104
176 1114
176 1263
176 1309
176 1498
176 1534
176 1539
176 1627
176 1717
176 1745
176 1784
176 1831
176 1874
176 1897
176 2119
176 2321
176 2351
176 2390
176 2436
176 2484
176 2533
176 2579
176 2634
176 2997
176 3063
176 3113
176 3307
176 3344
176 3481
176 3606
176 3691
176 3849
176 3874
176 4094
176 4119
176 4367
176 4387
177 178
177 195
177 210
177 288
177 313
177 346
177 368
177 543
177 547
177 572
177 586
177 736
177 1017
177 1078
177 1091
177 1143
177 1176
177 1225
177 1351
177 1402
177 1507
177 1550
177 1582
177 1651
177 1751
177 1808
177 1869
177 2098
177 2182
177 2305
177 2446
177 2450
177 2619
177 2659
177 2699
177 2726
177 3076
177 3084
177 3113
177 3181
177 3264
177 3299
177 3417
177 3452
177 3478
177 3715
177 3784
177 3812
177 3819
177 3878
177 3897
177 4008
177 4021
177 4043
177 4052
177 4056
177 4138
177 4174
177 4185
177 4352
177 4389
177 4433
178 195
178 288
178 301
178 313
178 343
178 346
178 430
178 442
178 543
178 547
178 573
178 578
178 586
178 606
178 627
178 640
178 647
178 736
178 765
178 781
178 847
178 923
178 925
178 926
178 980
178 1017
178 1078
178 1091
178 1105
178 1186
178 1243
178 1251
178 1257
178 1292
178 1298
178 1299
178 1326
178 1337
178 1351
178 1373
178 1406
178 1422
178 1450
178 1470
178 1480
178 1507
178 1543
178 1550
178 1554
178 1664
178 1684
178 1702
178 1727
178 1747
178 1758
178 1808
178 1815
178 1864
178 1871
178 1973
178 2095
178 2115
178 2135
178 2178
178 2205
178 2238
178 2285
178 2366
178 2368
178 2392
178 2414
178 2420
178 2442
178 2450
178 2594
178 2619
178 2622
178 2659
178 2666
178 2678
178 2696
178 2699
178 2726
178 2732
178 2801
178 2821
178 3061
178 3111
178 3113
178 3129
178 3170
178 3273
178 3299
178 3417
178 3436
178 3478
178 3515
178 3521
178 3528
178 3615
178 3647
178 3710
178 3715
178 3728
178 3737
178 3767
178 3784
178 3878
178 3897
178 4021
178 4042
178 4056
178 4138
178 4174
178 4188
178 4194
178 4196
178 4236
178 4262
178 4270
178 4290
178 4298
178 4312
178 4313
178 4389
178 4469
178 4479
178 4486
179 252
179 626
179 787
179 862
179 915
179 1034
179 1173
179 1231
179 1288
179 1487
179 1588
179 2024
179 2215
179 2339
179 2437
179 2515
179 2654
179 2921
179 3000
179 3105
179 3193
179 3239
179 3308
179 3557
179 4025
180 188
180 366
180 410
180 461
180 655
180 721
180 794
180 843
180 1056
180 1216
180 1456
180 1483
180 1557
180 1634
180 1833
180 1924
180 2177
180 2341
180 2384
180 2718
180 2815
180 2823
180 2917
180 2957
180 3109
180 3150
180 3157
180 3269
180 3288
180 3352
180 3568
180 3700
180 3712
180 4143
180 4195
181 215
181 244
181 250
181 398
181 454
181 704
181 757
181 820
181 885
181 1007
181 1054
181 1087
181 1136
181 1137
181 1223
181 1277
181 1294
181 1325
181 1341
181 1466
181 1524
181 1594
181 1607
181 1857
181 1970
181 2134
181 2198
181 2248
181 2273
181 2291
181 2394
181 2632
181 2708
181 2789
181 2802
181 3027
181 3095
181 3103
181 3176
181 3244
181 3468
181 3477
181 3497
181 3593
181 3596
181 3633
181 3677
181 3696
181 3714
181 3747
181 3836
181 4074
181 4135
181 4214
181 4227
181 4268
181 4421
181 4448
181 4476
182 476
182 516
182 674
182 715
182 848
182 892
182 909
182 948
182 1453
182 1508
182 1599
182 1700
182 1804
182 1834
182 1843
182 2175
182 2253
182 2257
182 2343
182 2360
182 2419
182 2443
182 2477
182 2544
182 3070
182 3100
182 3340
182 3409
182 3468
182 3563
182 3750
182 3814
182 3868
182 3876
182 3916
182 3965
182 4002
182 4103
182 4231
182 4297
182 4315
183 343
183 368
183 430
183 498
183 586
183 627
183 736
183 781
183 903
183 926
183 1011
183 1110
183 1149
183 1185
183 1226
183 1251
183 1405
183 1406
183 1450
183 1480
183 1485
183 1684
183 1702
183 1758
183 1815
183 1973
183 2095
183 2098
183 2104
183 2115
183 2178
183 2238
183 2387
183 2392
183 2414
183 2422
183 2496
183 2564
183 2622
183 2652
183 2740
183 2855
183 3033
183 3113
183 3129
183 3430
183 3478
183 3708
183 3710
183 3737
183 3767
183 3860
183 3969
183 4040
183 4042
183 4262
183 4270
183 4298
183 4312
183 4313
183 4370
183 4383
183 4469
183 4486
184 387
184 1157
184 1162
184 1557
184 2369
184 3102
184 3169
185 207
185 212
185 243
185 261
185 275
185 303
185 306
185 311
185 340
185 369
185 407
185 424
185 427
185 458
185 459
185 462
185 464
185 493
185 496
185 509
185 569
185 591
185 593
185 607
185 656
185 660
185 662
185 672
185 687
185 743
185 772
185 779
185 786
185 821
185 855
185 873
185 890
185 916
185 939
185 1005
185 1058
185 1069
185 1148
185 1153
185 1179
185 1198
185 1206
185 1208
185 1234
185 1249
185 1273
185 1300
185 1327
185 1328
185 1357
185 1359
185 1368
185 1376
185 1385
185 1399
185 1408
185 1425
185 1440
185 1446
185 1447
185 1452
185 1475
185 1496
185 1511
185 1535
185 1575
185 1579
185 1628
185 1638
185 1655
185 1664
185 1693
185 1712
185 1715
185 1737
185 1748
185 1764
185 1766
185 1791
185 1797
185 1802
185 1825
185 1826
185 1866
185 1884
185 1948
185 1956
185 1977
185 1979
185 1983
185 1993
185 2037
185 2049
185 2071
185 2130
185 2149
185 2155
185 2166
185 2200
185 2241
185 2270
185 2357
185 2404
185 2430
185 2453
185 2485
185 2501
185 2524
185 2528
185 2555
185 2583
185 2589
185 2592
185 2628
185 2631
185 2648
185 2649
185 2689
185 2744
185 2751
185 2771
185 2781
185 2806
185 2830
185 2850
185 2863
185 2867
185 2901
185 2920
185 2922
185 2954
185 3009
185 3010
185 3011
185 3017
185 3020
185 3023
185 3024
185 3034
185 3058
185 3067
185 3081
185 3082
185 3108
185 3123
185 3124
185 3131
185 3178
185 3189
185 3194
185 3195
185 3213
185 3237
185 3252
185 3265
185 3275
185 3290
185 3321
185 3331
185 3404
185 3405
185 3406
185 3501
185 3506
185 3519
185 3541
185 3564
185 3565
185 3589
185 3638
185 3654
185 3666
185 3678
185 3697
185 3742
185 3758
185 3762
185 3776
185 3791
185 3837
185 3847
185 3848
185 3875
185 3950
185 3987
185 4000
185 4037
185 4061
185 4067
185 4076
185 4090
185 4095
185 4240
185 4242
185 4250
185 4258
185 4272
185 4293
185 4307
185 4309
185 4316
185 4326
185 4330
185 4347
185 4360
185 4377
185 4425
185 4431
185 4432
185 4450
185 4470
185 4475
185 4482
186 481
186 1435
186 2038
186 2541
186 2604
186 2987
186 3468
187 230
187 498
187 557
187 1488
187 1800
187 1886
187 2095
187 2519
187 2857
187 2907
187 3033
187 3113
187 3559
187 3960
187 4212
187 4469
188 205
188 410
188 596
188 683
188 1028
188 1055
188 1261
188 1483
188 1557
188 1729
188 2384
188 2568
188 2767
188 2815
188 2925
188 3093
188 3109
188 3150
188 3540
188 3568
189 442
189 855
189 1234
189 1267
189 1273
189 1425
189 1452
189 1528
189 1766
189 1899
189 1977
189 2115
189 2155
189 2628
189 2734
189 2850
189 3005
189 3202
189 3252
189 3468
189 3478
189 3611
189 4313
190 207
190 261
190 303
190 427
190 458
190 542
190 553
190 660
190 772
190 781
190 873
190 1084
190 1100
190 1110
190 1183
190 1230
190 1273
190 1326
190 1359
190 1373
190 1450
190 1475
190 1557
190 1579
190 1771
190 1882
190 1948
190 1954
190 1979
190 1983
190 2341
190 2404
190 2422
190 2648
190 2649
190 2666
190 2726
190 2758
190 2794
190 2837
190 3113
190 3138
190 3213
190 3321
190 3413
190 3611
190 3666
190 3782
190 3910
190 4058
190 4080
190 4095
190 4193
190 4240
190 4347
190 4478
191 291
191 367
191 551
191 598
191 794
191 937
191 1084
191 1094
191 1117
191 1129
191 1261
191 1370
191 1444
191 1451
191 1557
191 1558
191 1634
191 1729
191 1752
191 1813
191 1819
191 1873
191 2063
191 2208
191 2229
191 2331
191 2341
191 2425
191 2447
191 2518
191 2609
191 2690
191 2804
191 2820
191 2939
191 2989
191 3007
191 3093
191 3241
191 3280
191 3400
191 3613
191 3650
191 3712
191 3778
191 3853
191 3904
191 3934
191 4071
191 4077
191 4143
191 4210
191 4279
191 4378
191 4435
191 4456
191 4463
191 4474
192 811
192 1557
192 1822
192 1998
192 2605
193 603
193 1531
193 1772
193 2072
193 2081
193 2386
193 3387
193 4015
194 382
194 445
194 532
194 565
194 570
194 586
194 690
194 721
194 1070
194 1084
194 1129
194 1171
194 1398
194 1426
194 1590
194 1650
194 1754
194 1788
194 1829
194 2211
194 2325
194 2416
194 2423
194 2525
194 2633
194 2664
194 2728
194 2848
194 2875
194 2996
194 3041
194 3113
194 3168
194 3214
194 3336
194 3370
194 3605
194 3767
194 3870
194 4064
194 4073
194 4116
194 4196
194 4233
194 4289
194 4339
194 4460
195 276
195 278
195 288
195 343
195 346
195 368
195 382
195 430
195 442
195 485
195 524
195 543
195 547
195 569
195 572
195 573
195 578
195 581
195 586
195 627
195 640
195 650
195 736
195 742
195 765
195 781
195 784
195 847
195 903
195 905
195 923
195 926
195 931
195 959
195 1011
195 1017
195 1078
195 1091
195 1105
195 1143
195 1149
195 1152
195 1176
195 1178
195 1183
195 1185
195 1186
195 1192
195 1226
195 1233
195 1251
195 1260
195 1268
195 1298
195 1299
195 1300
195 1320
195 1326
195 1337
195 1351
195 1373
195 1402
195 1406
195 1409
195 1424
195 1450
195 1454
195 1470
195 1503
195 1507
195 1527
195 1543
195 1550
195 1554
195 1582
195 1592
195 1643
195 1651
195 1684
195 1702
195 1730
195 1751
195 1758
195 1786
195 1808
195 1815
195 1864
195 1869
195 1871
195 1973
195 2056
195 2095
195 2098
195 2115
195 2135
195 2182
195 2238
195 2249
195 2285
195 2300
195 2305
195 2366
195 2368
195 2392
195 2414
195 2415
195 2420
195 2422
195 2442
195 2450
195 2476
195 2564
195 2594
195 2598
195 2619
195 2652
195 2659
195 2666
195 2699
195 2701
195 2726
195 2732
195 2743
195 2774
195 2780
195 2801
195 2888
195 2948
195 2950
195 3033
195 3051
195 3061
195 3066
195 3076
195 3111
195 3113
195 3129
195 3147
195 3181
195 3264
195 3299
195 3311
195 3392
195 3394
195 3417
195 3430
195 3464
195 3478
195 3515
195 3520
195 3521
195 3528
195 3615
195 3647
195 3710
195 3715
195 3728
195 3737
195 3739
195 3767
195 3782
195 3784
195 3812
195 3819
195 3850
195 3878
195 3893
195 3897
195 3955
195 3961
195 4008
195 4021
195 4042
195 4052
195 4056
195 4067
195 4113
195 4138
195 4153
195 4174
195 4185
195 4188
195 4194
195 4236
195 4262
195 4270
195 4290
195 4298
195 4312
195 4313
195 4319
195 4352
195 4370
195 4383
195 4389
195 4422
195 4483
195 4486
195 4488
196 287
196 322
196 414
196 416
196 457
196 468
196 534
196 594
196 625
196 626
196 668
196 680
196 800
196 1034
196 1438
196 1598
196 1760
196 1904
196 2018
196 2059
196 2170
196 2215
196 2437
196 2452
196 2515
196 2731
196 2829
196 2942
196 3158
196 3188
196 3364
196 3427
197 269
197 359
197 431
197 446
197 495
197 501
197 527
197 620
197 705
197 1032
197 1196
197 1455
197 1621
197 2103
197 2400
197 2706
197 3392
197 3430
197 3489
197 3728
197 3838
197 3990
197 4126
197 4152
198 245
198 293
198 550
198 752
198 927
198 1088
198 1117
198 1124
198 1532
198 1620
198 2260
198 2303
198 2370
198 2788
198 2804
198 2916
198 3013
198 3113
198 3291
198 3382
198 3503
198 3648
198 3668
198 3822
198 4011
198 4055
198 4114
198 4404
199 1323
199 4267
200 344
200 404
200 465
200 531
200 1064
200 1673
200 1877
200 1881
200 2167
200 2446
200 2724
200 2882
200 3119
200 3409
200 3472
200 3533
200 3800
200 4149
200 4205
200 4301
200 4340
201 277
201 362
201 447
201 661
201 715
201 913
201 1107
201 1248
201 1274
201 1343
201 1401
201 1508
201 1599
201 1701
201 1834
201 1933
201 1990
201 2006
201 2032
201 2120
201 2188
201 2204
201 2234
201 2332
201 2336
201 2343
201 2443
201 2513
201 2514
201 2538
201 2544
201 2608
201 2868
201 3060
201 3079
201 3205
201 3231
201 3257
201 3277
201 3281
201 3341
201 3368
201 3411
201 3451
201 3468
201 3534
201 3563
201 3609
201 3622
201 3750
201 3787
201 3820
201 3873
201 3954
201 4253
201 4255
201 4306
201 4314
201 4345
201 4350
202 506
202 553
202 783
202 1001
202 1027
202 1387
202 1455
202 1483
202 1505
202 1613
202 1614
202 1966
202 1971
202 2348
202 2588
202 2780
202 2791
202 2986
202 3484
202 3615
202 3980
202 4028
202 4183
202 4286
202 4288
202 4333
203 220
203 944
203 1557
203 3712
204 1415
204 1856
204 2201
204 2220
204 2376
204 2448
204 2581
204 2814
204 3313
204 3322
204 3391
204 3684
204 3929
204 3969
204 4015
205 309
205 486
205 683
205 794
205 1557
205 1614
205 1929
205 1930
205 2183
205 2341
205 2675
205 3157
205 3877
206 721
206 742
206 1170
206 1512
206 1557
206 1569
206 1572
206 1611
206 1669
206 1752
206 1813
206 1972
206 2104
206 2107
206 2590
206 2859
206 3048
206 3078
206 3113
206 3159
206 3193
206 3359
206 3435
206 3682
206 3838
206 4254
206 4279
206 4380
207 237
207 243
207 261
207 275
207 303
207 311
207 340
207 349
207 369
207 407
207 424
207 458
207 459
207 460
207 462
207 493
207 496
207 509
207 548
207 575
207 591
207 593
207 607
207 623
207 635
207 656
207 660
207 662
207 672
207 687
207 743
207 772
207 779
207 786
207 855
207 873
207 890
207 939
207 954
207 970
207 980
207 995
207 1005
207 1058
207 1069
207 1150
207 1154
207 1166
207 1179
207 1198
207 1206
207 1234
207 1243
207 1273
207 1327
207 1328
207 1352
207 1357
207 1359
207 1365
207 1368
207 1385
207 1399
207 1414
207 1425
207 1440
207 1446
207 1447
207 1452
207 1475
207 1496
207 1511
207 1575
207 1628
207 1638
207 1655
207 1693
207 1712
207 1715
207 1737
207 1748
207 1764
207 1791
207 1797
207 1825
207 1826
207 1866
207 1884
207 1948
207 1956
207 1979
207 1983
207 2028
207 2037
207 2071
207 2114
207 2130
207 2149
207 2155
207 2166
207 2199
207 2241
207 2270
207 2294
207 2357
207 2404
207 2430
207 2453
207 2501
207 2555
207 2589
207 2592
207 2614
207 2628
207 2648
207 2649
207 2656
207 2751
207 2781
207 2830
207 2850
207 2863
207 2920
207 2954
207 3010
207 3011
207 3017
207 3020
207 3023
207 3024
207 3034
207 3058
207 3064
207 3082
207 3123
207 3131
207 3178
207 3189
207 3191
207 3194
207 3195
207 3213
207 3237
207 3252
207 3265
207 3275
207 3290
207 3321
207 3331
207 3354
207 3404
207 3405
207 3413
207 3501
207 3556
207 3565
207 3583
207 3589
207 3638
207 3654
207 3666
207 3678
207 3697
207 3742
207 3758
207 3762
207 3837
207 3848
207 3875
207 3889
207 3908
207 3950
207 3983
207 3987
207 4023
207 4067
207 4076
207 4095
207 4134
207 4181
207 4240
207 4250
207 4272
207 4292
207 4307
207 4316
207 4326
207 4330
207 4347
207 4360
207 4377
207 4425
207 4431
207 4432
207 4450
207 4470
208 247
208 268
208 610
208 611
208 697
208 748
208 759
208 835
208 836
208 888
208 996
208 1431
208 1437
208 1479
208 1600
208 1972
208 2078
208 2146
208 2160
208 2256
208 2318
208 2407
208 2562
208 2796
208 2998
208 3025
208 3041
208 3113
208 3229
208 3363
208 3390
208 3527
208 3536
208 3686
208 3729
208 3748
208 4206
208 4446
208 4477
209 865
209 903
209 3113
209 4298
210 278
210 313
210 368
210 543
210 586
210 700
210 736
210 781
210 1017
210 1091
210 1176
210 1183
210 1402
210 1507
210 1550
210 1643
210 1651
210 1730
210 1747
210 1758
210 1808
210 1869
210 2182
210 2285
210 2305
210 2450
210 2476
210 2619
210 2622
210 2678
210 2699
210 2726
210 3076
210 3111
210 3113
210 3264
210 3452
210 3812
210 3819
210 4056
210 4174
210 4185
210 4236
210 4298
210 4352
211 239
211 270
211 279
211 291
211 376
211 721
211 764
211 857
211 1051
211 1061
211 1084
211 1094
211 1228
211 1235
211 1366
211 1557
211 1752
211 1813
211 1842
211 1878
211 1929
211 1930
211 2027
211 2171
211 2208
211 2341
211 2474
211 2607
211 2704
211 2804
211 2917
211 2927
211 2957
211 2994
211 3007
211 3008
211 3014
211 3043
211 3157
211 3241
211 3280
211 3540
211 3630
211 3853
211 3934
211 4039
211 4137
211 4195
211 4246
211 4279
211 4456
211 4474
212 275
212 349
212 407
212 424
212 459
212 464
212 496
212 509
212 591
212 593
212 656
212 687
212 772
212 779
212 786
212 890
212 916
212 1005
212 1058
212 1206
212 1234
212 1359
212 1368
212 1385
212 1399
212 1414
212 1425
212 1446
212 1447
212 1475
212 1575
212 1628
212 1638
212 1655
212 1712
212 1737
212 1764
212 1866
212 1948
212 1979
212 1983
212 2037
212 2155
212 2404
212 2430
212 2614
212 2628
212 2631
212 2656
212 2830
212 2863
212 3010
212 3017
212 3020
212 3023
212 3034
212 3058
212 3131
212 3178
212 3189
212 3213
212 3237
212 3252
212 3290
212 3501
212 3565
212 3638
212 3654
212 3666
212 3758
212 3889
212 3983
212 4076
212 4134
212 4181
212 4272
212 4326
212 4330
212 4347
212 4360
212 4425
212 4482
213 304
213 421
213 533
213 649
213 664
213 685
213 695
213 844
213 961
213 1009
213 1125
213 1195
213 1239
213 1271
213 1317
213 1408
213 1423
213 1601
213 1624
213 1731
213 1830
213 1925
213 1983
213 1993
213 2046
213 2068
213 2179
213 2184
213 2287
213 2290
213 2309
213 2429
213 2495
213 2566
213 2617
213 2702
213 2787
213 2810
213 3038
213 3246
213 3342
213 3425
213 3569
213 3685
213 4058
213 4145
213 4258
214 1800
214 1898
214 1905
214 2096
214 2808
214 3042
214 3113
214 4075
214 4147
214 4380
215 250
215 400
215 405
215 454
215 513
215 519
215 579
215 587
215 614
215 686
215 704
215 885
215 904
215 934
215 938
215 947
215 984
215 1007
215 1085
215 1087
215 1131
215 1136
215 1137
215 1193
215 1303
215 1466
215 1520
215 1524
215 1594
215 1607
215 1763
215 1771
215 1857
215 1963
215 2013
215 2040
215 2089
215 2198
215 2248
215 2273
215 2291
215 2449
215 2553
215 2611
215 2632
215 2637
215 2682
215 2789
215 2802
215 2913
215 3015
215 3176
215 3244
215 3270
215 3378
215 3402
215 3468
215 3476
215 3600
215 3603
215 3629
215 3633
215 3682
215 3745
215 3826
215 3836
215 3906
215 3910
215 4135
215 4151
215 4166
215 4192
215 4214
215 4241
215 4405
215 4421
215 4438
216 531
216 1140
216 1262
216 1605
216 1646
216 1942
216 2026
216 2275
216 2560
216 2593
216 2851
216 3156
216 3190
216 3348
216 3353
216 3376
216 3472
216 3473
216 3514
216 3522
216 3584
216 4015
216 4177
216 4301
216 4340
217 256
217 321
217 1580
217 2337
217 2471
217 2846
217 3113
217 3263
217 3306
217 3504
217 3659
217 4453
218 508
218 601
218 639
218 682
218 818
218 877
218 1042
218 1080
218 1104
218 1263
218 1309
218 1393
218 1504
218 1539
218 1627
218 1831
218 2025
218 2101
218 2351
218 2579
218 2634
218 2684
218 2997
218 3113
218 3285
218 3309
218 3439
218 3546
218 3598
218 3749
218 3849
218 4094
218 4387
219 613
219 709
219 727
219 932
219 997
219 1096
219 1159
219 1477
219 1569
219 1621
219 1641
219 1666
219 1726
219 1832
219 1898
219 2045
219 2080
219 2091
219 2096
219 2110
219 2160
219 2364
219 2580
219 2591
219 2817
219 3113
219 3128
219 3566
219 3823
219 3844
219 4075
219 4158
219 4303
219 4392
219 4418
220 944
220 1557
220 3696
220 3712
221 381
221 790
221 927
221 1059
221 1295
221 1500
221 2314
221 3113
221 3803
221 3823
222 226
222 240
222 324
222 378
222 439
222 508
222 564
222 601
222 612
222 639
222 665
222 682
222 818
222 840
222 841
222 877
222 981
222 1042
222 1080
222 1104
222 1221
222 1263
222 1278
222 1309
222 1393
222 1395
222 1498
222 1504
222 1534
222 1536
222 1539
222 1627
222 1665
222 1717
222 1723
222 1769
222 1784
222 1831
222 1860
222 1872
222 1874
222 1897
222 1926
222 2025
222 2093
222 2101
222 2121
222 2157
222 2316
222 2321
222 2351
222 2390
222 2436
222 2533
222 2579
222 2634
222 2650
222 2676
222 2684
222 2997
222 3101
222 3113
222 3235
222 3271
222 3285
222 3307
222 3496
222 3535
222 3598
222 3616
222 3691
222 3749
222 3770
222 3849
222 4119
222 4367
222 4387
222 4457
222 4460
223 232
223 796
223 846
223 2890
223 2965
223 3419
223 4015
223 4191
224 531
224 823
224 852
224 1141
224 2563
224 3266
224 3278
224 3421
224 4015
225 303
225 368
225 409
225 578
225 781
225 890
225 1110
225 1183
225 1399
225 1406
225 1425
225 1475
225 1786
225 1979
225 2130
225 2208
225 2430
225 2535
225 2600
225 2699
225 2771
225 2781
225 3058
225 3178
225 3181
225 3392
225 3468
225 3622
225 3710
225 3724
225 3762
225 3910
225 4008
225 4037
225 4042
225 4270
225 4294
225 4307
225 4347
225 4383
225 4478
226 378
226 508
226 564
226 639
226 840
226 841
226 877
226 941
226 979
226 1042
226 1104
226 1114
226 1263
226 1309
226 1393
226 1504
226 1534
226 1539
226 1784
226 1831
226 1872
226 1874
226 1926
226 2025
226 2316
226 2321
226 2390
226 2436
226 2484
226 2634
226 2827
226 3113
226 3235
226 3285
226 3307
226 3336
226 3344
226 3424
226 3439
226 3535
226 3598
226 3849
226 3874
226 3973
226 4451
227 490
227 502
227 842
227 878
227 1038
227 1126
227 1264
227 1321
227 1467
227 1749
227 1964
227 1986
227 2090
227 2127
227 2197
227 2250
227 2266
227 2312
227 2389
227 2409
227 2543
227 2578
227 3184
227 3494
227 3818
227 4051
227 4091
227 4148
227 4156
227 4173
227 4413
228 242
228 364
228 666
228 688
228 725
228 797
228 894
228 928
228 1063
228 1531
228 1629
228 1668
228 1722
228 1827
228 1828
228 2094
228 2173
228 2551
228 2859
228 2956
228 3094
228 3097
228 3254
228 3740
228 3796
228 3804
228 3896
228 3902
228 4015
228 4082
228 4085
228 4305
228 4337
228 4395
229 251
229 393
229 490
229 1597
229 1780
229 1966
229 2266
229 2543
229 3320
229 3509
229 3661
229 3664
229 3887
230 436
230 573
230 644
230 678
230 931
230 940
230 995
230 1233
230 1362
230 1405
230 1406
230 1422
230 1429
230 1512
230 1807
230 1937
230 2123
230 2242
230 2366
230 2480
230 2907
230 2979
230 3113
230 3399
230 3515
230 3521
230 3566
230 3646
230 3665
230 3708
230 3794
230 3810
230 3842
230 3866
230 4191
230 4194
230 4202
230 4396
231 282
231 444
231 767
231 1109
231 1983
231 2020
231 2570
231 3302
231 3641
231 3768
231 3966
231 3969
231 4187
232 2965
232 3006
232 4015
233 382
233 479
233 547
233 700
233 874
233 1143
233 1225
233 1260
233 1402
233 1651
233 1747
233 1786
233 1808
233 1869
233 2098
233 2305
233 2446
233 2619
233 2659
233 3033
233 3076
233 3113
233 3264
233 3392
233 4389
233 4433
234 863
234 953
234 2143
234 3145
234 3342
234 4285
234 4445
235 267
235 319
235 333
235 404
235 667
235 823
235 1118
235 1168
235 1172
235 1214
235 1280
235 1396
235 1604
235 1646
235 1680
235 1707
235 1975
235 2231
235 2275
235 2568
235 2900
235 3283
235 3705
235 3744
235 4015
235 4044
235 4049
235 4301
235 4394
235 4447
236 326
236 822
236 1389
236 1529
236 3228
236 3468
236 3806
236 4038
236 4371
237 243
237 261
237 311
237 340
237 407
237 458
237 462
237 509
237 552
237 656
237 662
237 779
237 786
237 855
237 858
237 1005
237 1179
237 1206
237 1234
237 1249
237 1357
237 1368
237 1376
237 1385
237 1414
237 1446
237 1447
237 1452
237 1475
237 1511
237 1579
237 1655
237 1712
237 1748
237 1766
237 1791
237 1797
237 1866
237 1979
237 1983
237 2037
237 2130
237 2334
237 2404
237 2430
237 2501
237 2555
237 2589
237 2649
237 2656
237 2751
237 2830
237 2850
237 2863
237 2867
237 2954
237 2991
237 3011
237 3017
237 3020
237 3023
237 3024
237 3123
237 3131
237 3194
237 3213
237 3237
237 3252
237 3275
237 3290
237 3321
237 3519
237 3541
237 3654
237 3762
237 3776
237 3950
237 4076
237 4139
237 4240
237 4242
237 4250
237 4309
237 4326
237 4330
237 4347
237 4377
237 4431
238 414
238 1207
238 3159
238 3498
238 3841
238 4485
239 551
239 857
239 1094
239 1228
239 1235
239 1261
239 1340
239 1444
239 1557
239 1729
239 1752
239 1842
239 1929
239 2171
239 2208
239 2341
239 2474
239 2917
239 3014
239 3043
239 3201
239 3280
239 3630
239 3853
239 3993
239 4004
239 4039
239 4137
239 4195
239 4246
239 4279
239 4412
239 4456
239 4474
240 378
240 465
240 564
240 665
240 773
240 864
240 893
240 930
240 981
240 1070
240 1104
240 1221
240 1263
240 1377
240 1395
240 1434
240 1650
240 1784
240 1860
240 1907
240 1926
240 2025
240 2042
240 2157
240 2230
240 2281
240 2316
240 2378
240 2436
240 2441
240 2468
240 2487
240 2520
240 2550
240 2804
240 3101
240 3113
240 3119
240 3250
240 3271
240 3282
240 3471
240 3754
240 3770
240 3924
240 4100
240 4169
240 4327
240 4342
240 4379
240 4381
240 4457
240 4459
241 349
241 547
241 1326
241 1363
241 1478
241 1535
241 1764
241 1871
241 2037
241 2041
241 2556
241 2612
241 2804
241 2824
241 3010
241 3058
241 3685
241 4023
241 4309
242 248
242 255
242 357
242 373
242 446
242 470
242 473
242 510
242 603
242 666
242 716
242 760
242 796
242 797
242 901
242 928
242 1035
242 1079
242 1169
242 1224
242 1324
242 1428
242 1526
242 1531
242 1581
242 1619
242 1629
242 1668
242 1772
242 1810
242 1824
242 1827
242 1828
242 1851
242 1890
242 1935
242 1943
242 1944
242 1958
242 1969
242 2036
242 2048
242 2075
242 2094
242 2137
242 2193
242 2317
242 2472
242 2497
242 2523
242 2551
242 2642
242 2713
242 2795
242 2859
242 2878
242 2933
242 2956
242 2966
242 3031
242 3094
242 3097
242 3122
242 3254
242 3374
242 3571
242 3716
242 3740
242 3741
242 3796
242 3804
242 3896
242 4015
242 4082
242 4085
242 4189
242 4304
242 4305
242 4337
242 4395
243 261
243 275
243 301
243 303
243 306
243 311
243 340
243 349
243 369
243 407
243 424
243 427
243 458
243 459
243 460
243 462
243 464
243 474
243 493
243 496
243 509
243 524
243 552
243 562
243 574
243 575
243 580
243 591
243 593
243 607
243 619
243 656
243 660
243 662
243 672
243 687
243 743
243 772
243 779
243 786
243 819
243 855
243 873
243 890
243 939
243 959
243 970
243 975
243 1005
243 1012
243 1058
243 1082
243 1179
243 1198
243 1206
243 1234
243 1249
243 1273
243 1300
243 1327
243 1328
243 1357
243 1359
243 1368
243 1376
243 1385
243 1399
243 1409
243 1414
243 1425
243 1440
243 1446
243 1447
243 1452
243 1475
243 1496
243 1511
243 1535
243 1575
243 1579
243 1628
243 1638
243 1655
243 1686
243 1696
243 1712
243 1737
243 1748
243 1764
243 1766
243 1791
243 1797
243 1806
243 1825
243 1826
243 1841
243 1866
243 1884
243 1948
243 1956
243 1977
243 1979
243 1983
243 2028
243 2037
243 2047
243 2071
243 2114
243 2130
243 2149
243 2155
243 2166
243 2199
243 2205
243 2241
243 2270
243 2288
243 2334
243 2357
243 2404
243 2430
243 2453
243 2491
243 2501
243 2524
243 2555
243 2558
243 2565
243 2583
243 2589
243 2592
243 2614
243 2628
243 2631
243 2648
243 2649
243 2656
243 2701
243 2747
243 2751
243 2771
243 2774
243 2781
243 2811
243 2830
243 2850
243 2863
243 2867
243 2904
243 2954
243 3010
243 3011
243 3017
243 3020
243 3023
243 3024
243 3034
243 3058
243 3064
243 3081
243 3082
243 3123
243 3131
243 3175
243 3178
243 3189
243 3194
243 3195
243 3213
243 3225
243 3237
243 3252
243 3261
243 3265
243 3275
243 3290
243 3321
243 3331
243 3354
243 3404
243 3405
243 3406
243 3413
243 3501
243 3519
243 3541
243 3565
243 3583
243 3589
243 3638
243 3654
243 3666
243 3675
243 3678
243 3697
243 3742
243 3758
243 3762
243 3776
243 3837
243 3848
243 3875
243 3889
243 3908
243 3950
243 3983
243 4076
243 4095
243 4115
243 4117
243 4131
243 4134
243 4139
243 4181
243 4216
243 4240
243 4242
243 4250
243 4272
243 4307
243 4309
243 4316
243 4326
243 4330
243 4331
243 4347
243 4360
243 4377
243 4425
243 4431
243 4432
243 4441
243 4450
243 4470
243 4482
244 757
244 1054
244 1137
244 1294
244 1325
244 1332
244 1341
244 1524
244 1970
244 2136
244 2802
244 2816
244 2911
244 3027
244 3103
244 3402
244 3468
244 3477
244 3677
244 4074
244 4227
244 4476
245 254
245 293
245 295
245 550
245 752
245 921
245 927
245 1088
245 1124
245 1532
245 1566
245 1620
245 1955
245 2063
245 2260
245 2284
245 2303
245 2370
245 2517
245 2521
245 2526
245 2545
245 2603
245 2669
245 2788
245 2804
245 2875
245 2916
245 3013
245 3113
245 3291
245 3540
245 3648
245 3668
245 3816
245 3822
245 3882
245 4011
245 4055
245 4109
245 4114
245 4343
245 4402
245 4404
246 382
246 485
246 627
246 631
246 647
246 700
246 742
246 847
246 874
246 905
246 1064
246 1076
246 1078
246 1105
246 1110
246 1129
246 1298
246 1362
246 1450
246 1457
246 1485
246 1522
246 1582
246 1684
246 1707
246 1814
246 1844
246 1877
246 1905
246 2015
246 2088
246 2115
246 2123
246 2135
246 2178
246 2227
246 2249
246 2298
246 2392
246 2422
246 2535
246 2594
246 2622
246 2683
246 2805
246 2821
246 2855
246 2881
246 2948
246 3033
246 3113
246 3129
246 3151
246 3185
246 3198
246 3220
246 3299
246 3430
246 3432
246 3586
246 3728
246 3737
246 3814
246 3961
246 4020
246 4188
246 4193
246 4313
246 4374
246 4383
247 268
247 697
247 759
247 835
247 888
247 996
247 1431
247 1437
247 1600
247 1972
247 2146
247 2256
247 2318
247 2407
247 2547
247 2562
247 2796
247 2998
247 3025
247 3113
247 3152
247 3229
247 3363
247 3390
247 3527
247 3536
247 3686
247 3729
247 4206
247 4446
247 4477
248 357
248 373
248 446
248 473
248 510
248 603
248 919
248 946
248 1169
248 1324
248 1371
248 1428
248 1581
248 1619
248 1719
248 1772
248 1810
248 1848
248 1851
248 1958
248 1969
248 2048
248 2137
248 2261
248 2497
248 2642
248 2745
248 2746
248 2797
248 2859
248 2878
248 3094
248 3117
248 3374
248 3571
248 3721
248 3741
248 3796
248 3943
248 4015
248 4082
248 4110
248 4189
248 4271
248 4305
249 796
249 846
249 2021
249 2133
249 2818
249 2890
249 2965
249 3419
249 3461
249 3618
249 3909
249 4015
249 4368
250 271
250 334
250 398
250 400
250 405
250 431
250 454
250 519
250 587
250 614
250 686
250 704
250 706
250 757
250 820
250 885
250 904
250 922
250 934
250 938
250 947
250 1007
250 1085
250 1087
250 1131
250 1136
250 1137
250 1223
250 1294
250 1466
250 1594
250 1763
250 1771
250 1781
250 1857
250 1863
250 1868
250 1970
250 2089
250 2129
250 2198
250 2273
250 2396
250 2506
250 2611
250 2632
250 2637
250 2674
250 2789
250 2800
250 2802
250 2854
250 2913
250 2971
250 3015
250 3103
250 3244
250 3270
250 3317
250 3326
250 3378
250 3402
250 3468
250 3497
250 3531
250 3596
250 3603
250 3629
250 3633
250 3673
250 3677
250 3745
250 3747
250 3826
250 3836
250 3910
250 3953
250 4135
250 4166
250 4192
250 4214
250 4222
250 4266
250 4400
250 4421
250 4448
251 490
251 676
251 842
251 1073
251 1187
251 1482
251 1595
251 1986
251 2191
251 2250
251 2389
251 2454
251 2527
251 2543
251 2561
251 2690
251 2835
251 3407
251 3494
251 3818
251 4091
251 4409
251 4413
252 287
252 308
252 414
252 416
252 468
252 544
252 561
252 594
252 625
252 626
252 668
252 787
252 798
252 800
252 802
252 862
252 915
252 1001
252 1034
252 1113
252 1119
252 1173
252 1231
252 1236
252 1288
252 1378
252 1552
252 1565
252 1588
252 1598
252 1618
252 1760
252 1904
252 1918
252 2018
252 2057
252 2131
252 2215
252 2339
252 2437
252 2500
252 2515
252 2668
252 2921
252 2942
252 3000
252 3155
252 3158
252 3364
252 3412
252 3427
252 3557
253 407
253 547
253 640
253 656
253 873
253 1131
253 1379
253 1385
253 1424
253 1454
253 1866
253 1983
253 2003
253 2287
253 2290
253 2356
253 2535
253 2564
253 2649
253 2830
253 3023
253 3033
253 3113
253 3237
253 3710
253 3848
253 3897
253 3950
253 4193
253 4470
254 279
254 382
254 383
254 491
254 551
254 565
254 567
254 658
254 748
254 752
254 759
254 794
254 921
254 978
254 1084
254 1088
254 1094
254 1117
254 1129
254 1170
254 1171
254 1261
254 1361
254 1362
254 1426
254 1500
254 1501
254 1509
254 1650
254 1741
254 1752
254 1788
254 1800
254 1829
254 1842
254 1929
254 2063
254 2086
254 2208
254 2260
254 2284
254 2302
254 2303
254 2313
254 2341
254 2407
254 2517
254 2596
254 2603
254 2664
254 2728
254 2788
254 2804
254 2934
254 2939
254 3041
254 3043
254 3113
254 3115
254 3164
254 3210
254 3291
254 3363
254 3503
254 3504
254 3540
254 3570
254 3605
254 3630
254 3660
254 3671
254 3816
254 3819
254 3882
254 3913
254 3934
254 3949
254 3967
254 4011
254 4039
254 4073
254 4077
254 4116
254 4196
254 4244
254 4265
254 4343
254 4378
254 4412
255 470
255 797
255 901
255 1581
255 1668
255 1673
255 1827
255 1943
255 2082
255 2094
255 3254
255 3716
255 3721
255 3741
255 3796
255 3896
255 4015
255 4082
255 4085
255 4395
256 727
256 1580
256 2337
256 2846
256 2907
256 3113
256 3263
256 3306
256 3659
256 4303
256 4453
257 342
257 1003
257 1200
257 1213
257 1578
257 1728
257 1765
257 1803
257 1829
257 2019
257 2138
257 2279
257 2295
257 2313
257 2330
257 2623
257 2644
257 2836
257 2848
257 2879
257 2951
257 3113
257 3167
257 3250
257 3370
257 3389
257 3483
257 3495
257 3523
257 3526
257 3670
257 3870
257 3883
257 3894
257 3979
257 4064
257 4081
257 4084
257 4122
257 4411
257 4484
258 3113
259 2471
259 3113
259 4068
260 933
260 1917
260 2180
260 2187
260 3653
260 3835
260 4015
260 4029
260 4046
260 4279
261 275
261 301
261 303
261 340
261 349
261 407
261 424
261 427
261 462
261 496
261 509
261 512
261 559
261 575
261 593
261 656
261 662
261 672
261 687
261 779
261 855
261 873
261 890
261 939
261 991
261 1058
261 1166
261 1179
261 1198
261 1206
261 1234
261 1273
261 1300
261 1327
261 1328
261 1368
261 1376
261 1385
261 1425
261 1446
261 1447
261 1452
261 1475
261 1535
261 1575
261 1628
261 1638
261 1664
261 1737
261 1748
261 1764
261 1766
261 1791
261 1797
261 1825
261 1866
261 1977
261 1979
261 1983
261 2037
261 2071
261 2130
261 2149
261 2155
261 2166
261 2199
261 2200
261 2241
261 2270
261 2357
261 2404
261 2430
261 2455
261 2555
261 2583
261 2589
261 2592
261 2628
261 2648
261 2649
261 2751
261 2781
261 2830
261 2838
261 2850
261 2863
261 2867
261 2950
261 2954
261 3010
261 3011
261 3020
261 3023
261 3024
261 3034
261 3051
261 3058
261 3082
261 3123
261 3131
261 3189
261 3194
261 3195
261 3213
261 3225
261 3237
261 3252
261 3265
261 3331
261 3354
261 3369
261 3405
261 3406
261 3446
261 3501
261 3519
261 3541
261 3589
261 3638
261 3654
261 3666
261 3678
261 3697
261 3762
261 3837
261 3848
261 3875
261 3889
261 3908
261 3983
261 4076
261 4134
261 4181
261 4240
261 4250
261 4272
261 4309
261 4326
261 4331
261 4347
261 4360
261 4377
261 4425
261 4431
261 4432
261 4450
261 4470
262 547
262 572
262 578
262 926
262 961
262 1084
262 1110
262 1149
262 1251
262 1511
262 1747
262 1786
262 2155
262 2287
262 2341
262 2555
262 2648
262 2726
262 2776
262 3020
262 3061
262 3113
262 3468
262 3569
262 3750
262 3812
262 3848
262 4020
262 4272
262 4294
262 4425
262 4454
262 4479
263 1023
263 1135
263 1429
263 1732
263 2301
263 3113
263 3803
264 630
264 1780
265 628
265 793
265 1135
265 1265
265 1281
265 1914
265 2139
265 2568
265 2974
265 3248
265 3468
265 4251
266 383
266 491
266 921
266 1084
266 1088
266 1117
266 1129
266 1398
266 1426
266 1703
266 1752
266 2086
266 2092
266 2208
266 2517
266 2594
266 2603
266 2664
266 2788
266 2804
266 2934
266 2943
266 3053
266 3113
266 3164
266 3182
266 3503
266 3560
266 3570
266 3660
266 3816
266 3882
266 3934
266 4011
266 4116
266 4265
266 4388
267 823
267 880
267 1870
267 1893
267 2214
267 2563
267 3136
267 4015
267 4368
268 610
268 611
268 697
268 748
268 759
268 835
268 888
268 996
268 1431
268 1437
268 1479
268 1650
268 1972
268 2146
268 2160
268 2256
268 2318
268 2407
268 2562
268 2796
268 2998
268 3025
268 3113
268 3229
268 3363
268 3390
268 3527
268 3536
268 3558
268 3686
268 3729
268 4206
268 4226
268 4446
269 480
269 503
269 542
269 608
269 630
269 707
269 961
269 1053
269 1095
269 1403
269 1546
269 1584
269 1981
269 1983
269 2029
269 2044
269 2083
269 2206
269 2237
269 2356
269 2372
269 2381
269 2499
269 2572
269 2758
269 2776
269 2794
269 2822
269 2910
269 2976
269 3082
269 3107
269 3112
269 3232
269 3386
269 3611
269 3685
269 3718
269 3724
269 3800
269 3828
269 3933
269 3996
269 4178
269 4219
269 4259
269 4410
270 291
270 366
270 551
270 721
270 794
270 857
270 1094
270 1117
270 1181
270 1228
270 1235
270 1366
270 1444
270 1557
270 1738
270 1752
270 1813
270 1873
270 1878
270 1929
270 2185
270 2208
270 2222
270 2331
270 2341
270 2470
270 2474
270 2815
270 2917
270 2939
270 2994
270 3007
270 3008
270 3093
270 3157
270 3359
270 3459
270 3502
270 3853
270 4039
270 4190
270 4195
270 4210
270 4246
270 4456
270 4474
271 292
271 334
271 341
271 398
271 431
271 571
271 686
271 704
271 706
271 722
271 771
271 820
271 885
271 1137
271 1194
271 1291
271 1294
271 1341
271 1771
271 1863
271 1868
271 1963
271 2030
271 2040
271 2129
271 2134
271 2449
271 2506
271 2507
271 2752
271 2768
271 2789
271 2802
271 2854
271 2864
271 2972
271 3015
271 3095
271 3103
271 3176
271 3244
271 3326
271 3468
271 3595
271 3633
271 3682
271 3714
271 3747
271 3805
271 3826
271 3953
271 4041
271 4135
271 4214
272 307
272 316
272 361
272 521
272 529
272 707
272 749
272 887
272 942
272 998
272 1033
272 1151
272 1316
272 1506
272 1567
272 1613
272 1649
272 1820
272 1951
272 1983
272 1992
272 2112
272 2163
272 2252
272 2289
272 2439
272 2440
272 2494
272 2577
272 2753
272 3035
272 3077
272 3137
272 3490
272 3550
272 3575
272 3774
272 3781
272 3911
272 3922
272 3999
272 4005
272 4054
272 4072
272 4129
272 4170
272 4281
272 4449
272 4455
273 502
273 972
273 1560
273 1640
273 1980
273 2079
273 2209
273 2234
273 2412
273 2467
273 2760
273 2935
273 3438
273 3468
273 3780
273 4083
273 4140
273 4253
273 4254
273 4306
274 287
274 1212
274 1476
274 1564
274 1598
274 2059
274 2355
274 2812
274 3026
274 3652
274 4010
274 4101
274 4328
275 303
275 306
275 311
275 340
275 349
275 369
275 407
275 424
275 427
275 458
275 459
275 460
275 462
275 464
275 496
275 509
275 512
275 548
275 562
275 575
275 593
275 607
275 619
275 656
275 662
275 687
275 743
275 772
275 779
275 786
275 855
275 858
275 873
275 890
275 939
275 1005
275 1012
275 1058
275 1082
275 1179
275 1206
275 1234
275 1249
275 1273
275 1328
275 1357
275 1359
275 1368
275 1369
275 1376
275 1385
275 1399
275 1409
275 1425
275 1446
275 1447
275 1452
275 1470
275 1475
275 1496
275 1511
275 1575
275 1628
275 1655
275 1686
275 1712
275 1737
275 1764
275 1766
275 1791
275 1797
275 1801
275 1866
275 1931
275 1948
275 1979
275 1983
275 2028
275 2037
275 2041
275 2049
275 2071
275 2114
275 2130
275 2155
275 2200
275 2241
275 2270
275 2334
275 2404
275 2430
275 2501
275 2555
275 2583
275 2589
275 2592
275 2614
275 2628
275 2649
275 2656
275 2689
275 2751
275 2781
275 2830
275 2849
275 2850
275 2863
275 2867
275 2920
275 2954
275 3010
275 3017
275 3020
275 3023
275 3024
275 3034
275 3058
275 3131
275 3178
275 3189
275 3194
275 3213
275 3237
275 3252
275 3265
275 3275
275 3290
275 3321
275 3327
275 3385
275 3404
275 3405
275 3406
275 3413
275 3501
275 3519
275 3541
275 3565
275 3638
275 3654
275 3666
275 3672
275 3697
275 3742
275 3758
275 3762
275 3776
275 3777
275 3837
275 3847
275 3848
275 3875
275 3889
275 3908
275 3983
275 4067
275 4076
275 4095
275 4134
275 4139
275 4146
275 4240
275 4250
275 4272
275 4293
275 4307
275 4309
275 4316
275 4326
275 4330
275 4347
275 4360
275 4377
275 4425
275 4431
275 4432
275 4470
275 4482
276 343
276 346
276 430
276 442
276 485
276 524
276 537
276 547
276 553
276 559
276 572
276 574
276 578
276 581
276 586
276 627
276 640
276 781
276 929
276 965
276 971
276 1011
276 1012
276 1017
276 1045
276 1060
276 1069
276 1149
276 1152
276 1178
276 1185
276 1192
276 1251
276 1257
276 1298
276 1299
276 1326
276 1337
276 1351
276 1373
276 1450
276 1454
276 1522
276 1537
276 1543
276 1550
276 1554
276 1684
276 1747
276 1775
276 1864
276 1871
276 1954
276 2098
276 2238
276 2368
276 2385
276 2392
276 2415
276 2455
276 2457
276 2496
276 2535
276 2594
276 2598
276 2660
276 2740
276 2780
276 2805
276 3033
276 3061
276 3113
276 3187
276 3191
276 3273
276 3299
276 3349
276 3369
276 3392
276 3399
276 3417
276 3478
276 3520
276 3615
276 3710
276 3715
276 3728
276 3737
276 3784
276 3850
276 3857
276 3860
276 3862
276 3863
276 3893
276 3897
276 3955
276 3998
276 4021
276 4040
276 4042
276 4174
276 4193
276 4236
276 4270
276 4290
276 4298
276 4312
276 4313
276 4383
276 4479
276 4486
277 1202
277 1279
277 1508
277 1799
277 1990
277 2032
277 2058
277 2079
277 2108
277 2175
277 2234
277 2467
277 2544
277 2731
277 2791
277 2868
277 2974
277 3016
277 3227
277 3468
277 3563
277 3773
277 4103
277 4235
277 4251
277 4306
277 4361
278 288
278 313
278 343
278 346
278 430
278 479
278 547
278 553
278 576
278 578
278 586
278 631
278 765
278 905
278 908
278 931
278 985
278 1011
278 1091
278 1105
278 1143
278 1176
278 1186
278 1233
278 1251
278 1260
278 1320
278 1337
278 1373
278 1424
278 1450
278 1503
278 1543
278 1592
278 1651
278 1705
278 1732
278 1740
278 1747
278 1751
278 1808
278 1814
278 1871
278 1877
278 1973
278 2069
278 2098
278 2115
278 2123
278 2182
278 2195
278 2226
278 2249
278 2285
278 2301
278 2420
278 2442
278 2476
278 2594
278 2619
278 2699
278 2992
278 3033
278 3076
278 3113
278 3129
278 3181
278 3264
278 3392
278 3452
278 3464
278 3521
278 3564
278 3581
278 3647
278 3715
278 3739
278 3767
278 3782
278 3802
278 3812
278 3819
278 4008
278 4020
278 4052
278 4113
278 4185
278 4193
278 4270
278 4298
278 4313
278 4383
278 4488
279 376
279 551
279 596
279 698
279 764
279 794
279 857
279 1028
279 1051
279 1061
279 1094
279 1117
279 1235
279 1261
279 1340
279 1361
279 1366
279 1444
279 1501
279 1557
279 1729
279 1752
279 1842
279 1878
279 1929
279 1967
279 2063
279 2171
279 2183
279 2331
279 2341
279 2704
279 2767
279 2804
279 2823
279 2957
279 2994
279 3008
279 3043
279 3200
279 3241
279 3280
279 3334
279 3540
279 3613
279 3852
279 3934
279 4077
279 4137
279 4243
279 4246
279 4279
279 4299
279 4412
279 4442
279 4456
280 373
280 2324
280 4015
281 1983
281 2729
282 392
282 444
282 456
282 540
282 634
282 636
282 719
282 741
282 767
282 782
282 1637
282 1661
282 1681
282 1853
282 1940
282 1983
282 2020
282 2169
282 2282
282 2347
282 2530
282 2570
282 2680
282 3012
282 3077
282 3179
282 3218
282 3219
282 3240
282 3256
282 3381
282 3449
282 3696
282 3768
282 3830
282 3845
282 3966
282 4099
282 4187
282 4269
282 4283
282 4302
282 4323
283 335
283 402
283 411
283 570
283 648
283 801
283 1611
283 1728
283 1991
283 2053
283 2245
283 2609
283 2663
283 2764
283 2848
283 3001
283 3052
283 3113
283 3163
283 3483
283 3523
283 3526
283 3698
283 3748
283 3839
283 3928
283 4084
283 4275
283 4459
284 661
284 1121
284 1290
284 1306
284 1757
284 1794
284 2421
284 2940
284 3468
284 4014
284 4097
285 904
285 917
285 938
285 947
285 1054
285 1087
285 1131
285 1137
285 1277
285 1294
285 1524
285 2089
285 2394
285 2637
285 2708
285 3027
285 3028
285 3103
285 3468
285 3477
285 3593
285 3667
285 3677
285 4041
285 4192
285 4227
285 4268
286 3085
286 3113
287 290
287 414
287 416
287 457
287 544
287 594
287 625
287 626
287 668
287 698
287 787
287 800
287 802
287 1001
287 1034
287 1113
287 1212
287 1231
287 1236
287 1288
287 1378
287 1476
287 1552
287 1564
287 1565
287 1588
287 1598
287 1904
287 2018
287 2083
287 2131
287 2215
287 2339
287 2355
287 2437
287 2452
287 2500
287 2512
287 2515
287 2542
287 2585
287 2725
287 2819
287 2921
287 2985
287 3000
287 3026
287 3155
287 3158
287 3308
287 3314
287 3364
287 3383
287 3412
287 3652
287 3832
287 4010
287 4101
287 4420
288 313
288 343
288 346
288 368
288 382
288 442
288 543
288 547
288 572
288 576
288 578
288 586
288 640
288 736
288 765
288 781
288 847
288 903
288 931
288 965
288 971
288 1011
288 1017
288 1078
288 1091
288 1143
288 1150
288 1176
288 1183
288 1251
288 1260
288 1299
288 1320
288 1326
288 1337
288 1351
288 1373
288 1402
288 1406
288 1424
288 1450
288 1507
288 1550
288 1554
288 1582
288 1592
288 1643
288 1651
288 1696
288 1705
288 1727
288 1740
288 1747
288 1751
288 1775
288 1786
288 1802
288 1808
288 1841
288 1869
288 1877
288 1973
288 2098
288 2115
288 2123
288 2178
288 2182
288 2238
288 2285
288 2305
288 2387
288 2420
288 2442
288 2450
288 2496
288 2564
288 2565
288 2594
288 2619
288 2659
288 2666
288 2678
288 2699
288 2726
288 2732
288 2813
288 2901
288 2992
288 3076
288 3099
288 3111
288 3113
288 3129
288 3147
288 3157
288 3181
288 3264
288 3392
288 3417
288 3430
288 3461
288 3464
288 3478
288 3615
288 3647
288 3675
288 3715
288 3736
288 3767
288 3782
288 3784
288 3802
288 3812
288 3819
288 3878
288 3893
288 3897
288 4008
288 4021
288 4042
288 4052
288 4056
288 4070
288 4113
288 4115
288 4138
288 4174
288 4185
288 4236
288 4270
288 4352
288 4383
288 4389
288 4403
288 4486
288 4488
289 817
289 1200
289 1623
289 1650
289 1829
289 2313
289 2367
289 2644
289 2836
289 2951
289 3041
289 3113
289 3616
289 3894
289 4411
290 530
290 594
290 802
290 1001
290 1066
290 1552
290 1588
290 1598
290 1636
290 1904
290 2059
290 2083
290 2215
290 2512
290 2584
290 2654
290 2808
290 2921
290 2944
290 2988
290 3383
290 3422
290 3707
291 551
291 596
291 683
291 721
291 764
291 856
291 937
291 1061
291 1084
291 1094
291 1117
291 1181
291 1235
291 1261
291 1366
291 1444
291 1557
291 1616
291 1729
291 1738
291 1752
291 1842
291 1873
291 1878
291 1929
291 2171
291 2183
291 2185
291 2208
291 2229
291 2331
291 2341
291 2447
291 2458
291 2470
291 2474
291 2694
291 2887
291 2927
291 2939
291 2994
291 3007
291 3008
291 3093
291 3241
291 3280
291 3613
291 3630
291 3766
291 3852
291 4039
291 4190
291 4243
291 4279
291 4378
291 4456
291 4474
292 334
292 398
292 431
292 571
292 726
292 771
292 806
292 820
292 826
292 886
292 947
292 1223
292 1594
292 1771
292 1863
292 1865
292 2198
292 2449
292 2506
292 2637
292 2674
292 2736
292 2752
292 2864
292 2866
292 2972
292 3095
292 3176
292 3468
292 3476
292 3531
292 3596
292 3673
292 3677
292 3682
292 3689
292 3714
292 3745
292 3910
292 4135
292 4166
292 4405
292 4421
292 4438
293 295
293 383
293 550
293 567
293 752
293 878
293 927
293 1088
293 1117
293 1124
293 1532
293 1620
293 2092
293 2274
293 2303
293 2370
293 2521
293 2545
293 2664
293 2804
293 2916
293 3013
293 3104
293 3113
293 3196
293 3291
293 3382
293 3461
293 3503
293 3648
293 3668
293 3822
293 3882
293 3949
293 4011
293 4055
293 4114
293 4404
294 566
294 792
294 936
294 1040
294 1098
294 1247
294 1346
294 1658
294 1724
294 1799
294 2001
294 2106
294 2514
294 2760
294 3045
294 3160
294 3468
294 3780
294 3820
294 4026
294 4235
294 4306
294 4419
295 321
295 383
295 442
295 491
295 658
295 752
295 794
295 995
295 1084
295 1088
295 1117
295 1129
295 1426
295 1509
295 1532
295 1752
295 1973
295 2005
295 2063
295 2092
295 2208
295 2233
295 2274
295 2284
295 2302
295 2303
295 2470
295 2517
295 2545
295 2594
295 2664
295 2788
295 2804
295 2875
295 2934
295 3113
295 3164
295 3210
295 3417
295 3478
295 3503
295 3540
295 3560
295 3648
295 3660
295 3668
295 3816
295 3882
295 3934
295 3949
295 4011
295 4114
295 4116
295 4265
295 4270
295 4280
295 4404
296 2202
296 2625
296 3456
297 429
298 443
298 1923
298 2475
298 3470
298 3755
298 3827
299 488
299 563
299 669
299 866
299 948
299 1260
299 1621
299 1885
299 2786
299 2808
299 3113
299 3549
299 3814
300 540
300 597
300 870
300 1484
300 1983
300 3192
300 3539
300 4198
301 365
301 407
301 496
301 575
301 581
301 593
301 627
301 873
301 955
301 1179
301 1327
301 1361
301 1414
301 1424
301 1751
301 2130
301 2178
301 2392
301 2398
301 2450
301 2543
301 2555
301 2589
301 2622
301 2669
301 2686
301 2850
301 2948
301 3017
301 3131
301 3138
301 3151
301 3265
301 3293
301 3468
301 3521
301 3564
301 3654
301 3685
301 3733
301 3737
301 3868
301 3897
301 4134
301 4236
301 4272
301 4313
301 4432
301 4470
302 389
302 504
302 708
302 1049
302 1774
302 2220
302 2832
302 3044
302 3197
302 4015
302 4452
303 306
303 340
303 349
303 369
303 407
303 424
303 427
303 458
303 459
303 460
303 462
303 464
303 466
303 496
303 509
303 575
303 593
303 623
303 656
303 660
303 662
303 672
303 687
303 743
303 779
303 784
303 786
303 819
303 855
303 860
303 873
303 890
303 939
303 956
303 970
303 1005
303 1058
303 1154
303 1179
303 1198
303 1206
303 1249
303 1273
303 1328
303 1357
303 1359
303 1368
303 1376
303 1399
303 1446
303 1447
303 1452
303 1470
303 1475
303 1496
303 1511
303 1535
303 1575
303 1579
303 1628
303 1638
303 1655
303 1712
303 1748
303 1764
303 1766
303 1791
303 1797
303 1801
303 1866
303 1948
303 1977
303 1979
303 1983
303 2028
303 2037
303 2049
303 2114
303 2130
303 2149
303 2155
303 2199
303 2241
303 2270
303 2334
303 2357
303 2368
303 2404
303 2430
303 2501
303 2555
303 2583
303 2589
303 2592
303 2614
303 2628
303 2631
303 2649
303 2656
303 2751
303 2771
303 2781
303 2830
303 2850
303 2863
303 2867
303 2954
303 3010
303 3017
303 3020
303 3023
303 3024
303 3034
303 3058
303 3064
303 3082
303 3092
303 3120
303 3131
303 3178
303 3189
303 3194
303 3195
303 3213
303 3237
303 3252
303 3265
303 3275
303 3290
303 3321
303 3369
303 3394
303 3405
303 3406
303 3413
303 3444
303 3501
303 3519
303 3541
303 3565
303 3583
303 3638
303 3643
303 3654
303 3666
303 3678
303 3697
303 3742
303 3762
303 3772
303 3776
303 3777
303 3837
303 3847
303 3875
303 3908
303 3950
303 3987
303 4076
303 4115
303 4134
303 4139
303 4240
303 4242
303 4250
303 4272
303 4309
303 4316
303 4326
303 4330
303 4347
303 4360
303 4377
303 4425
303 4426
303 4431
303 4432
303 4450
303 4483
304 421
304 533
304 664
304 685
304 695
304 844
304 872
304 961
304 1009
304 1058
304 1125
304 1195
304 1271
304 1317
304 1408
304 1423
304 1577
304 1601
304 1624
304 1731
304 1830
304 1925
304 1983
304 1993
304 2046
304 2068
304 2179
304 2184
304 2276
304 2287
304 2290
304 2309
304 2429
304 2495
304 2566
304 2617
304 2702
304 2787
304 2810
304 3038
304 3246
304 3425
304 3569
304 3685
304 4058
304 4145
304 4258
305 371
305 410
305 432
305 721
305 838
305 1181
305 1228
305 1557
305 1634
305 1721
305 1861
305 2620
305 2718
305 2816
305 2994
305 3007
305 3008
305 3269
305 3352
305 3502
305 4137
305 4143
306 311
306 340
306 349
306 369
306 407
306 427
306 458
306 459
306 462
306 464
306 496
306 509
306 593
306 635
306 656
306 660
306 672
306 687
306 779
306 786
306 855
306 873
306 890
306 956
306 1005
306 1179
306 1206
306 1357
306 1359
306 1368
306 1376
306 1385
306 1399
306 1414
306 1425
306 1446
306 1447
306 1475
306 1535
306 1638
306 1682
306 1712
306 1737
306 1764
306 1766
306 1797
306 1866
306 1884
306 1948
306 1977
306 1979
306 1983
306 2037
306 2071
306 2114
306 2130
306 2155
306 2241
306 2270
306 2357
306 2368
306 2404
306 2430
306 2555
306 2557
306 2589
306 2592
306 2649
306 2656
306 2735
306 2830
306 2863
306 2901
306 2999
306 3010
306 3017
306 3020
306 3024
306 3034
306 3058
306 3064
306 3082
306 3131
306 3178
306 3189
306 3194
306 3213
306 3237
306 3252
306 3331
306 3404
306 3446
306 3501
306 3565
306 3654
306 3666
306 3678
306 3742
306 3758
306 3762
306 3776
306 3848
306 3875
306 3950
306 4057
306 4076
306 4142
306 4181
306 4240
306 4250
306 4272
306 4293
306 4326
306 4330
306 4347
306 4377
306 4432
306 4441
306 4450
306 4470
306 4482
307 316
307 413
307 521
307 529
307 707
307 749
307 887
307 998
307 1092
307 1177
307 1506
307 1567
307 1613
307 1649
307 1695
307 1820
307 1951
307 1983
307 1992
307 2083
307 2112
307 2272
307 2289
307 2439
307 2440
307 2494
307 2577
307 2753
307 3035
307 3137
307 3335
307 3338
307 3460
307 3490
307 3575
307 3774
307 3781
307 3892
307 3911
307 4005
307 4054
307 4129
307 4170
307 4281
307 4399
307 4449
307 4472
308 414
308 468
308 534
308 561
308 625
308 626
308 751
308 1034
308 1231
308 1236
308 1588
308 2038
308 2057
308 2131
308 2215
308 2437
308 3026
308 3155
308 3158
308 3239
308 3308
308 3422
308 3832
309 371
309 486
309 683
309 794
309 1557
309 1614
309 1930
309 2027
309 2341
309 2458
309 2474
309 2675
309 2925
309 3157
309 3502
309 3877
310 390
310 1297
310 1306
310 1347
310 1621
310 1757
310 1794
310 1809
310 1853
310 2120
310 3039
310 3340
310 3403
310 3451
310 3468
310 3628
310 3726
310 3759
310 3814
310 3891
310 4014
310 4026
310 4097
310 4353
311 340
311 349
311 369
311 407
311 424
311 458
311 459
311 524
311 559
311 591
311 593
311 656
311 660
311 662
311 672
311 687
311 772
311 779
311 784
311 786
311 830
311 855
311 873
311 890
311 939
311 970
311 991
311 1005
311 1058
311 1153
311 1179
311 1198
311 1206
311 1234
311 1249
311 1273
311 1327
311 1352
311 1357
311 1359
311 1368
311 1376
311 1385
311 1399
311 1447
311 1452
311 1496
311 1511
311 1579
311 1638
311 1664
311 1712
311 1766
311 1797
311 1801
311 1825
311 1866
311 1884
311 1948
311 1983
311 2028
311 2037
311 2049
311 2071
311 2114
311 2130
311 2149
311 2155
311 2166
311 2270
311 2334
311 2357
311 2404
311 2430
311 2453
311 2555
311 2583
311 2589
311 2592
311 2614
311 2628
311 2649
311 2744
311 2751
311 2771
311 2781
311 2830
311 2867
311 2920
311 2954
311 3011
311 3017
311 3023
311 3024
311 3034
311 3081
311 3082
311 3120
311 3123
311 3178
311 3189
311 3194
311 3195
311 3213
311 3237
311 3252
311 3275
311 3290
311 3343
311 3354
311 3369
311 3405
311 3420
311 3446
311 3501
311 3541
311 3583
311 3589
311 3638
311 3678
311 3697
311 3742
311 3758
311 3762
311 3776
311 3837
311 3854
311 3875
311 3908
311 3923
311 3950
311 4076
311 4095
311 4118
311 4139
311 4199
311 4240
311 4242
311 4250
311 4307
311 4316
311 4317
311 4326
311 4330
311 4347
311 4360
311 4377
311 4425
311 4431
311 4432
312 329
312 390
312 711
312 730
312 768
312 824
312 973
312 1669
312 1845
312 1879
312 1889
312 1939
312 1980
312 2032
312 2054
312 2058
312 2087
312 2308
312 2438
312 2608
312 2687
312 2717
312 2882
312 2974
312 3054
312 3247
312 3303
312 3332
312 3426
312 3468
312 3525
312 3534
312 3773
312 4239
312 4256
312 4277
312 4322
312 4467
313 368
313 479
313 543
313 559
313 576
313 581
313 586
313 631
313 635
313 736
313 781
313 815
313 903
313 931
313 956
313 991
313 1091
313 1143
313 1176
313 1183
313 1260
313 1320
313 1326
313 1351
313 1373
313 1402
313 1406
313 1424
313 1503
313 1507
313 1543
313 1550
313 1582
313 1592
313 1643
313 1651
313 1730
313 1740
313 1747
313 1808
313 1814
313 1869
313 1877
313 2115
313 2123
313 2178
313 2182
313 2226
313 2249
313 2285
313 2305
313 2422
313 2442
313 2450
313 2524
313 2594
313 2619
313 2659
313 2678
313 2699
313 2726
313 2784
313 2992
313 3033
313 3076
313 3084
313 3111
313 3113
313 3129
313 3151
313 3181
313 3264
313 3327
313 3392
313 3430
313 3452
313 3464
313 3515
313 3647
313 3715
313 3739
313 3782
313 3784
313 3791
313 3812
313 3819
313 3878
313 3961
313 4043
313 4056
313 4113
313 4138
313 4174
313 4185
313 4236
313 4270
313 4298
313 4313
313 4352
313 4389
313 4488
314 691
314 1189
314 1361
314 1491
314 1606
314 1714
314 1783
314 2511
314 2968
314 3592
314 3640
314 3856
314 4363
315 2344
315 2819
315 2844
315 4427
316 361
316 399
316 521
316 522
316 529
316 749
316 887
316 942
316 998
316 1033
316 1067
316 1151
316 1284
316 1506
316 1567
316 1597
316 1695
316 1820
316 1927
316 1951
316 1953
316 1983
316 2153
316 2163
316 2252
316 2289
316 2388
316 2439
316 2440
316 2494
316 2577
316 2753
316 3035
316 3137
316 3335
316 3460
316 3550
316 3575
316 3774
316 3892
316 3911
316 3999
316 4005
316 4054
316 4072
316 4129
316 4170
316 4281
316 4455
316 4472
317 337
317 628
317 692
317 827
317 1013
317 1112
317 1165
317 1182
317 1301
317 1776
317 1799
317 2033
317 2051
317 2246
317 2711
317 2872
317 3004
317 3358
317 3468
317 3846
317 3905
318 471
318 602
318 693
318 1020
318 1615
318 1915
318 1959
318 2223
318 2277
318 2402
318 2625
318 2963
318 3090
318 3142
318 3199
318 3350
318 3415
318 3811
318 3900
318 4369
319 667
319 1168
319 1585
319 1755
319 1838
319 1870
319 2231
319 2410
319 2692
319 2729
319 2945
319 3136
319 3266
319 3448
319 4015
319 4049
319 4149
319 4301
319 4340
319 4394
320 373
320 492
320 899
320 1464
320 2192
320 2719
320 2766
320 3019
320 3644
320 3779
320 3801
320 3918
320 3990
320 4015
320 4034
320 4284
320 4445
321 654
321 958
321 1580
321 2337
321 2846
321 3113
321 3263
321 3306
321 3743
321 4453
322 457
322 468
322 561
322 621
322 625
322 668
322 677
322 1034
322 1565
322 1636
322 1904
322 1941
322 2018
322 2059
322 2170
322 2327
322 2452
322 2829
322 2921
322 2942
322 3026
322 3158
322 3188
322 3308
322 3364
322 3427
322 3441
322 3627
322 3734
322 4423
323 709
323 719
323 1587
323 1983
323 2454
323 3012
323 3445
323 3474
323 3611
323 3942
324 439
324 601
324 639
324 665
324 840
324 841
324 1104
324 1114
324 1263
324 1309
324 1395
324 1498
324 1504
324 1539
324 1627
324 1665
324 1784
324 1831
324 1872
324 1926
324 2025
324 2351
324 2579
324 2684
324 2990
324 3113
324 3235
324 3285
324 3309
324 3481
324 3598
324 3691
324 3749
324 4119
324 4387
325 490
325 803
325 1010
325 1334
325 1482
325 1964
325 2463
325 2543
325 2770
325 3021
325 3494
325 4091
325 4093
325 4136
326 822
326 1389
326 1529
326 2074
326 3228
326 3468
326 3806
326 4038
326 4371
327 592
327 799
327 1355
327 1481
327 1529
327 2074
327 2403
327 2657
327 3384
327 3468
327 3581
328 527
328 568
328 620
328 1196
328 1455
328 1971
328 2706
328 4126
328 4152
329 730
329 745
329 768
329 973
329 1669
329 1845
329 1939
329 2032
329 2058
329 2087
329 2161
329 2162
329 2687
329 2717
329 2882
329 3054
329 3248
329 3303
329 3426
329 3468
329 3525
329 3773
329 4322
329 4467
330 490
330 842
330 854
330 1264
330 1570
330 2266
330 2543
330 2695
330 2936
330 3314
330 3494
330 3639
330 3818
330 4019
331 1611
331 2245
331 3013
331 3113
331 3526
332 720
332 1090
332 1103
332 1146
332 1175
332 1227
332 1361
332 1474
332 1720
332 1734
332 1779
332 2067
332 2189
332 2406
332 2615
332 2691
332 2798
332 3262
332 3543
332 3585
332 3895
332 3957
332 4217
332 4245
332 4382
333 525
333 713
333 762
333 852
333 1118
333 1172
333 1396
333 1976
333 2128
333 2142
333 2393
333 2410
333 2482
333 2883
333 2898
333 2928
333 3136
333 3177
333 3287
333 3421
333 3744
333 3796
333 4001
333 4015
333 4016
333 4059
333 4165
333 4340
333 4447
334 341
334 398
334 431
334 454
334 513
334 696
334 704
334 706
334 771
334 806
334 820
334 885
334 886
334 904
334 934
334 1054
334 1087
334 1131
334 1136
334 1137
334 1194
334 1291
334 1294
334 1341
334 1386
334 1466
334 1520
334 1570
334 1594
334 1771
334 1857
334 1863
334 1868
334 1913
334 1963
334 1985
334 2030
334 2089
334 2129
334 2134
334 2198
334 2248
334 2273
334 2396
334 2449
334 2506
334 2507
334 2632
334 2637
334 2674
334 2736
334 2752
334 2768
334 2789
334 2800
334 2802
334 2854
334 2864
334 2866
334 2972
334 3095
334 3103
334 3176
334 3244
334 3326
334 3378
334 3402
334 3468
334 3476
334 3531
334 3595
334 3596
334 3600
334 3629
334 3633
334 3673
334 3682
334 3745
334 3747
334 3826
334 3910
334 3982
334 4041
334 4120
334 4135
334 4214
334 4430
334 4438
335 2528
335 3154
335 3601
335 4195
336 388
336 404
336 531
336 624
336 1140
336 1141
336 1605
336 1646
336 2026
336 2125
336 2231
336 2560
336 2593
336 2851
336 3156
336 3283
336 3473
336 4015
336 4301
336 4390
337 444
337 692
337 827
337 836
337 1013
337 1301
337 1313
337 1676
337 1776
337 2051
337 2403
337 2425
337 2688
337 2711
337 2812
337 2826
337 2872
337 3121
337 3230
337 3803
337 4156
337 4172
337 4192
337 4262
338 339
338 428
338 483
338 609
338 909
338 936
338 983
338 989
338 1247
338 1274
338 1290
338 1308
338 1333
338 1379
338 1790
338 2084
338 2151
338 2203
338 2204
338 2343
338 2443
338 2544
338 2597
338 2599
338 2608
338 2769
338 2861
338 2940
338 3016
338 3055
338 3100
338 3205
338 3231
338 3297
338 3409
338 3434
338 3468
338 3622
338 3642
338 3732
338 3733
338 3867
338 3873
338 3925
338 4171
338 4211
338 4393
338 4471
339 345
339 428
339 483
339 585
339 609
339 661
339 943
339 983
339 989
339 1247
339 1274
339 1290
339 1308
339 1333
339 1349
339 1379
339 1547
339 1708
339 1790
339 2084
339 2120
339 2151
339 2203
339 2204
339 2336
339 2343
339 2443
339 2514
339 2544
339 2546
339 2599
339 2608
339 2730
339 2769
339 2861
339 2940
339 3016
339 3048
339 3204
339 3205
339 3231
339 3238
339 3297
339 3409
339 3434
339 3468
339 3534
339 3612
339 3622
339 3642
339 3694
339 3732
339 3733
339 3750
339 3868
339 3873
339 3925
339 3935
339 3954
339 4141
339 4171
339 4211
339 4255
339 4350
339 4415
339 4419
340 349
340 369
340 407
340 412
340 424
340 427
340 458
340 460
340 462
340 464
340 493
340 496
340 509
340 524
340 552
340 562
340 569
340 575
340 591
340 593
340 656
340 660
340 662
340 672
340 687
340 743
340 779
340 786
340 819
340 855
340 858
340 873
340 890
340 939
340 954
340 956
340 970
340 1005
340 1058
340 1154
340 1179
340 1198
340 1206
340 1234
340 1243
340 1249
340 1273
340 1291
340 1327
340 1328
340 1357
340 1359
340 1368
340 1376
340 1385
340 1399
340 1414
340 1425
340 1445
340 1446
340 1447
340 1452
340 1475
340 1496
340 1511
340 1535
340 1575
340 1579
340 1628
340 1638
340 1655
340 1664
340 1693
340 1712
340 1737
340 1748
340 1764
340 1766
340 1791
340 1797
340 1825
340 1826
340 1866
340 1884
340 1948
340 1956
340 1977
340 1979
340 1983
340 2028
340 2037
340 2071
340 2114
340 2130
340 2149
340 2155
340 2166
340 2199
340 2241
340 2270
340 2300
340 2334
340 2357
340 2404
340 2430
340 2501
340 2537
340 2555
340 2583
340 2589
340 2592
340 2614
340 2628
340 2631
340 2648
340 2649
340 2656
340 2744
340 2751
340 2781
340 2830
340 2850
340 2863
340 2867
340 2920
340 2950
340 2954
340 3010
340 3011
340 3017
340 3020
340 3023
340 3024
340 3034
340 3058
340 3064
340 3082
340 3123
340 3131
340 3178
340 3189
340 3194
340 3195
340 3213
340 3225
340 3237
340 3252
340 3265
340 3275
340 3290
340 3321
340 3331
340 3404
340 3405
340 3406
340 3446
340 3501
340 3519
340 3541
340 3565
340 3589
340 3638
340 3654
340 3666
340 3678
340 3697
340 3742
340 3758
340 3762
340 3776
340 3777
340 3837
340 3848
340 3863
340 3875
340 3889
340 3908
340 3950
340 4076
340 4115
340 4134
340 4139
340 4142
340 4181
340 4240
340 4250
340 4272
340 4292
340 4307
340 4309
340 4316
340 4326
340 4330
340 4347
340 4360
340 4377
340 4425
340 4427
340 4431
340 4432
340 4470
340 4475
340 4482
341 431
341 726
341 886
341 1131
341 1194
341 1520
341 1687
341 1771
341 1781
341 1857
341 1863
341 2271
341 2449
341 2506
341 2637
341 2674
341 2752
341 2864
341 2866
341 3095
341 3176
341 3270
341 3468
341 3476
341 3595
341 3596
341 3633
341 3667
341 3673
341 3682
341 3714
341 3910
341 3982
341 4041
341 4098
341 4192
341 4204
341 4228
341 4430
341 4438
342 1003
342 1171
342 1200
342 1213
342 1578
342 1623
342 1829
342 2138
342 2313
342 2367
342 2623
342 2644
342 2836
342 2875
342 2879
342 2951
342 3041
342 3113
342 3250
342 3370
342 3483
342 3523
342 3616
342 3743
342 3870
342 3894
342 3967
342 4064
342 4081
342 4122
342 4339
342 4356
342 4411
342 4460
342 4484
343 346
343 382
343 442
343 485
343 547
343 578
343 581
343 586
343 627
343 851
343 926
343 1011
343 1064
343 1091
343 1149
343 1178
343 1185
343 1226
343 1268
343 1299
343 1351
343 1404
343 1405
343 1424
343 1450
343 1537
343 1684
343 1864
343 1954
343 1973
343 2098
343 2115
343 2182
343 2238
343 2325
343 2415
343 2422
343 2496
343 2564
343 2594
343 2652
343 2666
343 2743
343 2780
343 3033
343 3111
343 3113
343 3129
343 3181
343 3187
343 3273
343 3417
343 3478
343 3520
343 3615
343 3728
343 3782
343 3815
343 3819
343 3862
343 3893
343 3897
343 4043
343 4052
343 4153
343 4270
343 4290
343 4319
343 4383
343 4479
343 4486
344 1109
344 1127
344 1266
344 1570
344 1608
344 1983
344 2283
344 2347
344 3077
344 3641
344 3768
344 3798
344 4112
345 428
345 585
345 609
345 661
345 710
345 711
345 737
345 983
345 989
345 1247
345 1274
345 1290
345 1349
345 1379
345 1380
345 1410
345 1547
345 1790
345 2007
345 2050
345 2084
345 2120
345 2151
345 2204
345 2343
345 2544
345 2597
345 2599
345 2608
345 2641
345 2737
345 2940
345 3016
345 3048
345 3055
345 3100
345 3186
345 3204
345 3205
345 3231
345 3238
345 3297
345 3409
345 3434
345 3468
345 3563
345 3609
345 3612
345 3622
345 3642
345 3694
345 3732
345 3733
345 3750
345 3868
345 3873
345 3876
345 3916
345 3925
345 3935
345 3954
345 4002
345 4078
345 4089
345 4141
345 4211
345 4231
345 4255
345 4315
345 4345
345 4350
346 368
346 382
346 442
346 547
346 572
346 573
346 576
346 586
346 627
346 647
346 736
346 742
346 781
346 784
346 815
346 905
346 923
346 926
346 931
346 952
346 965
346 1012
346 1017
346 1069
346 1078
346 1091
346 1105
346 1110
346 1143
346 1149
346 1176
346 1183
346 1186
346 1192
346 1251
346 1260
346 1268
346 1299
346 1326
346 1337
346 1351
346 1373
346 1402
346 1424
346 1450
346 1454
346 1485
346 1507
346 1543
346 1550
346 1592
346 1643
346 1651
346 1684
346 1705
346 1730
346 1732
346 1740
346 1747
346 1751
346 1786
346 1808
346 1841
346 1869
346 1973
346 1981
346 2069
346 2098
346 2115
346 2135
346 2178
346 2182
346 2195
346 2238
346 2285
346 2301
346 2420
346 2422
346 2442
346 2450
346 2476
346 2496
346 2535
346 2537
346 2594
346 2619
346 2652
346 2659
346 2666
346 2699
346 2726
346 2740
346 2743
346 2774
346 2855
346 2869
346 2948
346 3009
346 3033
346 3061
346 3076
346 3084
346 3113
346 3129
346 3132
346 3147
346 3181
346 3264
346 3299
346 3327
346 3392
346 3417
346 3464
346 3515
346 3520
346 3528
346 3647
346 3715
346 3723
346 3728
346 3737
346 3739
346 3767
346 3784
346 3802
346 3812
346 3854
346 3862
346 3897
346 3955
346 3961
346 4008
346 4042
346 4147
346 4153
346 4174
346 4185
346 4188
346 4236
346 4270
346 4298
346 4312
346 4313
346 4352
346 4383
346 4441
346 4479
346 4488
347 399
347 409
347 560
347 955
347 1095
347 1179
347 1195
347 1239
347 1286
347 1382
347 1725
347 1742
347 1882
347 1983
347 2009
347 2046
347 2113
347 2206
347 2290
347 2473
347 2600
347 2658
347 2686
347 2794
347 2924
347 3082
347 3293
347 3386
347 3408
347 3505
347 3564
347 3604
347 3706
347 3708
347 3718
347 4023
347 4095
347 4124
347 4234
347 4259
347 4346
347 4406
348 2038
348 3468
348 4065
349 369
349 407
349 424
349 427
349 458
349 459
349 460
349 462
349 464
349 474
349 496
349 509
349 512
349 548
349 591
349 593
349 606
349 607
349 623
349 656
349 660
349 662
349 672
349 687
349 743
349 772
349 779
349 786
349 855
349 873
349 890
349 939
349 956
349 975
349 995
349 1005
349 1058
349 1082
349 1139
349 1179
349 1198
349 1206
349 1234
349 1249
349 1273
349 1327
349 1328
349 1352
349 1357
349 1359
349 1368
349 1376
349 1385
349 1399
349 1414
349 1425
349 1440
349 1446
349 1447
349 1452
349 1475
349 1496
349 1535
349 1575
349 1628
349 1638
349 1655
349 1664
349 1712
349 1737
349 1748
349 1764
349 1766
349 1791
349 1797
349 1802
349 1806
349 1826
349 1841
349 1866
349 1948
349 1956
349 1977
349 1979
349 1983
349 2037
349 2047
349 2071
349 2130
349 2149
349 2155
349 2166
349 2199
349 2200
349 2241
349 2270
349 2334
349 2404
349 2430
349 2431
349 2453
349 2491
349 2501
349 2555
349 2558
349 2583
349 2589
349 2592
349 2628
349 2631
349 2648
349 2649
349 2656
349 2660
349 2747
349 2751
349 2771
349 2781
349 2830
349 2850
349 2863
349 2867
349 2904
349 2920
349 3009
349 3010
349 3017
349 3023
349 3024
349 3034
349 3058
349 3123
349 3131
349 3178
349 3183
349 3189
349 3195
349 3213
349 3225
349 3237
349 3252
349 3265
349 3275
349 3290
349 3321
349 3327
349 3331
349 3394
349 3404
349 3405
349 3406
349 3413
349 3420
349 3436
349 3501
349 3519
349 3541
349 3565
349 3583
349 3589
349 3621
349 3638
349 3654
349 3666
349 3678
349 3697
349 3758
349 3762
349 3776
349 3777
349 3837
349 3875
349 3923
349 3950
349 3983
349 4076
349 4117
349 4139
349 4157
349 4181
349 4240
349 4242
349 4250
349 4272
349 4307
349 4309
349 4326
349 4330
349 4347
349 4360
349 4422
349 4425
349 4431
349 4432
349 4450
349 4481
349 4482
350 406
350 435
350 440
350 540
350 900
350 968
350 1195
350 1382
350 1442
350 1653
350 1667
350 1677
350 1689
350 1713
350 1733
350 1742
350 1795
350 1882
350 1983
350 2008
350 2304
350 2408
350 2658
350 2686
350 2748
350 2884
350 3098
350 3209
350 3286
350 3293
350 3319
350 3328
350 3467
350 3488
350 3604
350 3611
350 3708
350 3783
350 3798
350 3800
350 3855
350 3899
350 3933
350 4023
350 4060
350 4080
350 4124
350 4223
350 4269
350 4287
350 4324
350 4409
350 4461
350 4478
351 1361
352 406
352 540
352 968
352 1271
352 1442
352 1667
352 1671
352 1713
352 1882
352 1947
352 1983
352 2304
352 2686
352 2721
352 2748
352 2865
352 2877
352 3209
352 3395
352 3449
352 3871
352 3933
352 4167
352 4269
352 4407
352 4461
353 383
353 423
353 532
353 567
353 927
353 1104
353 1374
353 1411
353 1620
353 1752
353 1754
353 2210
353 2370
353 2526
353 2596
353 2603
353 2664
353 2804
353 2990
353 3113
353 3503
353 3608
353 3660
353 3816
353 4055
353 4109
353 4385
353 4443
354 568
354 2239
354 2929
354 3763
354 4172
355 2291
355 2645
355 3468
355 4295
355 4310
355 4428
356 1128
356 1361
356 1501
356 1741
356 1959
356 2341
356 2903
356 3280
356 4086
356 4279
356 4378
356 4402
356 4412
357 446
357 473
357 510
357 666
357 797
357 928
357 1224
357 1324
357 1531
357 1668
357 1824
357 1935
357 1958
357 2036
357 2094
357 2122
357 2137
357 2859
357 2878
357 3031
357 3037
357 3374
357 3571
357 3804
357 4015
357 4085
357 4110
357 4189
357 4305
357 4337
357 4395
358 386
358 397
358 1998
358 2073
358 2462
358 2471
358 2536
358 2613
358 2697
358 3113
358 3367
358 3624
358 3662
358 3986
358 4006
358 4068
358 4344
359 1215
359 1755
359 4015
359 4390
360 433
360 744
360 755
360 1188
360 1315
360 1744
360 2543
360 3021
360 3268
360 3457
360 3843
361 399
361 413
361 521
361 522
361 887
361 942
361 1033
361 1067
361 1147
361 1151
361 1284
361 1649
361 1820
361 1953
361 1983
361 2112
361 2153
361 2163
361 2252
361 2440
361 2753
361 3035
361 3077
361 3335
361 3575
361 3781
361 3911
361 3999
361 4005
361 4054
361 4072
361 4129
361 4170
361 4281
361 4455
362 428
362 447
362 516
362 526
362 585
362 715
362 913
362 1107
362 1247
362 1274
362 1343
362 1383
362 1401
362 1559
362 1599
362 1701
362 1834
362 1868
362 2006
362 2032
362 2188
362 2204
362 2234
362 2332
362 2336
362 2343
362 2350
362 2419
362 2443
362 2513
362 2538
362 2544
362 2608
362 2761
362 2868
362 3079
362 3100
362 3160
362 3204
362 3231
362 3257
362 3277
362 3325
362 3341
362 3396
362 3411
362 3451
362 3468
362 3534
362 3563
362 3609
362 3622
362 3750
362 3787
362 3820
362 3868
362 3873
362 3954
362 4089
362 4255
362 4264
362 4314
362 4345
363 1690
363 1757
363 2074
363 3468
363 4014
363 4097
364 536
364 868
364 1144
364 1329
364 1810
364 1848
364 1852
364 2362
364 2595
364 2703
364 2874
364 2906
364 3249
364 3284
364 3634
364 3699
364 3727
364 3795
364 3978
364 3981
364 4015
365 399
365 406
365 409
365 421
365 480
365 489
365 542
365 560
365 623
365 649
365 651
365 664
365 695
365 707
365 754
365 778
365 789
365 821
365 861
365 900
365 955
365 961
365 962
365 968
365 971
365 982
365 1053
365 1067
365 1092
365 1095
365 1125
365 1179
365 1190
365 1229
365 1230
365 1239
365 1286
365 1316
365 1317
365 1382
365 1408
365 1443
365 1462
365 1470
365 1472
365 1584
365 1671
365 1677
365 1725
365 1731
365 1798
365 1811
365 1830
365 1882
365 1925
365 1947
365 1983
365 2003
365 2009
365 2029
365 2044
365 2068
365 2083
365 2113
365 2255
365 2287
365 2290
365 2309
365 2356
365 2398
365 2473
365 2499
365 2600
365 2658
365 2660
365 2677
365 2686
365 2702
365 2721
365 2744
365 2755
365 2758
365 2776
365 2787
365 2794
365 2822
365 2833
365 2837
365 2856
365 2858
365 2899
365 2924
365 3038
365 3082
365 3106
365 3107
365 3138
365 3162
365 3209
365 3246
365 3258
365 3293
365 3327
365 3356
365 3365
365 3369
365 3386
365 3408
365 3425
365 3487
365 3505
365 3564
365 3569
365 3590
365 3611
365 3623
365 3672
365 3685
365 3706
365 3708
365 3724
365 3791
365 3899
365 3923
365 3970
365 4037
365 4058
365 4060
365 4080
365 4095
365 4118
365 4145
365 4154
365 4178
365 4219
365 4234
365 4259
365 4287
365 4294
365 4331
365 4346
365 4398
365 4403
365 4410
365 4440
365 4454
365 4461
365 4465
365 4478
366 371
366 410
366 721
366 1075
366 1330
366 1366
366 1557
366 1861
366 2815
366 2917
366 3288
366 3359
366 3459
366 3712
366 4137
366 4143
366 4246
367 1220
367 1370
367 1451
367 1557
367 2004
367 2359
367 2405
367 2425
367 2609
367 2715
367 2989
367 3400
367 3650
367 3778
367 3904
367 4071
368 442
368 524
368 547
368 559
368 578
368 586
368 736
368 781
368 903
368 965
368 1017
368 1091
368 1149
368 1154
368 1176
368 1178
368 1183
368 1251
368 1299
368 1320
368 1326
368 1337
368 1351
368 1373
368 1402
368 1424
368 1450
368 1470
368 1507
368 1550
368 1582
368 1643
368 1651
368 1740
368 1747
368 1758
368 1808
368 1869
368 1871
368 1895
368 2095
368 2098
368 2178
368 2238
368 2285
368 2305
368 2420
368 2442
368 2450
368 2537
368 2594
368 2619
368 2652
368 2659
368 2666
368 2678
368 2699
368 2726
368 2801
368 2806
368 3076
368 3084
368 3113
368 3129
368 3264
368 3311
368 3417
368 3430
368 3436
368 3452
368 3478
368 3506
368 3643
368 3646
368 3647
368 3715
368 3767
368 3782
368 3784
368 3812
368 3819
368 3859
368 3878
368 3975
368 4042
368 4056
368 4138
368 4153
368 4174
368 4185
368 4194
368 4199
368 4236
368 4270
368 4298
368 4312
368 4383
368 4389
368 4469
368 4479
368 4488
369 407
369 424
369 427
369 458
369 459
369 460
369 462
369 464
369 493
369 509
369 537
369 569
369 575
369 580
369 591
369 593
369 656
369 660
369 662
369 672
369 687
369 699
369 743
369 779
369 786
369 819
369 853
369 855
369 873
369 876
369 890
369 939
369 954
369 970
369 1005
369 1179
369 1198
369 1206
369 1234
369 1273
369 1327
369 1328
369 1352
369 1357
369 1359
369 1368
369 1376
369 1385
369 1399
369 1414
369 1440
369 1446
369 1447
369 1475
369 1496
369 1511
369 1535
369 1575
369 1579
369 1628
369 1638
369 1655
369 1693
369 1712
369 1715
369 1737
369 1748
369 1764
369 1766
369 1791
369 1797
369 1841
369 1866
369 1884
369 1931
369 1948
369 1956
369 1977
369 1979
369 1982
369 1983
369 2028
369 2037
369 2071
369 2130
369 2155
369 2166
369 2199
369 2288
369 2334
369 2404
369 2430
369 2501
369 2555
369 2583
369 2589
369 2592
369 2614
369 2628
369 2631
369 2648
369 2649
369 2656
369 2733
369 2744
369 2751
369 2771
369 2781
369 2830
369 2850
369 2863
369 2867
369 2954
369 2975
369 3010
369 3011
369 3017
369 3020
369 3023
369 3024
369 3034
369 3058
369 3081
369 3082
369 3123
369 3131
369 3178
369 3189
369 3194
369 3213
369 3219
369 3225
369 3234
369 3237
369 3252
369 3265
369 3275
369 3290
369 3321
369 3331
369 3394
369 3413
369 3446
369 3501
369 3519
369 3541
369 3565
369 3583
369 3589
369 3638
369 3654
369 3666
369 3678
369 3697
369 3723
369 3758
369 3762
369 3769
369 3848
369 3875
369 3950
369 3983
369 4076
369 4095
369 4131
369 4134
369 4240
369 4250
369 4272
369 4309
369 4316
369 4326
369 4347
369 4360
369 4377
369 4422
369 4425
369 4431
369 4432
369 4450
369 4470
369 4475
369 4482
370 383
370 491
370 1088
370 1117
370 1509
370 1773
370 2053
370 2092
370 2284
370 2370
370 2669
370 2788
370 2804
370 2916
370 2990
370 3046
370 3113
370 3291
370 3503
370 3560
370 3819
370 3934
370 4011
370 4343
370 4402
371 410
371 432
371 721
371 1557
371 1861
371 3269
371 3502
371 3712
371 3778
372 373
372 918
372 1147
372 1699
372 1855
372 2075
372 2280
372 2859
372 3304
372 3398
372 4015
372 4029
373 473
373 510
373 523
373 562
373 666
373 725
373 760
373 899
373 919
373 928
373 980
373 1077
373 1079
373 1169
373 1224
373 1312
373 1319
373 1324
373 1428
373 1433
373 1458
373 1464
373 1527
373 1531
373 1541
373 1581
373 1619
373 1668
373 1682
373 1719
373 1726
373 1810
373 1824
373 1827
373 1848
373 1851
373 1935
373 1944
373 1946
373 1969
373 1982
373 2017
373 2036
373 2075
373 2094
373 2122
373 2137
373 2192
373 2220
373 2255
373 2261
373 2280
373 2324
373 2365
373 2385
373 2410
373 2472
373 2497
373 2523
373 2642
373 2719
373 2724
373 2745
373 2746
373 2766
373 2795
373 2831
373 2845
373 2853
373 2859
373 2878
373 2933
373 2947
373 2966
373 3009
373 3019
373 3086
373 3094
373 3097
373 3108
373 3254
373 3304
373 3374
373 3398
373 3506
373 3517
373 3529
373 3571
373 3644
373 3741
373 3788
373 3796
373 3801
373 3804
373 3888
373 3918
373 3990
373 4015
373 4029
373 4034
373 4082
373 4085
373 4110
373 4133
373 4276
373 4284
373 4305
373 4335
373 4340
373 4364
373 4395
374 403
374 719
374 1014
374 1142
374 1735
374 1983
374 3903
375 470
375 797
375 928
375 1371
375 1531
375 1827
375 2395
375 2472
375 2859
375 3037
375 3094
375 3374
375 3796
375 3896
375 4015
375 4082
375 4304
375 4305
375 4337
375 4395
376 551
376 683
376 794
376 1028
376 1117
376 1261
376 1340
376 1361
376 1557
376 1729
376 1738
376 1773
376 1878
376 1967
376 1995
376 2183
376 2185
376 2208
376 2222
376 2341
376 2470
376 3049
376 3540
376 3630
376 3671
376 3852
376 3853
376 3934
376 4077
376 4190
376 4243
376 4412
376 4463
376 4474
377 476
377 735
377 777
377 1083
377 1120
377 1622
377 1639
377 1692
377 1700
377 1933
377 2548
377 2731
377 3226
377 3316
377 3368
377 3468
377 3681
377 3773
377 3817
377 3867
377 4024
377 4089
377 4436
378 439
378 601
378 608
378 612
378 639
378 682
378 712
378 773
378 818
378 840
378 893
378 910
378 941
378 981
378 1042
378 1099
378 1104
378 1221
378 1263
378 1278
378 1309
378 1377
378 1393
378 1395
378 1498
378 1504
378 1539
378 1627
378 1665
378 1691
378 1703
378 1717
378 1745
378 1778
378 1831
378 1862
378 1872
378 1874
378 1926
378 2025
378 2099
378 2101
378 2144
378 2157
378 2269
378 2281
378 2316
378 2351
378 2378
378 2390
378 2436
378 2441
378 2468
378 2484
378 2520
378 2579
378 2634
378 2650
378 2676
378 2684
378 2997
378 3063
378 3101
378 3113
378 3119
378 3168
378 3235
378 3285
378 3336
378 3370
378 3481
378 3535
378 3553
378 3598
378 3691
378 3749
378 3849
378 3874
378 4119
378 4128
378 4230
378 4244
378 4297
378 4367
378 4379
378 4387
378 4457
378 4459
378 4460
379 671
379 1293
379 1491
379 1589
379 1606
379 1946
379 1968
379 2023
379 2253
379 2583
379 2592
379 2600
379 2742
379 2886
379 2916
379 2982
379 3111
379 4071
380 766
380 982
380 1179
380 1230
380 1317
380 1731
380 1983
380 2499
380 2702
380 3253
380 3260
380 3487
380 4287
380 4398
381 790
381 927
381 2314
381 3113
381 3803
382 442
382 479
382 485
382 553
382 559
382 573
382 576
382 586
382 635
382 700
382 736
382 740
382 742
382 908
382 926
382 954
382 1017
382 1064
382 1071
382 1078
382 1084
382 1110
382 1124
382 1129
382 1186
382 1233
382 1257
382 1260
382 1296
382 1298
382 1299
382 1326
382 1351
382 1362
382 1373
382 1404
382 1445
382 1480
382 1485
382 1499
382 1503
382 1522
382 1537
382 1550
382 1582
382 1590
382 1643
382 1666
382 1697
382 1705
382 1732
382 1740
382 1747
382 1756
382 1808
382 1814
382 1864
382 1871
382 1877
382 1954
382 2088
382 2115
382 2123
382 2135
382 2182
382 2227
382 2301
382 2422
382 2496
382 2525
382 2594
382 2598
382 2664
382 2666
382 2683
382 2699
382 2733
382 2735
382 2805
382 2869
382 2948
382 2950
382 2977
382 3033
382 3041
382 3076
382 3113
382 3129
382 3151
382 3185
382 3187
382 3273
382 3299
382 3349
382 3356
382 3417
382 3446
382 3464
382 3478
382 3504
382 3521
382 3528
382 3605
382 3615
382 3713
382 3728
382 3736
382 3782
382 3815
382 3819
382 3862
382 3878
382 3893
382 3897
382 3961
382 3975
382 3998
382 4040
382 4147
382 4153
382 4193
382 4196
382 4199
382 4270
382 4290
382 4313
382 4317
382 4374
382 4383
382 4488
383 658
383 1084
383 1088
383 1117
383 1509
383 1566
383 1853
383 2063
383 2092
383 2208
383 2284
383 2517
383 2664
383 2669
383 2804
383 2934
383 3113
383 3196
383 3503
383 3560
383 3648
383 3668
383 3822
383 3934
383 4011
383 4055
383 4343
383 4404
384 652
384 1986
384 2946
384 4015
385 790
385 1596
385 3468
385 3803
386 1758
386 2073
386 2462
386 2471
386 2622
386 3113
386 3662
386 4068
387 1157
387 1162
387 1557
387 2369
387 3102
387 3169
388 404
388 880
388 1140
388 1141
388 1168
388 1906
388 2275
388 2851
388 3044
388 4015
388 4397
389 708
389 1774
389 2220
389 3044
389 4015
390 545
390 590
390 747
390 768
390 951
390 973
390 993
390 1050
390 1259
390 1347
390 1380
390 1488
390 1804
390 1879
390 1939
390 2001
390 2032
390 2087
390 2262
390 2308
390 2618
390 3303
390 3403
390 3426
390 3462
390 3468
390 3525
390 3738
390 4215
390 4415
390 4467
391 437
391 511
391 588
391 611
391 652
391 796
391 1335
391 1337
391 1338
391 1384
391 1477
391 1876
391 2024
391 2095
391 2797
391 3151
391 3414
391 3486
391 3637
391 3985
391 4019
392 444
392 634
392 719
392 782
392 1439
392 1661
392 1983
392 2020
392 2169
392 2283
392 2493
392 3179
392 3218
392 3240
392 3518
392 3768
392 3830
392 3966
392 4027
392 4035
392 4187
393 804
393 842
393 1188
393 1282
393 1467
393 1597
393 2191
393 2312
393 2543
393 2750
393 3580
393 3582
393 3655
393 3664
393 4173
394 1219
394 1430
394 1544
394 1645
394 2162
394 2511
394 2667
394 2712
394 2905
394 3030
394 3056
394 3375
394 3453
394 3468
394 3511
394 3547
394 3937
394 3972
394 4263
394 4439
395 934
395 935
395 1316
395 1398
395 1943
395 3470
395 3812
396 947
396 2030
396 2403
396 3322
396 3703
397 1998
397 2073
397 2471
397 2613
397 2697
397 3113
397 3662
397 4006
397 4068
398 431
398 806
398 934
398 1007
398 1137
398 1386
398 1466
398 1520
398 1863
398 1865
398 1934
398 1981
398 2030
398 2040
398 2375
398 2396
398 2506
398 2507
398 2632
398 2674
398 2752
398 2800
398 2972
398 3095
398 3468
398 3595
398 3596
398 3682
398 3689
398 3714
398 3745
398 3910
398 3997
398 4135
398 4448
399 409
399 413
399 480
399 489
399 542
399 559
399 560
399 649
399 664
399 789
399 861
399 887
399 955
399 961
399 962
399 982
399 1004
399 1053
399 1067
399 1095
399 1100
399 1166
399 1190
399 1218
399 1229
399 1230
399 1284
399 1316
399 1317
399 1403
399 1408
399 1443
399 1506
399 1514
399 1584
399 1660
399 1682
399 1820
399 1895
399 1922
399 1953
399 1983
399 1999
399 2003
399 2029
399 2044
399 2046
399 2083
399 2113
399 2206
399 2252
399 2287
399 2356
399 2398
399 2439
399 2499
399 2572
399 2649
399 2658
399 2701
399 2755
399 2758
399 2774
399 2787
399 2794
399 2837
399 2858
399 2869
399 2899
399 2910
399 2918
399 3038
399 3082
399 3107
399 3108
399 3138
399 3162
399 3175
399 3246
399 3258
399 3293
399 3386
399 3460
399 3487
399 3505
399 3506
399 3611
399 3708
399 3724
399 3863
399 3987
399 4005
399 4072
399 4080
399 4154
399 4178
399 4259
399 4287
399 4294
399 4346
399 4398
399 4410
399 4440
399 4454
399 4455
399 4465
399 4478
400 571
400 704
400 806
400 820
400 885
400 922
400 938
400 947
400 1007
400 1054
400 1085
400 1087
400 1136
400 1137
400 1294
400 1341
400 1449
400 1466
400 1594
400 1771
400 1913
400 2013
400 2089
400 2129
400 2248
400 2273
400 2506
400 2611
400 2637
400 2736
400 2789
400 2800
400 2802
400 3244
400 3402
400 3468
400 3497
400 3531
400 3596
400 3629
400 3633
400 3677
400 4151
400 4192
400 4214
400 4266
400 4421
400 4438
400 4448
400 4476
401 513
401 571
401 706
401 726
401 904
401 1131
401 1193
401 1223
401 1291
401 1520
401 1524
401 1857
401 2866
401 2981
401 3015
401 3176
401 3468
401 3531
401 3596
401 3682
401 3805
401 3982
401 4135
401 4204
401 4228
401 4241
401 4405
402 411
402 1611
402 1728
402 1991
402 2245
402 2764
402 2879
402 2976
402 3001
402 3113
402 3526
402 3698
402 4275
402 4459
403 634
403 719
403 834
403 1014
403 1142
403 1364
403 1439
403 1735
403 1983
403 1987
403 2361
403 2465
403 2488
403 2677
403 2759
403 2772
403 2894
403 2962
403 3060
403 3174
403 3304
403 3903
403 4009
404 531
404 624
404 667
404 880
404 882
404 1140
404 1168
404 1604
404 1605
404 1646
404 1975
404 2026
404 2231
404 2275
404 2560
404 2563
404 2593
404 2851
404 3190
404 3283
404 3377
404 3472
404 3522
404 3584
404 3744
404 3869
404 3920
404 4015
404 4029
404 4149
404 4177
404 4301
405 454
405 519
405 579
405 587
405 614
405 686
405 757
405 806
405 885
405 904
405 917
405 922
405 938
405 984
405 1007
405 1085
405 1087
405 1136
405 1137
405 1193
405 1303
405 1325
405 1466
405 1607
405 1763
405 1771
405 1868
405 1963
405 2013
405 2040
405 2198
405 2248
405 2273
405 2489
405 2632
405 2637
405 2682
405 2789
405 2800
405 2802
405 2913
405 2971
405 3015
405 3244
405 3378
405 3402
405 3468
405 3603
405 3629
405 3633
405 3805
405 3836
405 3906
405 4151
405 4166
405 4192
405 4214
405 4241
405 4405
405 4421
405 4448
406 540
406 719
406 782
406 1442
406 1667
406 1671
406 1689
406 1882
406 1947
406 1983
406 2027
406 2206
406 2304
406 2686
406 2721
406 2748
406 2865
406 3209
406 3219
406 3260
406 3395
406 3604
406 3768
406 3798
406 3800
406 3830
406 3855
406 3933
406 4167
406 4269
406 4287
406 4407
406 4461
406 4478
407 424
407 427
407 458
407 459
407 460
407 462
407 464
407 496
407 509
407 569
407 575
407 580
407 591
407 593
407 606
407 607
407 619
407 656
407 662
407 672
407 687
407 743
407 772
407 779
407 784
407 786
407 815
407 855
407 873
407 890
407 939
407 970
407 991
407 995
407 1005
407 1058
407 1060
407 1148
407 1179
407 1198
407 1206
407 1234
407 1249
407 1273
407 1300
407 1328
407 1357
407 1359
407 1368
407 1376
407 1385
407 1399
407 1409
407 1414
407 1425
407 1440
407 1446
407 1447
407 1452
407 1475
407 1496
407 1511
407 1525
407 1535
407 1575
407 1579
407 1628
407 1638
407 1655
407 1712
407 1715
407 1737
407 1748
407 1764
407 1766
407 1791
407 1797
407 1801
407 1825
407 1866
407 1931
407 1948
407 1956
407 1977
407 1979
407 1983
407 2028
407 2037
407 2071
407 2114
407 2130
407 2149
407 2155
407 2166
407 2199
407 2241
407 2270
407 2288
407 2334
407 2357
407 2404
407 2430
407 2491
407 2501
407 2555
407 2557
407 2565
407 2583
407 2589
407 2592
407 2614
407 2628
407 2631
407 2648
407 2649
407 2656
407 2701
407 2751
407 2771
407 2781
407 2830
407 2838
407 2850
407 2863
407 2867
407 2869
407 2954
407 2975
407 3010
407 3017
407 3020
407 3023
407 3024
407 3034
407 3058
407 3064
407 3082
407 3092
407 3108
407 3123
407 3131
407 3147
407 3170
407 3178
407 3189
407 3194
407 3195
407 3213
407 3225
407 3234
407 3237
407 3252
407 3265
407 3275
407 3290
407 3321
407 3331
407 3404
407 3405
407 3406
407 3413
407 3501
407 3519
407 3541
407 3565
407 3589
407 3638
407 3654
407 3666
407 3678
407 3697
407 3742
407 3758
407 3762
407 3776
407 3837
407 3847
407 3848
407 3875
407 3889
407 3908
407 3950
407 3983
407 4076
407 4134
407 4240
407 4242
407 4250
407 4272
407 4309
407 4316
407 4326
407 4330
407 4347
407 4360
407 4377
407 4422
407 4425
407 4427
407 4431
407 4432
407 4450
407 4475
407 4482
408 490
408 502
408 568
408 804
408 842
408 1188
408 1270
408 1321
408 1461
408 1597
408 1986
408 2218
408 2312
408 2543
408 2561
408 2773
408 2835
408 3407
408 3484
408 3580
408 3664
408 4051
408 4148
408 4173
408 4207
409 489
409 560
409 651
409 707
409 821
409 900
409 955
409 961
409 968
409 971
409 1004
409 1053
409 1058
409 1092
409 1095
409 1100
409 1179
409 1190
409 1195
409 1230
409 1286
409 1316
409 1317
409 1382
409 1403
409 1441
409 1445
409 1472
409 1577
409 1584
409 1656
409 1660
409 1798
409 1811
409 1883
409 1916
409 1931
409 1983
409 1999
409 2003
409 2029
409 2046
409 2196
409 2206
409 2232
409 2287
409 2290
409 2309
409 2398
409 2455
409 2473
409 2499
409 2600
409 2649
409 2686
409 2701
409 2702
409 2721
409 2744
409 2755
409 2758
409 2776
409 2787
409 2794
409 2822
409 2833
409 2837
409 2858
409 2869
409 2899
409 2910
409 2918
409 2924
409 3038
409 3082
409 3107
409 3138
409 3170
409 3246
409 3258
409 3260
409 3365
409 3386
409 3408
409 3425
409 3487
409 3564
409 3569
409 3590
409 3604
409 3611
409 3685
409 3706
409 3736
409 3837
409 3899
409 3987
409 4023
409 4037
409 4095
409 4145
409 4258
409 4259
409 4293
409 4398
409 4410
409 4440
409 4461
409 4465
409 4475
409 4478
410 486
410 721
410 838
410 1181
410 1228
410 1322
410 1330
410 1483
410 1557
410 1570
410 1609
410 1813
410 1833
410 1861
410 2171
410 2620
410 2718
410 2823
410 2917
410 2994
410 3007
410 3014
410 3109
410 3150
410 3269
410 3288
410 3459
410 3712
410 3853
410 3877
410 4039
410 4143
410 4195
410 4333
411 570
411 648
411 801
411 912
411 976
411 1047
411 1200
411 1272
411 1578
411 1611
411 1728
411 1829
411 1991
411 2019
411 2053
411 2225
411 2245
411 2279
411 2313
411 2609
411 2663
411 2764
411 2848
411 2879
411 3001
411 3041
411 3052
411 3113
411 3163
411 3279
411 3483
411 3495
411 3523
411 3526
411 3698
411 3870
411 3872
411 3988
411 4084
411 4275
411 4459
412 605
412 1128
412 1155
412 1565
412 2377
412 2513
412 3553
412 3706
413 521
413 529
413 707
413 887
413 1033
413 1067
413 1092
413 1177
413 1316
413 1506
413 1518
413 1567
413 1649
413 1695
413 1820
413 1927
413 1951
413 1953
413 1983
413 1992
413 2083
413 2112
413 2252
413 2289
413 2439
413 2494
413 2577
413 3035
413 3335
413 3338
413 3460
413 3490
413 3575
413 3599
413 3892
413 3911
413 4005
413 4054
413 4399
413 4440
413 4455
414 457
414 468
414 530
414 544
414 594
414 625
414 626
414 677
414 790
414 802
414 960
414 1018
414 1034
414 1102
414 1113
414 1207
414 1231
414 1236
414 1344
414 1565
414 1588
414 1598
414 1760
414 1782
414 1904
414 1941
414 2018
414 2057
414 2131
414 2215
414 2268
414 2437
414 2452
414 2515
414 2542
414 2575
414 2651
414 2942
414 3000
414 3158
414 3233
414 3239
414 3347
414 3364
414 3412
414 3513
414 3538
414 3557
414 3734
414 3841
414 4127
414 4247
414 4362
415 2327
415 4375
416 594
416 677
416 1378
416 1552
416 1565
416 1588
416 2215
416 2500
416 2515
416 3155
416 3364
416 3538
417 703
417 1068
417 1871
417 2138
417 2254
417 2822
417 4210
418 3073
418 3113
418 3424
419 1785
419 1854
419 3361
419 3468
419 3620
419 3921
419 4218
419 4251
419 4351
420 942
420 1016
420 1284
420 1953
420 1983
420 1998
420 2153
420 2168
420 3035
420 3077
420 3335
420 3460
420 4455
421 489
421 533
421 542
421 632
421 649
421 664
421 685
421 695
421 808
421 844
421 955
421 961
421 962
421 1004
421 1009
421 1095
421 1100
421 1125
421 1195
421 1239
421 1271
421 1317
421 1385
421 1408
421 1423
421 1443
421 1514
421 1601
421 1624
421 1677
421 1731
421 1830
421 1922
421 1925
421 1983
421 1993
421 2003
421 2044
421 2046
421 2068
421 2113
421 2179
421 2184
421 2196
421 2206
421 2276
421 2287
421 2290
421 2309
421 2358
421 2429
421 2459
421 2495
421 2566
421 2600
421 2617
421 2672
421 2702
421 2755
421 2787
421 2794
421 2810
421 3038
421 3162
421 3246
421 3319
421 3365
421 3425
421 3487
421 3505
421 3564
421 3569
421 3604
421 3685
421 3708
421 3889
421 4058
421 4080
421 4145
421 4154
421 4178
421 4191
421 4208
421 4258
421 4346
421 4406
421 4410
421 4454
421 4465
422 3113
422 3410
422 4200
422 4286
422 4388
422 4427
423 567
423 794
423 927
423 1088
423 1411
423 1752
423 2063
423 2210
423 2279
423 2370
423 2478
423 2526
423 2532
423 2588
423 2596
423 2603
423 2804
423 2827
423 2916
423 2990
423 2996
423 3113
423 3382
423 3503
423 3660
423 3763
423 3816
423 3932
423 3934
423 4011
423 4055
423 4122
423 4443
424 427
424 458
424 459
424 460
424 462
424 464
424 496
424 509
424 548
424 575
424 591
424 593
424 607
424 623
424 656
424 660
424 662
424 672
424 687
424 743
424 772
424 779
424 786
424 819
424 855
424 873
424 939
424 954
424 970
424 1005
424 1045
424 1058
424 1081
424 1148
424 1154
424 1179
424 1198
424 1206
424 1234
424 1249
424 1273
424 1327
424 1357
424 1359
424 1368
424 1376
424 1385
424 1399
424 1414
424 1425
424 1440
424 1446
424 1447
424 1452
424 1475
424 1511
424 1535
424 1575
424 1579
424 1628
424 1638
424 1655
424 1712
424 1737
424 1748
424 1764
424 1766
424 1791
424 1797
424 1806
424 1825
424 1826
424 1866
424 1884
424 1948
424 1977
424 1979
424 1983
424 2028
424 2037
424 2049
424 2071
424 2114
424 2130
424 2149
424 2155
424 2166
424 2199
424 2205
424 2241
424 2255
424 2270
424 2288
424 2334
424 2357
424 2404
424 2430
424 2491
424 2501
424 2528
424 2555
424 2583
424 2589
424 2592
424 2628
424 2631
424 2648
424 2649
424 2656
424 2751
424 2771
424 2781
424 2830
424 2838
424 2850
424 2863
424 2867
424 2920
424 2950
424 2954
424 3009
424 3010
424 3011
424 3017
424 3020
424 3023
424 3024
424 3034
424 3058
424 3081
424 3082
424 3123
424 3131
424 3147
424 3178
424 3189
424 3194
424 3195
424 3213
424 3225
424 3237
424 3252
424 3265
424 3275
424 3290
424 3321
424 3331
424 3404
424 3405
424 3406
424 3413
424 3501
424 3519
424 3541
424 3565
424 3583
424 3589
424 3638
424 3643
424 3654
424 3666
424 3678
424 3697
424 3742
424 3758
424 3762
424 3769
424 3776
424 3837
424 3848
424 3875
424 3890
424 3908
424 3950
424 3983
424 3991
424 4070
424 4076
424 4095
424 4134
424 4146
424 4240
424 4242
424 4250
424 4272
424 4293
424 4307
424 4309
424 4316
424 4326
424 4330
424 4347
424 4360
424 4377
424 4422
424 4425
424 4431
424 4432
424 4450
424 4470
424 4482
425 775
425 1903
425 2151
425 2861
425 2949
425 3238
425 3468
425 3601
425 3943
425 4161
425 4239
426 599
426 1253
426 1361
426 1491
426 1606
426 1936
426 2511
426 3989
427 440
427 458
427 459
427 460
427 462
427 464
427 496
427 509
427 575
427 591
427 593
427 607
427 619
427 656
427 662
427 672
427 687
427 743
427 772
427 779
427 786
427 855
427 873
427 890
427 939
427 970
427 1005
427 1058
427 1179
427 1198
427 1206
427 1234
427 1243
427 1273
427 1327
427 1328
427 1357
427 1368
427 1376
427 1385
427 1399
427 1414
427 1425
427 1446
427 1447
427 1452
427 1475
427 1511
427 1535
427 1575
427 1579
427 1628
427 1638
427 1655
427 1689
427 1693
427 1712
427 1737
427 1748
427 1764
427 1766
427 1791
427 1797
427 1825
427 1866
427 1884
427 1931
427 1948
427 1956
427 1977
427 1979
427 1983
427 2028
427 2037
427 2056
427 2071
427 2114
427 2130
427 2149
427 2155
427 2166
427 2199
427 2241
427 2270
427 2288
427 2300
427 2334
427 2357
427 2404
427 2430
427 2501
427 2555
427 2583
427 2589
427 2592
427 2614
427 2628
427 2631
427 2648
427 2649
427 2656
427 2660
427 2734
427 2751
427 2771
427 2830
427 2850
427 2863
427 2954
427 3010
427 3011
427 3017
427 3020
427 3023
427 3024
427 3034
427 3058
427 3064
427 3082
427 3131
427 3178
427 3189
427 3191
427 3194
427 3195
427 3213
427 3225
427 3237
427 3252
427 3265
427 3272
427 3275
427 3290
427 3321
427 3331
427 3404
427 3405
427 3406
427 3420
427 3501
427 3519
427 3541
427 3565
427 3583
427 3589
427 3638
427 3654
427 3666
427 3678
427 3697
427 3742
427 3758
427 3762
427 3776
427 3791
427 3848
427 3875
427 3950
427 3983
427 4076
427 4115
427 4134
427 4139
427 4181
427 4240
427 4242
427 4250
427 4272
427 4307
427 4309
427 4316
427 4326
427 4330
427 4347
427 4360
427 4377
427 4425
427 4431
427 4432
427 4450
427 4470
427 4482
428 483
428 585
428 609
428 661
428 983
428 989
428 1247
428 1274
428 1290
428 1308
428 1333
428 1379
428 1701
428 1790
428 2084
428 2151
428 2203
428 2204
428 2332
428 2336
428 2343
428 2350
428 2421
428 2443
428 2544
428 2599
428 2608
428 2641
428 2769
428 2861
428 2940
428 3100
428 3204
428 3205
428 3231
428 3257
428 3297
428 3325
428 3434
428 3468
428 3534
428 3609
428 3612
428 3622
428 3642
428 3732
428 3733
428 3750
428 3787
428 3789
428 3868
428 3873
428 3925
428 4171
428 4211
428 4393
429 2625
430 442
430 485
430 547
430 553
430 572
430 573
430 578
430 581
430 586
430 627
430 631
430 640
430 650
430 736
430 903
430 923
430 926
430 954
430 1011
430 1017
430 1045
430 1081
430 1143
430 1149
430 1178
430 1192
430 1251
430 1257
430 1268
430 1326
430 1351
430 1424
430 1450
430 1480
430 1537
430 1582
430 1684
430 1702
430 1740
430 1747
430 1751
430 1758
430 1775
430 1786
430 1802
430 1815
430 1871
430 1982
430 2098
430 2115
430 2178
430 2238
430 2255
430 2368
430 2392
430 2414
430 2415
430 2422
430 2442
430 2450
430 2480
430 2491
430 2496
430 2535
430 2564
430 2594
430 2598
430 2619
430 2622
430 2652
430 2698
430 2740
430 2780
430 2855
430 3033
430 3111
430 3113
430 3129
430 3151
430 3187
430 3191
430 3264
430 3417
430 3432
430 3478
430 3485
430 3520
430 3528
430 3562
430 3672
430 3710
430 3723
430 3728
430 3737
430 3767
430 3784
430 3819
430 3847
430 3860
430 3878
430 3893
430 3897
430 3961
430 4008
430 4042
430 4043
430 4052
430 4056
430 4115
430 4138
430 4153
430 4188
430 4193
430 4236
430 4262
430 4270
430 4312
430 4313
430 4319
430 4370
430 4383
430 4475
430 4479
430 4483
430 4486
431 454
431 614
431 686
431 696
431 704
431 722
431 726
431 771
431 806
431 820
431 886
431 922
431 934
431 1131
431 1137
431 1194
431 1277
431 1291
431 1294
431 1466
431 1594
431 1771
431 1857
431 1863
431 1865
431 1868
431 1970
431 2030
431 2089
431 2129
431 2198
431 2248
431 2449
431 2506
431 2553
431 2632
431 2645
431 2674
431 2682
431 2736
431 2752
431 2789
431 2800
431 2802
431 2854
431 2864
431 2866
431 2913
431 2971
431 2972
431 3015
431 3095
431 3176
431 3244
431 3326
431 3402
431 3468
431 3476
431 3497
431 3531
431 3595
431 3596
431 3600
431 3629
431 3633
431 3673
431 3682
431 3745
431 3747
431 3826
431 3910
431 3953
431 4135
431 4192
431 4214
431 4241
431 4295
431 4310
431 4448
432 1557
432 2171
432 3948
433 490
433 518
433 744
433 755
433 895
433 1010
433 1315
433 1421
433 1482
433 1744
433 1964
433 2197
433 2266
433 2463
433 2527
433 2543
433 3021
433 3494
433 3639
433 3661
433 3851
433 3861
433 3938
433 4013
433 4019
433 4093
433 4156
434 577
434 1901
434 2220
434 3748
434 4015
435 540
435 1442
435 1983
435 2008
435 2686
435 3098
435 3445
435 3604
436 1556
436 1800
436 1905
436 2086
436 2907
436 3113
436 3814
437 645
437 652
437 689
437 713
437 758
437 1015
437 3869
437 4015
438 2038
439 508
439 564
439 601
439 639
439 665
439 682
439 784
439 830
439 839
439 840
439 841
439 864
439 877
439 981
439 1022
439 1037
439 1042
439 1080
439 1099
439 1104
439 1221
439 1263
439 1309
439 1377
439 1393
439 1395
439 1498
439 1504
439 1534
439 1536
439 1539
439 1627
439 1650
439 1665
439 1682
439 1715
439 1717
439 1723
439 1778
439 1784
439 1831
439 1860
439 1872
439 1874
439 1907
439 1926
439 2025
439 2049
439 2065
439 2099
439 2101
439 2157
439 2281
439 2316
439 2321
439 2378
439 2390
439 2436
439 2468
439 2484
439 2520
439 2533
439 2540
439 2550
439 2579
439 2634
439 2650
439 2669
439 2676
439 2684
439 2804
439 2806
439 2838
439 2997
439 3063
439 3101
439 3113
439 3235
439 3285
439 3307
439 3309
439 3344
439 3355
439 3356
439 3420
439 3471
439 3481
439 3496
439 3553
439 3598
439 3691
439 3736
439 3749
439 3777
439 3791
439 3849
439 3874
439 3924
439 3931
439 3973
439 4094
439 4100
439 4128
439 4244
439 4367
439 4379
439 4381
439 4387
439 4441
439 4451
439 4457
439 4459
439 4475
440 540
440 1232
440 1442
440 1667
440 1671
440 1689
440 1983
440 2304
440 2877
440 3445
440 3488
440 3539
440 3871
440 4461
440 4478
441 696
441 703
441 715
441 849
441 1346
441 1591
441 1804
441 1858
441 1911
441 1932
441 1997
441 2089
441 2730
441 2731
441 2737
441 2811
441 2868
441 2940
441 3227
441 3468
441 3681
441 3789
441 3792
441 3799
441 3867
441 3919
441 3959
441 4393
441 4436
441 4448
442 485
442 524
442 543
442 546
442 547
442 572
442 578
442 580
442 581
442 586
442 627
442 640
442 736
442 742
442 781
442 815
442 847
442 863
442 923
442 926
442 929
442 931
442 965
442 1011
442 1017
442 1078
442 1082
442 1091
442 1105
442 1143
442 1149
442 1178
442 1185
442 1192
442 1226
442 1251
442 1257
442 1298
442 1299
442 1337
442 1351
442 1373
442 1404
442 1405
442 1406
442 1450
442 1454
442 1480
442 1485
442 1507
442 1522
442 1537
442 1543
442 1554
442 1684
442 1702
442 1747
442 1751
442 1758
442 1775
442 1841
442 1864
442 1869
442 1871
442 1954
442 1973
442 2056
442 2098
442 2115
442 2123
442 2176
442 2178
442 2227
442 2238
442 2249
442 2285
442 2327
442 2415
442 2422
442 2450
442 2496
442 2535
442 2564
442 2594
442 2598
442 2622
442 2652
442 2666
442 2683
442 2699
442 2726
442 2740
442 2744
442 2780
442 2801
442 2805
442 2821
442 2855
442 2901
442 2909
442 2977
442 3061
442 3111
442 3113
442 3129
442 3151
442 3185
442 3187
442 3214
442 3273
442 3349
442 3417
442 3430
442 3478
442 3515
442 3520
442 3615
442 3647
442 3710
442 3715
442 3728
442 3737
442 3767
442 3784
442 3812
442 3815
442 3819
442 3850
442 3857
442 3862
442 3863
442 3878
442 3893
442 3897
442 3955
442 3991
442 3998
442 4008
442 4021
442 4040
442 4042
442 4070
442 4090
442 4115
442 4138
442 4153
442 4185
442 4236
442 4262
442 4270
442 4290
442 4298
442 4312
442 4331
442 4370
442 4383
442 4475
442 4479
442 4481
442 4486
443 804
443 1074
443 1323
443 1345
443 1397
443 1923
443 2228
443 2475
443 2926
443 3380
443 3470
443 3755
443 3827
443 4424
444 482
444 767
444 1266
444 1608
444 1940
444 1983
444 2020
444 2147
444 2264
444 2283
444 2493
444 2530
444 2894
444 3218
444 3219
444 3318
444 3518
444 3768
444 4027
444 4099
445 570
445 639
445 682
445 1104
445 1309
445 1534
445 1723
445 1784
445 2025
445 2325
445 2633
445 2875
445 2997
445 3113
445 3168
445 3214
445 3336
445 3370
445 3691
445 3767
445 4064
445 4114
445 4119
445 4233
445 4339
445 4460
446 666
446 797
446 946
446 1160
446 1224
446 1433
446 1526
446 1531
446 1629
446 1668
446 1827
446 1851
446 1890
446 1958
446 2036
446 2075
446 2173
446 2317
446 2745
446 2795
446 2859
446 3094
446 3097
446 3144
446 3254
446 3740
446 3741
446 3796
446 3804
446 3896
446 4015
446 4082
446 4085
446 4189
446 4305
446 4395
447 609
447 615
447 709
447 715
447 768
447 913
447 1274
447 1401
447 1559
447 1599
447 1759
447 1834
447 2106
447 2332
447 2382
447 2418
447 2513
447 2514
447 2538
447 2670
447 2730
447 2791
447 2940
447 3016
447 3079
447 3104
447 3160
447 3277
447 3341
447 3361
447 3396
447 3409
447 3468
447 3622
447 3642
447 3733
447 3820
447 3868
447 3925
447 3954
447 4231
447 4314
447 4345
447 4462
448 653
448 684
448 1342
448 2286
448 2870
448 2923
448 3143
448 3149
448 3493
448 3591
448 4015
448 4017
448 4464
449 554
449 801
449 817
449 912
449 1068
449 1336
449 2210
449 3091
449 3113
449 3870
449 3894
449 4062
449 4064
449 4111
449 4484
450 663
450 1361
450 1491
450 1589
450 1606
450 1714
450 1736
450 1783
450 2511
450 2534
450 2673
450 3047
450 3074
450 3121
450 3310
450 3640
450 3856
451 735
451 1086
451 1383
451 1410
451 1622
451 1639
451 1658
451 1692
451 1711
451 1716
451 1759
451 1914
451 2035
451 2108
451 2190
451 2332
451 2548
451 2571
451 2601
451 2940
451 2974
451 3227
451 3368
451 3429
451 3468
451 3658
451 3681
451 3759
451 4024
451 4028
451 4253
451 4436
452 663
452 766
452 1029
452 1361
452 1843
452 2511
452 2669
452 3074
452 3915
452 4030
452 4336
453 791
453 848
453 973
453 993
453 1523
453 2012
453 2032
453 2120
453 2175
453 2360
453 2383
453 2597
453 2624
453 2931
453 3303
453 3426
453 3468
453 3563
453 3773
453 3876
453 3954
453 4002
453 4103
453 4225
453 4251
453 4315
454 519
454 571
454 579
454 587
454 686
454 704
454 757
454 806
454 885
454 904
454 922
454 938
454 974
454 984
454 1007
454 1085
454 1087
454 1131
454 1136
454 1137
454 1193
454 1294
454 1303
454 1325
454 1332
454 1466
454 1594
454 1763
454 1857
454 1865
454 1963
454 2013
454 2040
454 2129
454 2198
454 2248
454 2611
454 2632
454 2637
454 2682
454 2789
454 2802
454 2913
454 2971
454 3015
454 3176
454 3270
454 3378
454 3402
454 3468
454 3603
454 3629
454 3633
454 3747
454 3805
454 3826
454 3836
454 3906
454 3953
454 4041
454 4166
454 4192
454 4241
454 4266
454 4405
454 4421
454 4438
455 895
455 2709
455 3645
455 4015
456 788
456 1553
456 1637
456 1850
456 1983
456 2236
456 2283
456 2338
456 2347
456 2493
456 2680
456 2964
456 3240
456 3395
456 3702
456 3768
456 3798
456 4187
457 544
457 594
457 626
457 668
457 677
457 1034
457 1288
457 1565
457 1588
457 1598
457 1636
457 2018
457 2059
457 2170
457 2215
457 2307
457 2452
457 2829
457 2921
457 2942
457 3000
457 3158
457 3188
457 3239
457 3364
457 3427
457 3440
458 459
458 462
458 464
458 493
458 496
458 509
458 524
458 552
458 575
458 591
458 593
458 607
458 619
458 656
458 660
458 662
458 672
458 687
458 743
458 772
458 779
458 786
458 853
458 855
458 873
458 890
458 939
458 970
458 1005
458 1058
458 1081
458 1179
458 1198
458 1206
458 1234
458 1249
458 1273
458 1327
458 1328
458 1357
458 1359
458 1376
458 1385
458 1399
458 1414
458 1425
458 1446
458 1447
458 1452
458 1475
458 1478
458 1496
458 1527
458 1535
458 1575
458 1579
458 1628
458 1638
458 1655
458 1674
458 1712
458 1715
458 1737
458 1748
458 1764
458 1766
458 1791
458 1797
458 1816
458 1825
458 1826
458 1866
458 1895
458 1948
458 1956
458 1977
458 1979
458 1983
458 2028
458 2037
458 2049
458 2071
458 2114
458 2130
458 2149
458 2155
458 2166
458 2199
458 2241
458 2270
458 2334
458 2357
458 2391
458 2404
458 2430
458 2431
458 2501
458 2555
458 2583
458 2589
458 2592
458 2614
458 2628
458 2631
458 2648
458 2649
458 2656
458 2689
458 2701
458 2733
458 2744
458 2751
458 2771
458 2781
458 2806
458 2830
458 2838
458 2850
458 2863
458 2867
458 2901
458 2920
458 2954
458 3009
458 3010
458 3011
458 3017
458 3020
458 3023
458 3024
458 3034
458 3058
458 3082
458 3123
458 3131
458 3170
458 3183
458 3189
458 3194
458 3195
458 3213
458 3237
458 3252
458 3265
458 3275
458 3331
458 3404
458 3405
458 3406
458 3413
458 3420
458 3501
458 3519
458 3541
458 3565
458 3583
458 3589
458 3638
458 3654
458 3666
458 3678
458 3697
458 3736
458 3742
458 3758
458 3762
458 3776
458 3837
458 3847
458 3848
458 3875
458 3889
458 3908
458 3923
458 3950
458 3983
458 4061
458 4076
458 4095
458 4134
458 4216
458 4240
458 4242
458 4250
458 4272
458 4293
458 4307
458 4309
458 4316
458 4326
458 4330
458 4332
458 4347
458 4360
458 4377
458 4406
458 4425
458 4431
458 4432
458 4441
458 4450
458 4470
458 4482
459 462
459 464
459 496
459 548
459 575
459 593
459 656
459 660
459 662
459 672
459 699
459 743
459 772
459 779
459 853
459 855
459 873
459 876
459 890
459 956
459 991
459 1005
459 1058
459 1150
459 1179
459 1206
459 1234
459 1249
459 1273
459 1357
459 1368
459 1385
459 1403
459 1425
459 1447
459 1452
459 1475
459 1511
459 1628
459 1638
459 1712
459 1715
459 1737
459 1764
459 1766
459 1791
459 1801
459 1816
459 1866
459 1977
459 1979
459 1983
459 2028
459 2037
459 2114
459 2241
459 2270
459 2357
459 2404
459 2430
459 2453
459 2491
459 2555
459 2583
459 2589
459 2592
459 2649
459 2751
459 2771
459 2806
459 2863
459 2954
459 3017
459 3023
459 3024
459 3058
459 3082
459 3124
459 3131
459 3178
459 3194
459 3195
459 3213
459 3237
459 3252
459 3321
459 3404
459 3405
459 3406
459 3501
459 3541
459 3589
459 3666
459 3678
459 3697
459 3723
459 3742
459 3758
459 3769
459 3837
459 3875
459 3884
459 3889
459 3908
459 3923
459 3950
459 4057
459 4076
459 4134
459 4181
459 4232
459 4240
459 4242
459 4250
459 4272
459 4316
459 4326
459 4331
459 4347
459 4377
459 4425
459 4432
459 4437
459 4450
459 4470
459 4475
460 462
460 493
460 496
460 575
460 591
460 593
460 656
460 662
460 779
460 786
460 819
460 853
460 855
460 873
460 876
460 890
460 1005
460 1058
460 1179
460 1206
460 1234
460 1273
460 1327
460 1328
460 1359
460 1376
460 1385
460 1399
460 1414
460 1425
460 1446
460 1447
460 1452
460 1475
460 1575
460 1638
460 1655
460 1682
460 1737
460 1764
460 1791
460 1802
460 1866
460 1948
460 1956
460 1979
460 1983
460 2028
460 2037
460 2071
460 2130
460 2149
460 2241
460 2368
460 2385
460 2404
460 2430
460 2453
460 2524
460 2555
460 2557
460 2589
460 2614
460 2628
460 2648
460 2649
460 2656
460 2751
460 2781
460 2830
460 2850
460 2863
460 2954
460 3010
460 3023
460 3034
460 3058
460 3064
460 3082
460 3123
460 3131
460 3170
460 3178
460 3189
460 3194
460 3213
460 3252
460 3265
460 3275
460 3290
460 3331
460 3405
460 3406
460 3501
460 3506
460 3541
460 3589
460 3638
460 3742
460 3762
460 3837
460 3863
460 3889
460 3908
460 3950
460 4070
460 4076
460 4134
460 4139
460 4146
460 4240
460 4242
460 4250
460 4272
460 4307
460 4309
460 4347
460 4360
460 4377
460 4425
460 4431
460 4432
461 598
461 794
461 838
461 843
461 869
461 1056
461 1163
461 1181
461 1228
461 1456
461 1557
461 1634
461 1729
461 1833
461 1924
461 2177
461 2222
461 2341
461 2384
461 2718
461 2804
461 2823
461 2917
461 2957
461 3008
461 3093
461 3288
461 3352
461 3853
461 4039
461 4143
462 464
462 466
462 496
462 509
462 552
462 569
462 575
462 591
462 593
462 656
462 660
462 662
462 672
462 687
462 740
462 743
462 772
462 779
462 786
462 819
462 855
462 873
462 890
462 939
462 975
462 1005
462 1058
462 1179
462 1198
462 1206
462 1234
462 1273
462 1300
462 1327
462 1357
462 1359
462 1368
462 1376
462 1385
462 1399
462 1414
462 1425
462 1440
462 1446
462 1447
462 1452
462 1470
462 1475
462 1511
462 1535
462 1575
462 1579
462 1628
462 1638
462 1655
462 1678
462 1696
462 1712
462 1737
462 1748
462 1764
462 1766
462 1791
462 1797
462 1825
462 1866
462 1884
462 1895
462 1948
462 1977
462 1979
462 1983
462 1986
462 2028
462 2037
462 2071
462 2114
462 2130
462 2149
462 2155
462 2166
462 2199
462 2270
462 2334
462 2357
462 2368
462 2404
462 2430
462 2453
462 2501
462 2524
462 2555
462 2556
462 2568
462 2583
462 2589
462 2592
462 2628
462 2631
462 2648
462 2649
462 2656
462 2751
462 2781
462 2830
462 2850
462 2863
462 2867
462 2922
462 2954
462 3010
462 3011
462 3017
462 3020
462 3023
462 3024
462 3034
462 3051
462 3058
462 3064
462 3067
462 3081
462 3082
462 3123
462 3131
462 3178
462 3189
462 3194
462 3195
462 3213
462 3237
462 3252
462 3265
462 3275
462 3290
462 3321
462 3331
462 3369
462 3405
462 3406
462 3413
462 3420
462 3501
462 3519
462 3541
462 3565
462 3583
462 3589
462 3638
462 3654
462 3666
462 3678
462 3697
462 3742
462 3758
462 3762
462 3769
462 3776
462 3837
462 3848
462 3875
462 3889
462 3890
462 3908
462 3950
462 4076
462 4134
462 4139
462 4142
462 4240
462 4242
462 4250
462 4272
462 4307
462 4309
462 4316
462 4326
462 4330
462 4347
462 4360
462 4377
462 4422
462 4425
462 4431
462 4432
462 4475
464 496
464 509
464 575
464 593
464 607
464 635
464 656
464 660
464 672
464 687
464 743
464 779
464 786
464 855
464 873
464 890
464 971
464 1005
464 1058
464 1139
464 1198
464 1206
464 1234
464 1359
464 1368
464 1376
464 1385
464 1399
464 1425
464 1447
464 1470
464 1475
464 1511
464 1535
464 1575
464 1579
464 1628
464 1638
464 1648
464 1655
464 1737
464 1764
464 1766
464 1801
464 1884
464 1977
464 1979
464 1983
464 2037
464 2071
464 2114
464 2155
464 2241
464 2404
464 2430
464 2485
464 2501
464 2537
464 2555
464 2583
464 2592
464 2628
464 2631
464 2649
464 2656
464 2751
464 2771
464 2863
464 3010
464 3017
464 3020
464 3023
464 3024
464 3034
464 3058
464 3082
464 3131
464 3170
464 3189
464 3194
464 3213
464 3237
464 3252
464 3331
464 3404
464 3405
464 3406
464 3436
464 3501
464 3541
464 3565
464 3589
464 3638
464 3666
464 3678
464 3697
464 3736
464 3742
464 3758
464 3762
464 3776
464 3837
464 3848
464 3875
464 3889
464 3908
464 3923
464 3950
464 4070
464 4076
464 4131
464 4134
464 4139
464 4240
464 4272
464 4293
464 4307
464 4309
464 4316
464 4326
464 4347
464 4360
464 4377
464 4425
464 4431
464 4432
464 4441
464 4450
464 4470
464 4482
465 564
465 864
465 930
465 981
465 1022
465 1037
465 1070
465 1221
465 1434
465 1650
465 1839
465 1860
465 1907
465 1926
465 2164
465 2354
465 2378
465 2860
465 2997
465 3113
465 3282
465 3351
465 3471
465 3770
465 3924
465 4000
465 4100
465 4209
465 4342
465 4427
465 4451
465 4457
465 4459
466 509
466 860
466 961
466 1251
466 1368
466 1684
466 1747
466 1979
466 3092
466 3113
466 3444
466 3772
466 4313
466 4426
466 4432
467 484
467 758
467 1335
467 1836
467 2105
467 3152
467 3524
467 3809
467 3834
467 3971
467 3985
467 4015
468 544
468 561
468 594
468 625
468 626
468 670
468 787
468 798
468 802
468 960
468 1034
468 1116
468 1222
468 1231
468 1369
468 1476
468 1565
468 1588
468 1598
468 1760
468 1782
468 1904
468 2083
468 2215
468 2437
468 2452
468 2460
468 2500
468 2515
468 2584
468 2654
468 2908
468 2921
468 3000
468 3026
468 3158
468 3308
468 3364
468 4218
469 489
469 560
469 563
469 632
469 695
469 808
469 961
469 1072
469 1095
469 1354
469 1713
469 1983
469 2044
469 2112
469 2289
469 2459
469 2600
469 2910
469 3082
469 3232
469 3295
469 3305
469 3611
469 3626
469 3828
469 3829
469 3899
469 4058
469 4095
469 4294
469 4465
470 797
470 814
470 854
470 928
470 1531
470 1541
470 1827
470 2072
470 2094
470 2158
470 2173
470 2472
470 2739
470 3031
470 3254
470 3896
470 3902
470 4015
470 4045
470 4082
470 4304
470 4337
470 4395
471 693
471 1020
471 1615
471 1915
471 2277
471 2402
471 2963
471 3134
471 3142
471 3199
471 3350
471 3811
472 1127
472 1266
472 1465
472 1608
472 1983
472 2283
472 2347
472 2529
472 2639
472 3219
472 3641
472 4112
473 510
473 603
473 666
473 1035
473 1079
473 1169
473 1224
473 1324
473 1371
473 1428
473 1458
473 1581
473 1619
473 1630
473 1668
473 1707
473 1719
473 1726
473 1772
473 1810
473 1848
473 1851
473 1944
473 1958
473 1969
473 2048
473 2122
473 2137
473 2193
473 2219
473 2261
473 2497
473 2523
473 2642
473 2724
473 2745
473 2746
473 2795
473 2797
473 2845
473 2859
473 2878
473 2947
473 3086
473 3094
473 3117
473 3374
473 3480
473 3571
473 3574
473 3721
473 3741
473 3796
473 3804
473 3956
473 4015
473 4082
473 4110
473 4297
473 4305
474 496
474 509
474 855
474 975
474 1082
474 1385
474 1450
474 1806
474 1871
474 1979
474 2047
474 2071
474 2270
474 2309
474 2558
474 2594
474 2628
474 2747
474 2904
474 3129
474 3666
474 3837
474 3897
474 4117
474 4326
475 1901
475 4015
476 609
476 715
476 848
476 909
476 1120
476 1247
476 1290
476 1333
476 1347
476 1379
476 1622
476 1690
476 1834
476 1933
476 2262
476 2514
476 2626
476 2730
476 2731
476 3100
476 3205
476 3226
476 3316
476 3409
476 3468
476 3732
476 3733
476 3787
476 3817
476 3867
476 3876
476 3925
476 3944
476 4002
476 4089
476 4141
476 4220
476 4231
476 4253
476 4273
476 4315
476 4345
476 4350
476 4436
477 1046
477 1757
477 1794
477 1900
477 2035
477 2190
477 3040
477 3468
477 4014
477 4097
477 4358
477 4436
478 1231
478 1636
478 4150
479 485
479 553
479 573
479 581
479 729
479 736
479 742
479 905
479 931
479 1091
479 1143
479 1225
479 1233
479 1251
479 1260
479 1320
479 1326
479 1337
479 1351
479 1402
479 1406
479 1424
479 1503
479 1507
479 1543
479 1582
479 1592
479 1730
479 1740
479 1808
479 1814
479 1869
479 1877
479 2069
479 2088
479 2115
479 2123
479 2178
479 2182
479 2226
479 2249
479 2301
479 2442
479 2450
479 2476
479 2678
479 2784
479 2821
479 2855
479 2992
479 3033
479 3076
479 3111
479 3113
479 3129
479 3264
479 3392
479 3452
479 3464
479 3515
479 3521
479 3528
479 3586
479 3647
479 3739
479 3782
479 3961
479 4008
479 4020
479 4043
479 4113
479 4147
479 4188
479 4313
479 4319
479 4433
479 4488
480 489
480 503
480 542
480 560
480 580
480 608
480 632
480 649
480 651
480 707
480 740
480 789
480 821
480 853
480 861
480 900
480 955
480 961
480 962
480 982
480 995
480 1053
480 1067
480 1095
480 1100
480 1125
480 1179
480 1190
480 1195
480 1229
480 1239
480 1286
480 1317
480 1382
480 1408
480 1441
480 1443
480 1472
480 1546
480 1584
480 1671
480 1677
480 1768
480 1798
480 1802
480 1811
480 1882
480 1916
480 1922
480 1925
480 1981
480 1983
480 1993
480 1999
480 2003
480 2029
480 2046
480 2049
480 2083
480 2113
480 2200
480 2206
480 2232
480 2287
480 2290
480 2309
480 2356
480 2372
480 2398
480 2499
480 2658
480 2686
480 2721
480 2755
480 2758
480 2776
480 2787
480 2794
480 2822
480 2833
480 2837
480 2856
480 2858
480 2899
480 2910
480 2911
480 2924
480 3038
480 3067
480 3082
480 3107
480 3112
480 3138
480 3162
480 3258
480 3293
480 3365
480 3386
480 3408
480 3436
480 3487
480 3569
480 3590
480 3611
480 3623
480 3685
480 3708
480 3718
480 3724
480 3863
480 3899
480 3996
480 4023
480 4037
480 4058
480 4060
480 4080
480 4095
480 4145
480 4154
480 4178
480 4219
480 4234
480 4258
480 4259
480 4287
480 4293
480 4294
480 4325
480 4346
480 4398
480 4410
480 4454
480 4461
480 4465
480 4478
481 608
481 1291
481 1435
481 2038
481 2541
481 2604
481 2987
481 3468
482 1241
482 1459
482 1983
482 2066
482 2102
482 2147
482 2212
482 3318
482 3768
483 609
483 661
483 715
483 983
483 989
483 1247
483 1274
483 1308
483 1333
483 1379
483 1708
483 1790
483 2084
483 2151
483 2203
483 2204
483 2336
483 2343
483 2443
483 2514
483 2544
483 2599
483 2608
483 2769
483 2861
483 2940
483 3204
483 3205
483 3217
483 3231
483 3267
483 3297
483 3434
483 3468
483 3534
483 3622
483 3642
483 3732
483 3733
483 3935
483 4171
483 4211
483 4393
484 758
484 1275
484 1369
484 1836
484 2785
484 4015
485 547
485 572
485 573
485 578
485 580
485 581
485 586
485 627
485 640
485 647
485 700
485 742
485 784
485 830
485 874
485 925
485 926
485 929
485 954
485 1011
485 1064
485 1078
485 1105
485 1110
485 1129
485 1149
485 1152
485 1178
485 1192
485 1218
485 1257
485 1260
485 1268
485 1292
485 1298
485 1299
485 1351
485 1362
485 1404
485 1405
485 1450
485 1454
485 1480
485 1485
485 1503
485 1507
485 1522
485 1537
485 1582
485 1684
485 1702
485 1747
485 1758
485 1775
485 1786
485 1864
485 1871
485 1877
485 1954
485 1973
485 2098
485 2104
485 2115
485 2135
485 2178
485 2227
485 2238
485 2249
485 2285
485 2294
485 2298
485 2385
485 2387
485 2414
485 2415
485 2422
485 2423
485 2454
485 2480
485 2496
485 2535
485 2594
485 2598
485 2629
485 2652
485 2666
485 2683
485 2740
485 2743
485 2780
485 2805
485 2948
485 3033
485 3051
485 3061
485 3066
485 3111
485 3113
485 3129
485 3151
485 3181
485 3185
485 3187
485 3273
485 3299
485 3343
485 3349
485 3417
485 3430
485 3478
485 3515
485 3520
485 3528
485 3615
485 3710
485 3715
485 3723
485 3728
485 3737
485 3767
485 3784
485 3791
485 3815
485 3819
485 3850
485 3857
485 3860
485 3862
485 3893
485 3923
485 3955
485 3977
485 3987
485 3998
485 4008
485 4040
485 4042
485 4070
485 4113
485 4115
485 4147
485 4153
485 4185
485 4262
485 4270
485 4290
485 4312
485 4313
485 4319
485 4370
485 4374
485 4383
485 4479
485 4486
486 598
486 683
486 794
486 843
486 1444
486 1456
486 1557
486 1614
486 1634
486 1721
486 1722
486 1813
486 1833
486 1924
486 1929
486 2027
486 2063
486 2171
486 2177
486 2183
486 2341
486 2470
486 2718
486 2804
486 2994
486 3150
486 3157
486 3288
486 3352
486 3877
487 852
487 2808
487 3266
487 3709
487 4015
488 543
488 568
488 620
488 630
488 676
488 686
488 783
488 859
488 911
488 1115
488 1421
488 1577
488 1626
488 1845
488 1876
488 2011
488 2250
488 2273
488 2293
488 2348
488 2457
488 2471
488 2505
488 2552
488 2643
488 2655
488 2688
488 2722
488 2778
488 2828
488 2916
488 3003
488 3295
488 3346
488 3483
488 3567
488 3676
488 3717
488 3756
488 3765
488 3855
488 3992
488 4012
489 533
489 542
489 560
489 632
489 649
489 651
489 664
489 695
489 789
489 808
489 821
489 830
489 861
489 900
489 955
489 961
489 962
489 982
489 1004
489 1045
489 1053
489 1067
489 1069
489 1095
489 1100
489 1190
489 1195
489 1229
489 1230
489 1271
489 1286
489 1300
489 1382
489 1408
489 1443
489 1472
489 1514
489 1577
489 1584
489 1587
489 1671
489 1677
489 1686
489 1731
489 1916
489 1922
489 1925
489 1983
489 2003
489 2029
489 2046
489 2068
489 2083
489 2113
489 2196
489 2206
489 2232
489 2287
489 2290
489 2309
489 2356
489 2398
489 2459
489 2473
489 2600
489 2658
489 2672
489 2686
489 2721
489 2735
489 2755
489 2758
489 2776
489 2787
489 2794
489 2822
489 2833
489 2837
489 2858
489 2899
489 2910
489 2924
489 3038
489 3060
489 3082
489 3108
489 3138
489 3162
489 3258
489 3260
489 3293
489 3365
489 3425
489 3474
489 3487
489 3505
489 3569
489 3576
489 3604
489 3611
489 3685
489 3706
489 3708
489 3718
489 3724
489 3847
489 4023
489 4058
489 4061
489 4070
489 4080
489 4095
489 4142
489 4145
489 4167
489 4178
489 4199
489 4234
489 4287
489 4293
489 4294
489 4346
489 4398
489 4410
489 4422
489 4454
489 4461
489 4465
489 4478
490 502
490 506
490 676
490 744
490 755
490 804
490 842
490 878
490 879
490 889
490 990
490 1010
490 1038
490 1059
490 1073
490 1158
490 1188
490 1315
490 1321
490 1421
490 1482
490 1505
490 1513
490 1597
490 1694
490 1722
490 1744
490 1780
490 1894
490 1964
490 1966
490 2090
490 2191
490 2197
490 2250
490 2266
490 2312
490 2348
490 2409
490 2426
490 2454
490 2463
490 2543
490 2578
490 2770
490 2790
490 2835
490 3021
490 3184
490 3268
490 3320
490 3494
490 3507
490 3530
490 3580
490 3587
490 3639
490 3655
490 3661
490 3664
490 3743
490 3818
490 3861
490 3938
490 4013
490 4051
490 4091
490 4093
490 4136
490 4156
490 4173
491 550
491 794
491 921
491 1084
491 1088
491 1117
491 1124
491 1426
491 1500
491 1752
491 1829
491 2005
491 2063
491 2086
491 2092
491 2208
491 2274
491 2284
491 2302
491 2407
491 2470
491 2603
491 2664
491 2669
491 2683
491 2804
491 2934
491 2943
491 3053
491 3113
491 3164
491 3291
491 3503
491 3540
491 3668
491 3882
491 3934
491 3949
491 4011
491 4088
491 4109
491 4116
491 4343
491 4388
491 4402
492 778
492 962
492 982
492 1032
492 1883
492 1922
492 2083
492 2755
492 2787
492 2899
492 2980
492 3573
492 3604
492 3623
492 3695
492 4154
492 4325
492 4346
492 4471
493 552
493 591
493 656
493 662
493 687
493 779
493 786
493 855
493 873
493 890
493 1179
493 1206
493 1234
493 1359
493 1368
493 1385
493 1414
493 1447
493 1452
493 1475
493 1511
493 1575
493 1628
493 1712
493 1791
493 1956
493 1979
493 1983
493 2028
493 2071
493 2114
493 2241
493 2270
493 2334
493 2555
493 2583
493 2589
493 2648
493 2649
493 2751
493 2781
493 2830
493 2850
493 2863
493 2954
493 2991
493 3010
493 3011
493 3017
493 3023
493 3034
493 3058
493 3082
493 3123
493 3131
493 3178
493 3189
493 3195
493 3213
493 3237
493 3275
493 3290
493 3331
493 3501
493 3638
493 3654
493 3697
493 3742
493 3776
493 3837
493 3908
493 4076
493 4134
493 4309
493 4326
493 4377
493 4425
493 4431
494 599
494 659
494 663
494 1293
494 1361
494 1491
494 1589
494 1606
494 1714
494 1736
494 1936
494 2027
494 2534
494 2673
494 2742
494 3047
494 3592
494 3645
494 3856
494 4066
495 568
495 728
495 2693
495 2777
495 3242
495 4163
496 509
496 575
496 580
496 593
496 656
496 660
496 672
496 687
496 743
496 772
496 779
496 786
496 819
496 830
496 855
496 873
496 890
496 939
496 980
496 1005
496 1058
496 1069
496 1198
496 1206
496 1234
496 1249
496 1273
496 1300
496 1327
496 1357
496 1368
496 1376
496 1385
496 1399
496 1409
496 1414
496 1425
496 1446
496 1447
496 1452
496 1475
496 1511
496 1535
496 1575
496 1579
496 1597
496 1628
496 1638
496 1712
496 1737
496 1764
496 1766
496 1791
496 1797
496 1866
496 1884
496 1948
496 1977
496 1979
496 1983
496 2028
496 2037
496 2071
496 2114
496 2130
496 2149
496 2155
496 2166
496 2241
496 2270
496 2300
496 2334
496 2357
496 2385
496 2404
496 2430
496 2501
496 2555
496 2583
496 2589
496 2592
496 2614
496 2628
496 2631
496 2649
496 2656
496 2701
496 2751
496 2771
496 2781
496 2830
496 2838
496 2850
496 2863
496 2954
496 3010
496 3011
496 3017
496 3020
496 3023
496 3024
496 3034
496 3058
496 3082
496 3120
496 3131
496 3175
496 3178
496 3189
496 3194
496 3213
496 3237
496 3252
496 3265
496 3290
496 3321
496 3404
496 3406
496 3413
496 3446
496 3501
496 3519
496 3541
496 3565
496 3583
496 3638
496 3654
496 3666
496 3678
496 3697
496 3742
496 3762
496 3776
496 3791
496 3837
496 3863
496 3875
496 3908
496 4076
496 4090
496 4095
496 4134
496 4240
496 4250
496 4272
496 4309
496 4316
496 4317
496 4326
496 4330
496 4347
496 4360
496 4377
496 4425
496 4431
496 4432
496 4482
497 625
497 626
497 802
497 862
497 1904
497 2437
497 2500
497 2921
497 3158
498 573
498 736
498 742
498 1149
498 1251
498 1299
498 1351
498 1406
498 1424
498 1450
498 1543
498 1592
498 1758
498 1775
498 1815
498 1864
498 1877
498 1880
498 2098
498 2178
498 2238
498 2249
498 2298
498 2366
498 2414
498 2564
498 2652
498 2727
498 2880
498 3033
498 3066
498 3113
498 3187
498 3299
498 3399
498 3417
498 3432
498 3515
498 3521
498 3647
498 3728
498 3737
498 3746
498 4052
498 4153
498 4479
499 1168
499 1469
499 1975
499 2275
499 3190
499 3474
499 4015
499 4149
499 4177
500 2790
500 3013
500 3113
501 527
501 568
501 620
501 1196
501 1455
501 2777
501 3242
501 3489
501 4152
502 518
502 568
502 620
502 681
502 889
502 905
502 1038
502 1073
502 1106
502 1126
502 1210
502 1270
502 1321
502 1387
502 1482
502 1780
502 1920
502 2016
502 2197
502 2250
502 2409
502 2463
502 2561
502 2569
502 2835
502 3365
502 3407
502 3507
502 3655
502 3680
502 3726
502 3783
502 4071
502 4091
502 4188
503 542
503 608
503 664
503 1004
503 1095
503 1514
503 1546
503 1677
503 1922
503 1981
503 1983
503 2029
503 2113
503 2206
503 2356
503 2372
503 2672
503 2755
503 2758
503 2787
503 2822
503 2899
503 2910
503 3082
503 3112
503 3505
503 3611
503 3685
503 3724
503 4058
503 4080
503 4219
503 4346
503 4406
503 4454
504 1049
504 1774
504 2373
504 2832
504 3044
504 4015
504 4452
505 1923
505 2062
505 3470
505 3755
505 4424
506 879
506 1513
506 1780
506 1964
506 2197
506 2543
506 3461
506 3661
506 4093
506 4156
507 564
507 864
507 893
507 930
507 1022
507 1037
507 1099
507 1221
507 1377
507 1395
507 1434
507 1570
507 1650
507 1722
507 1839
507 1860
507 1896
507 1907
507 1926
507 2042
507 2093
507 2230
507 2316
507 2321
507 2378
507 2441
507 2468
507 2487
507 2520
507 2804
507 3113
507 3271
507 3282
507 3445
507 3471
507 3573
507 3770
507 4100
507 4169
507 4342
507 4381
507 4451
507 4457
507 4459
508 564
508 612
508 639
508 665
508 818
508 841
508 877
508 941
508 1042
508 1104
508 1263
508 1309
508 1393
508 1498
508 1504
508 1536
508 1663
508 1665
508 1717
508 1723
508 1745
508 1784
508 1831
508 1872
508 1874
508 2025
508 2101
508 2119
508 2121
508 2321
508 2436
508 2484
508 2579
508 2650
508 2676
508 2684
508 2685
508 2997
508 3063
508 3113
508 3235
508 3285
508 3307
508 3424
508 3439
508 3535
508 3598
508 3749
508 3849
508 3874
508 4128
508 4367
509 575
509 591
509 593
509 607
509 619
509 623
509 646
509 656
509 660
509 662
509 672
509 687
509 743
509 779
509 786
509 819
509 855
509 858
509 873
509 876
509 890
509 939
509 954
509 970
509 995
509 1005
509 1058
509 1179
509 1198
509 1206
509 1234
509 1273
509 1300
509 1328
509 1357
509 1359
509 1363
509 1368
509 1376
509 1385
509 1399
509 1414
509 1425
509 1446
509 1447
509 1475
509 1535
509 1575
509 1579
509 1628
509 1638
509 1693
509 1712
509 1715
509 1737
509 1764
509 1766
509 1791
509 1826
509 1841
509 1866
509 1956
509 1977
509 1979
509 1983
509 2028
509 2037
509 2071
509 2130
509 2155
509 2166
509 2200
509 2241
509 2270
509 2334
509 2357
509 2404
509 2430
509 2485
509 2491
509 2555
509 2583
509 2589
509 2592
509 2614
509 2628
509 2631
509 2649
509 2656
509 2689
509 2751
509 2771
509 2774
509 2781
509 2830
509 2850
509 2863
509 2867
509 2954
509 3010
509 3011
509 3017
509 3023
509 3024
509 3034
509 3058
509 3082
509 3131
509 3170
509 3175
509 3178
509 3189
509 3194
509 3195
509 3213
509 3237
509 3252
509 3265
509 3275
509 3290
509 3321
509 3331
509 3354
509 3405
509 3413
509 3420
509 3501
509 3519
509 3541
509 3565
509 3638
509 3654
509 3666
509 3678
509 3697
509 3742
509 3762
509 3769
509 3776
509 3848
509 3875
509 3908
509 4070
509 4076
509 4139
509 4181
509 4240
509 4250
509 4272
509 4307
509 4309
509 4316
509 4317
509 4326
509 4330
509 4347
509 4360
509 4377
509 4425
509 4431
509 4432
509 4450
509 4470
509 4482
510 688
510 760
510 797
510 901
510 919
510 928
510 1169
510 1324
510 1371
510 1581
510 1619
510 1630
510 1772
510 1823
510 1824
510 1827
510 1851
510 1935
510 1943
510 1944
510 1958
510 1969
510 2122
510 2137
510 2219
510 2671
510 2724
510 2745
510 2762
510 2797
510 2831
510 2859
510 2956
510 2966
510 3571
510 3716
510 3721
510 4015
510 4082
510 4110
511 1361
512 560
512 593
512 607
512 639
512 687
512 1084
512 1251
512 1292
512 1326
512 1328
512 1373
512 1450
512 1592
512 1628
512 1712
512 1791
512 1979
512 1983
512 2046
512 2238
512 2343
512 2414
512 2430
512 2442
512 2543
512 2598
512 2619
512 2631
512 2776
512 2804
512 2863
512 2867
512 3017
512 3020
512 3038
512 3113
512 3131
512 3151
512 3194
512 3252
512 3392
512 3406
512 3417
512 3468
512 3478
512 3604
512 3666
512 3682
512 3706
512 3715
512 3728
512 3762
512 3767
512 3784
512 3819
512 3899
512 4042
512 4153
512 4185
512 4192
512 4193
512 4242
512 4294
512 4298
512 4478
513 571
513 579
513 706
513 726
513 826
513 886
513 934
513 984
513 1131
513 1194
513 1466
513 1520
513 2198
513 2400
513 2637
513 2736
513 2768
513 2866
513 2981
513 3176
513 3468
513 3476
513 3600
513 3633
513 3673
513 3805
513 3910
513 3982
513 4135
513 4204
513 4228
513 4405
513 4430
514 775
514 1021
514 1678
514 1847
514 1983
514 2340
514 2976
515 711
515 909
515 943
515 966
515 1804
515 1911
515 2012
515 2050
515 2343
515 2360
515 2597
515 2624
515 3100
515 3429
515 3468
515 3876
515 3925
515 4002
515 4231
515 4315
515 4351
516 711
516 715
516 892
516 909
516 1107
516 1247
516 1290
516 1333
516 1343
516 1367
516 1523
516 1701
516 1804
516 1834
516 2050
516 2120
516 2161
516 2175
516 2204
516 2257
516 2308
516 2332
516 2343
516 2350
516 2419
516 2443
516 2544
516 2597
516 2761
516 2940
516 2949
516 3070
516 3100
516 3186
516 3231
516 3257
516 3303
516 3325
516 3451
516 3468
516 3563
516 3609
516 3750
516 3787
516 3814
516 3868
516 4306
516 4351
516 4471
517 1282
517 2590
517 3510
517 4000
517 4015
518 568
518 620
518 676
518 744
518 755
518 804
518 842
518 878
518 1027
518 1038
518 1059
518 1147
518 1188
518 1210
518 1264
518 1270
518 1315
518 1321
518 1421
518 1468
518 1513
518 1744
518 1767
518 1837
518 1894
518 1964
518 1986
518 2117
518 2250
518 2266
518 2312
518 2463
518 2543
518 2578
518 2773
518 2986
518 3021
518 3184
518 3494
518 3639
518 3661
518 3748
518 4091
519 579
519 614
519 686
519 696
519 704
519 806
519 820
519 885
519 886
519 904
519 934
519 938
519 984
519 1007
519 1085
519 1087
519 1131
519 1136
519 1137
519 1193
519 1303
519 1325
519 1466
519 1524
519 1594
519 1607
519 1857
519 1868
519 2013
519 2040
519 2070
519 2089
519 2129
519 2273
519 2637
519 2682
519 2736
519 2847
519 2913
519 2971
519 2999
519 3176
519 3244
519 3270
519 3378
519 3468
519 3476
519 3531
519 3600
519 3629
519 3633
519 3673
519 3677
519 3682
519 3836
519 3910
519 3953
519 4135
519 4151
519 4166
519 4192
519 4227
519 4241
519 4405
519 4421
520 768
520 849
520 973
520 1199
520 1306
520 1757
520 1809
520 1879
520 3303
520 3468
520 4014
520 4097
521 529
521 707
521 749
521 887
521 942
521 998
521 1033
521 1067
521 1177
521 1506
521 1567
521 1695
521 1706
521 1820
521 1927
521 1951
521 1953
521 1983
521 1992
521 2083
521 2252
521 2272
521 2289
521 2439
521 2440
521 2494
521 2753
521 2959
521 3035
521 3077
521 3137
521 3335
521 3460
521 3490
521 3550
521 3774
521 3781
521 3911
521 3922
521 4005
521 4029
521 4072
521 4129
521 4170
521 4281
521 4399
521 4449
521 4455
521 4472
522 887
522 1016
522 1033
522 1151
522 1284
522 1506
522 1649
522 1927
522 1953
522 1983
522 2153
522 2163
522 2388
522 2439
522 3077
522 3137
522 3335
522 3460
522 3774
522 3999
522 4005
522 4054
522 4072
522 4129
522 4170
522 4455
523 1946
523 3788
523 4015
523 4276
523 4335
523 4364
524 547
524 572
524 687
524 736
524 900
524 1005
524 1104
524 1183
524 1190
524 1206
524 1251
524 1273
524 1317
524 1357
524 1373
524 1382
524 1406
524 1452
524 1628
524 1651
524 1864
524 1866
524 1979
524 1983
524 2029
524 2270
524 2309
524 2592
524 2631
524 2637
524 2648
524 2649
524 2666
524 2686
524 2830
524 2833
524 2850
524 2863
524 2954
524 3034
524 3111
524 3113
524 3331
524 3468
524 3541
524 3724
524 3750
524 3784
524 3812
524 3908
524 3950
524 4134
524 4153
524 4287
524 4298
524 4313
524 4316
524 4461
525 713
525 762
525 1118
525 1172
525 1680
525 1976
525 2482
525 2883
525 2898
525 2900
525 2928
525 3072
525 3136
525 3283
525 3287
525 3421
525 4001
525 4015
525 4016
525 4165
525 4447
526 735
526 973
526 1297
526 1785
526 3227
526 3312
526 3361
526 3468
526 3620
526 4218
526 4251
526 4351
527 568
527 620
527 1196
527 1455
527 2706
527 2777
527 3242
527 3489
527 4126
527 4152
528 921
528 1097
528 2627
528 2804
528 2875
528 2990
528 3113
529 707
529 749
529 863
529 887
529 942
529 998
529 1016
529 1067
529 1092
529 1151
529 1177
529 1284
529 1518
529 1613
529 1695
529 1706
529 1951
529 1953
529 1983
529 1992
529 2083
529 2112
529 2163
529 2252
529 2289
529 2388
529 2439
529 2440
529 2494
529 2577
529 3035
529 3077
529 3137
529 3335
529 3338
529 3490
529 3550
529 3575
529 3774
529 3892
529 3922
529 4005
529 4072
529 4129
529 4170
529 4281
529 4399
529 4449
529 4455
529 4472
530 915
530 1024
530 1102
530 1236
530 1375
530 1487
530 1835
530 1918
530 2059
530 2268
530 2320
530 2339
530 2355
530 2437
530 2812
530 2844
530 3000
530 3026
530 3180
530 3308
530 3347
530 3557
530 3652
530 3841
530 4010
530 4032
531 624
531 882
531 1140
531 1141
531 1262
531 1396
531 1469
531 1603
531 1605
531 1646
531 1875
531 1908
531 1942
531 1975
531 2026
531 2125
531 2214
531 2275
531 2560
531 2563
531 2593
531 2779
531 2851
531 3068
531 3136
531 3190
531 3266
531 3278
531 3283
531 3353
531 3371
531 3472
531 3473
531 3514
531 3522
531 3584
531 3869
531 3920
531 3962
531 4015
531 4301
531 4340
532 565
532 618
532 690
532 1132
532 1374
532 1398
532 1411
532 1590
532 1770
532 1871
532 2210
532 2211
532 2325
532 2478
532 2525
532 2532
532 2567
532 2588
532 2596
532 3041
532 3113
532 3168
532 3392
532 3608
532 4289
532 4443
533 664
533 685
533 695
533 844
533 955
533 961
533 982
533 1004
533 1009
533 1195
533 1408
533 1423
533 1514
533 1601
533 1624
533 1677
533 1950
533 1983
533 1993
533 2046
533 2068
533 2179
533 2184
533 2278
533 2287
533 2309
533 2372
533 2429
533 2495
533 2566
533 2600
533 2617
533 2672
533 2702
533 2755
533 2787
533 2810
533 2858
533 3038
533 3135
533 3246
533 3260
533 3298
533 3365
533 3467
533 3488
533 3505
533 3569
533 3611
533 3619
533 3626
533 3685
533 3696
533 3718
533 3724
533 3800
533 3829
533 3970
533 3996
533 4058
533 4145
533 4167
533 4258
533 4287
533 4398
533 4454
533 4461
534 625
534 626
534 802
534 1034
534 1122
534 1231
534 1236
534 1598
534 2215
534 2773
534 3158
534 3233
535 586
535 781
535 952
535 1268
535 1454
535 1554
535 2095
535 2659
535 3113
535 3696
535 3975
535 4185
535 4236
535 4389
536 868
536 1144
536 1329
536 1852
536 2362
536 2595
536 2906
536 3284
536 3634
536 3699
536 3795
536 4015
537 564
537 609
537 962
537 1017
537 1179
537 1239
537 1251
537 1979
537 2028
537 2046
537 2130
537 2270
537 2287
537 2298
537 2637
537 2652
537 3038
537 3113
537 3299
537 3331
537 3501
537 3589
537 3678
537 3706
537 3762
537 4240
537 4360
537 4432
538 670
538 705
538 1242
538 1436
538 1551
538 1659
538 1675
538 2014
538 2399
538 2931
538 2973
538 3127
538 3180
538 3679
538 3793
538 4102
538 4123
538 4485
539 624
539 1066
539 1140
539 1168
539 1262
539 1605
539 1646
539 1875
539 1942
539 2275
539 2593
539 2779
539 2841
539 3266
539 3353
539 3376
539 3472
539 3473
539 3522
539 3584
539 3696
539 3926
539 4015
539 4149
539 4177
539 4340
540 597
540 634
540 636
540 707
540 719
540 782
540 821
540 861
540 900
540 961
540 1100
540 1190
540 1232
540 1382
540 1442
540 1584
540 1653
540 1661
540 1667
540 1671
540 1677
540 1681
540 1689
540 1713
540 1733
540 1795
540 1882
540 1983
540 2008
540 2010
540 2020
540 2304
540 2309
540 2408
540 2499
540 2570
540 2665
540 2686
540 2721
540 2748
540 2856
540 2865
540 2877
540 3098
540 3179
540 3192
540 3209
540 3218
540 3219
540 3260
540 3286
540 3293
540 3319
540 3328
540 3381
540 3395
540 3467
540 3488
540 3539
540 3576
540 3604
540 3768
540 3783
540 3800
540 3830
540 3858
540 3871
540 3899
540 3933
540 3966
540 4023
540 4037
540 4080
540 4095
540 4124
540 4145
540 4167
540 4187
540 4223
540 4269
540 4283
540 4287
540 4323
540 4324
540 4407
540 4409
540 4461
540 4478
541 723
541 770
541 796
541 846
541 1215
541 1250
541 1331
541 1358
541 1573
541 1633
541 1753
541 2100
541 2133
541 2890
541 2965
541 3006
541 3711
541 3731
541 3909
541 4015
541 4087
541 4182
541 4349
541 4357
541 4373
542 560
542 632
542 649
542 651
542 664
542 695
542 784
542 789
542 821
542 861
542 900
542 961
542 962
542 982
542 1004
542 1053
542 1067
542 1095
542 1100
542 1179
542 1190
542 1195
542 1229
542 1286
542 1316
542 1317
542 1382
542 1408
542 1443
542 1514
542 1546
542 1584
542 1677
542 1679
542 1882
542 1922
542 1925
542 1983
542 2003
542 2009
542 2046
542 2113
542 2206
542 2287
542 2356
542 2385
542 2398
542 2459
542 2499
542 2600
542 2658
542 2672
542 2677
542 2686
542 2744
542 2755
542 2758
542 2787
542 2794
542 2822
542 2833
542 2837
542 2856
542 2858
542 2899
542 2901
542 2910
542 2924
542 3038
542 3112
542 3138
542 3162
542 3246
542 3260
542 3293
542 3365
542 3369
542 3386
542 3408
542 3445
542 3505
542 3564
542 3569
542 3604
542 3611
542 3685
542 3706
542 3708
542 3724
542 3970
542 4023
542 4037
542 4058
542 4080
542 4095
542 4178
542 4287
542 4294
542 4346
542 4398
542 4410
542 4434
542 4454
542 4461
542 4478
543 572
543 581
543 586
543 736
543 781
543 931
543 995
543 1017
543 1078
543 1091
543 1143
543 1183
543 1320
543 1337
543 1351
543 1373
543 1402
543 1406
543 1424
543 1426
543 1450
543 1507
543 1554
543 1651
543 1747
543 1808
543 1869
543 2182
543 2285
543 2450
543 2619
543 2659
543 2678
543 2699
543 3076
543 3113
543 3181
543 3264
543 3515
543 3647
543 3782
543 4008
543 4021
543 4056
543 4113
543 4138
543 4185
543 4191
543 4270
543 4445
544 594
544 802
544 1001
544 1034
544 1044
544 1222
544 1344
544 1378
544 1438
544 1565
544 1588
544 1598
544 1904
544 1941
544 2018
544 2131
544 2160
544 2215
544 2500
544 2515
544 2921
544 3000
544 3158
544 3239
544 3364
544 3427
544 3513
544 3557
544 3832
545 583
545 590
545 701
545 747
545 951
545 993
545 1488
545 1879
545 2058
545 2239
545 2353
545 2618
545 3016
545 3022
545 3426
545 3462
545 3468
545 4415
546 627
546 847
546 1006
546 1078
546 1211
546 1251
546 1554
546 1732
546 2095
546 2392
546 2564
546 2727
546 2813
546 3113
546 3187
546 3432
546 3708
546 3842
546 4132
546 4202
546 4262
546 4290
546 4469
546 4486
547 572
547 573
547 578
547 581
547 586
547 623
547 627
547 631
547 635
547 640
547 646
547 736
547 740
547 742
547 765
547 781
547 784
547 847
547 903
547 923
547 926
547 931
547 1011
547 1012
547 1017
547 1045
547 1078
547 1091
547 1105
547 1149
547 1152
547 1166
547 1178
547 1183
547 1186
547 1192
547 1225
547 1251
547 1298
547 1320
547 1326
547 1351
547 1363
547 1373
547 1402
547 1406
547 1450
547 1478
547 1543
547 1550
547 1582
547 1643
547 1651
547 1684
547 1702
547 1730
547 1747
547 1751
547 1786
547 1808
547 1815
547 1864
547 1869
547 1871
547 1954
547 1973
547 2015
547 2041
547 2095
547 2098
547 2115
547 2178
547 2182
547 2200
547 2238
547 2285
547 2305
547 2366
547 2420
547 2442
547 2446
547 2450
547 2476
547 2491
547 2535
547 2537
547 2556
547 2594
547 2612
547 2619
547 2659
547 2666
547 2699
547 2726
547 2732
547 2774
547 2780
547 2801
547 2824
547 2948
547 3033
547 3061
547 3084
547 3111
547 3113
547 3129
547 3181
547 3187
547 3299
547 3392
547 3417
547 3430
547 3446
547 3464
547 3478
547 3485
547 3515
547 3520
547 3521
547 3528
547 3615
547 3710
547 3715
547 3728
547 3737
547 3739
547 3767
547 3782
547 3784
547 3812
547 3819
547 3857
547 3863
547 3878
547 3893
547 3897
547 3923
547 3961
547 3977
547 4008
547 4021
547 4042
547 4052
547 4056
547 4057
547 4113
547 4117
547 4138
547 4153
547 4185
547 4188
547 4199
547 4236
547 4262
547 4270
547 4298
547 4312
547 4383
547 4389
547 4433
547 4479
547 4486
547 4488
548 619
548 656
548 662
548 687
548 819
548 890
548 1206
548 1249
548 1352
548 1440
548 1674
548 1737
548 1766
548 1977
548 1983
548 2113
548 2404
548 2555
548 2583
548 2589
548 2613
548 2830
548 2922
548 3017
548 3024
548 3081
548 3194
548 3213
548 3458
548 3565
548 3678
548 3875
548 3950
548 4181
548 4216
548 4232
548 4242
548 4250
548 4437
549 613
549 727
549 997
549 1096
549 1159
549 1258
549 1477
549 1556
549 1569
549 1832
549 1898
549 2045
549 2080
549 2096
549 2817
549 3113
549 3126
549 3939
549 4075
549 4158
549 4355
549 4392
549 4418
550 567
550 752
550 927
550 1088
550 1509
550 1532
550 1620
550 1752
550 1770
550 2208
550 2303
550 2313
550 2370
550 2517
550 2603
550 2788
550 2790
550 2804
550 2916
550 2934
550 3113
550 3291
550 3442
550 3503
550 3540
550 3648
550 3660
550 3668
550 3816
550 3949
550 4114
550 4343
551 683
551 794
551 856
551 863
551 869
551 978
551 1084
551 1094
551 1117
551 1129
551 1170
551 1181
551 1228
551 1235
551 1261
551 1340
551 1361
551 1366
551 1369
551 1444
551 1501
551 1557
551 1558
551 1634
551 1729
551 1738
551 1752
551 1842
551 1873
551 1878
551 1929
551 1967
551 2063
551 2171
551 2183
551 2185
551 2208
551 2222
551 2229
551 2331
551 2341
551 2447
551 2458
551 2470
551 2669
551 2804
551 2820
551 2939
551 2994
551 3007
551 3008
551 3014
551 3043
551 3049
551 3093
551 3241
551 3280
551 3540
551 3561
551 3630
551 3671
551 3852
551 3853
551 3934
551 4039
551 4077
551 4195
551 4246
551 4279
551 4378
551 4402
551 4412
551 4435
551 4456
551 4463
551 4474
552 1206
552 1234
552 1475
552 1575
552 1579
552 1764
552 1797
552 1884
552 1983
552 2357
552 2830
552 3017
552 3131
552 3189
552 3213
552 3237
552 3265
552 3406
552 3501
552 3638
552 3875
552 4181
552 4240
552 4272
553 581
553 586
553 627
553 647
553 700
553 729
553 765
553 847
553 908
553 925
553 926
553 931
553 965
553 980
553 1064
553 1071
553 1105
553 1110
553 1149
553 1152
553 1186
553 1251
553 1260
553 1268
553 1292
553 1320
553 1326
553 1351
553 1406
553 1424
553 1503
553 1522
553 1543
553 1647
553 1664
553 1666
553 1682
553 1684
553 1693
553 1705
553 1732
553 1740
553 1747
553 1775
553 1814
553 1815
553 1871
553 1877
553 1954
553 1973
553 2015
553 2056
553 2069
553 2088
553 2104
553 2115
553 2123
553 2178
553 2182
553 2226
553 2249
553 2285
553 2298
553 2301
553 2414
553 2422
553 2442
553 2450
553 2476
553 2535
553 2557
553 2564
553 2598
553 2629
553 2780
553 2784
553 2821
553 2855
553 2881
553 2948
553 3033
553 3111
553 3113
553 3129
553 3151
553 3181
553 3187
553 3198
553 3220
553 3349
553 3392
553 3417
553 3432
553 3478
553 3485
553 3515
553 3521
553 3528
553 3562
553 3586
553 3615
553 3737
553 3739
553 3767
553 3777
553 3782
553 3819
553 3897
553 3923
553 3961
553 3977
553 3987
553 3991
553 4020
553 4042
553 4113
553 4147
553 4174
553 4188
553 4193
553 4196
553 4312
553 4313
553 4341
553 4383
553 4441
553 4469
554 801
554 817
554 1068
554 1336
554 1991
554 2313
554 2623
554 2879
554 3001
554 3091
554 3113
554 3370
554 3483
554 3870
554 3894
554 4062
554 4064
554 4073
554 4111
554 4327
554 4339
554 4381
554 4445
554 4460
554 4484
555 693
555 746
555 969
555 1533
555 1959
555 2216
555 2757
555 3840
555 3900
555 4369
556 737
556 1306
556 1757
556 3153
556 3242
556 3468
556 4014
556 4097
557 867
557 1138
557 1174
557 1652
557 1747
557 1880
557 1885
557 2519
557 3113
557 3154
557 3367
557 3485
557 3510
557 4212
557 4341
558 663
558 716
558 797
558 1205
558 1531
558 1668
558 2081
558 2472
558 2859
558 3031
558 3090
558 3094
558 3896
558 4015
558 4189
559 560
559 575
559 581
559 586
559 640
559 662
559 707
559 779
559 781
559 786
559 900
559 955
559 1152
559 1179
559 1230
559 1249
559 1376
559 1385
559 1454
559 1535
559 1575
559 1584
559 1752
559 1871
559 1925
559 1956
559 1977
559 2032
559 2098
559 2238
559 2270
559 2285
559 2420
559 2450
559 2564
559 2592
559 2598
559 2648
559 2686
559 3113
559 3129
559 3406
559 3409
559 3413
559 3515
559 3521
559 3565
559 3666
559 3682
559 3685
559 3708
559 3767
559 3776
559 3837
559 3934
559 3950
559 4056
559 4095
559 4188
559 4242
559 4270
559 4272
559 4347
559 4454
559 4465
559 4478
560 563
560 608
560 632
560 649
560 651
560 707
560 789
560 830
560 853
560 861
560 900
560 961
560 962
560 980
560 982
560 1004
560 1053
560 1067
560 1072
560 1095
560 1100
560 1229
560 1286
560 1354
560 1382
560 1408
560 1441
560 1443
560 1472
560 1484
560 1514
560 1584
560 1882
560 1922
560 1983
560 2003
560 2044
560 2046
560 2083
560 2112
560 2113
560 2196
560 2206
560 2287
560 2290
560 2356
560 2385
560 2398
560 2491
560 2499
560 2572
560 2658
560 2672
560 2686
560 2731
560 2733
560 2755
560 2758
560 2787
560 2794
560 2822
560 2838
560 2856
560 2858
560 2899
560 2910
560 3107
560 3112
560 3138
560 3147
560 3162
560 3232
560 3246
560 3293
560 3295
560 3436
560 3487
560 3505
560 3564
560 3569
560 3590
560 3626
560 3685
560 3708
560 3718
560 3724
560 3828
560 3829
560 3899
560 4023
560 4037
560 4080
560 4115
560 4154
560 4219
560 4259
560 4287
560 4294
560 4317
560 4346
560 4398
560 4410
560 4422
560 4454
560 4465
560 4478
561 594
561 802
561 1034
561 1231
561 2059
561 2083
561 2651
561 2988
561 3158
561 3364
561 3832
562 581
562 660
562 736
562 794
562 1058
562 1110
562 1424
562 1737
562 1751
562 1871
562 2123
562 2204
562 2208
562 2270
562 2290
562 2343
562 2398
562 2415
562 2501
562 2535
562 2614
562 2628
562 2751
562 2924
562 3024
562 3058
562 3082
562 3100
562 3113
562 3123
562 3231
562 3237
562 3299
562 3487
562 3589
562 3615
562 3666
562 3961
562 4015
562 4134
562 4153
562 4193
562 4240
562 4307
562 4312
562 4370
562 4432
563 593
563 598
563 824
563 879
563 961
563 1072
563 1187
563 1338
563 1354
563 2553
563 2910
563 2953
563 3179
563 3232
563 3626
563 3704
563 3706
563 3726
563 3828
563 3829
563 3911
563 3941
563 4294
563 4361
563 4465
563 4471
564 601
564 623
564 639
564 665
564 682
564 773
564 818
564 864
564 893
564 930
564 981
564 1022
564 1037
564 1099
564 1104
564 1221
564 1263
564 1278
564 1309
564 1377
564 1393
564 1395
564 1407
564 1432
564 1434
564 1498
564 1534
564 1650
564 1682
564 1717
564 1728
564 1831
564 1839
564 1860
564 1897
564 1907
564 1926
564 1931
564 1982
564 2025
564 2042
564 2093
564 2119
564 2157
564 2230
564 2251
564 2281
564 2316
564 2354
564 2378
564 2380
564 2441
564 2468
564 2487
564 2520
564 2550
564 2634
564 2804
564 2875
564 2997
564 3113
564 3235
564 3271
564 3282
564 3285
564 3394
564 3439
564 3443
564 3471
564 3496
564 3535
564 3553
564 3573
564 3749
564 3849
564 3863
564 3874
564 3924
564 3931
564 4100
564 4104
564 4169
564 4209
564 4230
564 4317
564 4327
564 4342
564 4379
564 4381
564 4403
564 4451
564 4457
564 4459
564 4481
565 567
565 690
565 1070
565 1084
565 1124
565 1362
565 1398
565 1590
565 1754
565 1829
565 2086
565 2211
565 2313
565 2325
565 2341
565 2414
565 2416
565 2525
565 2545
565 2633
565 2664
565 2669
565 2728
565 2996
565 3041
565 3113
565 3168
565 3214
565 3782
565 4055
565 4109
565 4196
565 4339
566 792
566 1147
566 1453
566 1704
566 1750
566 2001
566 2106
566 2514
566 2967
566 2974
566 3292
566 3468
566 3609
566 3732
566 3759
566 3789
566 4026
566 4264
566 4462
567 690
567 927
567 1124
567 1309
567 1362
567 1398
567 1620
567 1752
567 2303
567 2370
567 2526
567 2596
567 2664
567 2990
567 3113
567 3210
567 3291
567 3382
567 3442
567 3503
567 3560
567 3660
567 3668
567 3749
567 3816
567 4055
567 4114
568 605
568 620
568 657
568 676
568 804
568 809
568 878
568 999
568 1027
568 1059
568 1158
568 1196
568 1210
568 1270
568 1282
568 1289
568 1338
568 1421
568 1455
568 1482
568 1597
568 1722
568 1867
568 1894
568 1964
568 1971
568 1978
568 1986
568 2117
568 2181
568 2186
568 2218
568 2237
568 2250
568 2266
568 2312
568 2374
568 2454
568 2463
568 2509
568 2543
568 2602
568 2661
568 2690
568 2706
568 2790
568 2897
568 2929
568 2986
568 3021
568 3165
568 3243
568 3489
568 3494
568 3551
568 3574
568 3661
568 3818
568 3917
568 3994
568 4015
568 4126
568 4152
568 4172
568 4213
568 4278
568 4311
568 4458
569 581
569 665
569 1100
569 1206
569 1361
569 1447
569 1550
569 1712
569 1758
569 1786
569 1925
569 2037
569 2115
569 2123
569 2357
569 2398
569 2422
569 2501
569 2543
569 2614
569 2622
569 2631
569 2666
569 2751
569 2821
569 2855
569 2910
569 2948
569 3010
569 3113
569 3138
569 3151
569 3189
569 3252
569 3541
569 3708
569 3758
569 3767
569 3897
569 4023
569 4076
569 4154
569 4240
569 4270
569 4290
569 4326
569 4469
569 4470
570 712
570 801
570 817
570 1047
570 1129
570 1200
570 1578
570 1590
570 1623
570 1650
570 1788
570 1829
570 1991
570 2053
570 2144
570 2313
570 2367
570 2423
570 2470
570 2609
570 2623
570 2633
570 2663
570 2728
570 2827
570 2848
570 2875
570 2879
570 2996
570 3041
570 3052
570 3113
570 3119
570 3163
570 3168
570 3214
570 3336
570 3370
570 3388
570 3483
570 3523
570 3588
570 3605
570 3616
570 3670
570 3870
570 3872
570 3894
570 3967
570 4064
570 4073
570 4081
570 4084
570 4196
570 4244
570 4339
570 4356
570 4457
570 4460
570 4487
571 706
571 726
571 766
571 806
571 820
571 826
571 886
571 934
571 984
571 1007
571 1193
571 1194
571 1223
571 1325
571 1607
571 1863
571 1865
571 2013
571 2198
571 2449
571 2506
571 2632
571 2674
571 2736
571 2752
571 2864
571 2866
571 3015
571 3176
571 3272
571 3326
571 3378
571 3402
571 3468
571 3476
571 3531
571 3595
571 3596
571 3603
571 3629
571 3673
571 3682
571 3714
571 3745
571 3910
571 4041
571 4120
571 4135
571 4421
571 4430
571 4438
572 573
572 578
572 586
572 627
572 640
572 729
572 736
572 765
572 781
572 784
572 847
572 923
572 926
572 965
572 1017
572 1078
572 1081
572 1091
572 1110
572 1149
572 1152
572 1178
572 1186
572 1192
572 1233
572 1251
572 1268
572 1320
572 1326
572 1351
572 1373
572 1402
572 1406
572 1424
572 1450
572 1454
572 1507
572 1543
572 1550
572 1554
572 1643
572 1647
572 1651
572 1682
572 1684
572 1686
572 1696
572 1702
572 1747
572 1808
572 1864
572 1871
572 2049
572 2056
572 2098
572 2115
572 2178
572 2238
572 2249
572 2285
572 2305
572 2366
572 2392
572 2420
572 2442
572 2450
572 2476
572 2594
572 2619
572 2652
572 2659
572 2666
572 2696
572 2698
572 2699
572 2726
572 2732
572 2743
572 2801
572 2821
572 2948
572 3033
572 3076
572 3111
572 3113
572 3124
572 3151
572 3261
572 3299
572 3311
572 3343
572 3354
572 3417
572 3430
572 3436
572 3446
572 3464
572 3478
572 3515
572 3521
572 3528
572 3562
572 3615
572 3710
572 3715
572 3728
572 3736
572 3737
572 3767
572 3777
572 3782
572 3784
572 3812
572 3819
572 3842
572 3847
572 3878
572 3893
572 3897
572 3955
572 3975
572 3991
572 4021
572 4042
572 4056
572 4113
572 4138
572 4153
572 4174
572 4185
572 4193
572 4194
572 4236
572 4262
572 4270
572 4290
572 4298
572 4312
572 4313
572 4319
572 4341
572 4370
572 4383
572 4389
572 4475
572 4479
572 4481
572 4486
572 4488
573 578
573 586
573 627
573 631
573 640
573 647
573 699
573 736
573 742
573 765
573 847
573 923
573 931
573 952
573 1011
573 1017
573 1064
573 1078
573 1081
573 1105
573 1110
573 1152
573 1186
573 1251
573 1268
573 1292
573 1299
573 1337
573 1351
573 1406
573 1450
573 1470
573 1480
573 1507
573 1543
573 1550
573 1592
573 1684
573 1702
573 1747
573 1751
573 1808
573 1815
573 1871
573 1877
573 1973
573 2098
573 2115
573 2123
573 2135
573 2178
573 2182
573 2238
573 2249
573 2255
573 2298
573 2366
573 2415
573 2420
573 2422
573 2423
573 2442
573 2450
573 2496
573 2535
573 2594
573 2622
573 2652
573 2659
573 2699
573 2726
573 2729
573 2732
573 2801
573 2805
573 2816
573 2855
573 2948
573 2950
573 2975
573 3033
573 3061
573 3111
573 3113
573 3151
573 3181
573 3185
573 3264
573 3299
573 3417
573 3420
573 3432
573 3464
573 3478
573 3515
573 3528
573 3710
573 3715
573 3728
573 3737
573 3767
573 3784
573 3878
573 3893
573 3897
573 3923
573 3961
573 4008
573 4042
573 4052
573 4070
573 4153
573 4188
573 4193
573 4196
573 4236
573 4270
573 4313
573 4374
573 4389
573 4488
574 656
574 1110
574 1149
574 1249
574 1337
574 1376
574 1447
574 1535
574 1579
574 1638
574 1655
574 1925
574 2115
574 2241
574 2249
574 2404
574 2555
574 2583
574 2598
574 2614
574 2619
574 2622
574 2652
574 2751
574 2776
574 2954
574 3129
574 3131
574 3237
574 3299
574 3331
574 3519
574 3564
574 3666
574 3678
574 3708
574 3742
574 3758
574 3837
574 3878
574 3899
574 4020
574 4134
574 4138
574 4185
574 4242
574 4309
574 4313
574 4346
574 4360
574 4383
574 4425
575 591
575 593
575 607
575 623
575 656
575 660
575 662
575 672
575 687
575 743
575 772
575 779
575 784
575 786
575 855
575 873
575 890
575 939
575 1005
575 1058
575 1148
575 1179
575 1198
575 1206
575 1234
575 1243
575 1273
575 1327
575 1328
575 1359
575 1368
575 1376
575 1385
575 1399
575 1414
575 1425
575 1446
575 1447
575 1452
575 1475
575 1496
575 1511
575 1527
575 1535
575 1575
575 1579
575 1628
575 1638
575 1655
575 1712
575 1737
575 1764
575 1766
575 1791
575 1797
575 1825
575 1866
575 1884
575 1948
575 1956
575 1977
575 1979
575 1983
575 2037
575 2071
575 2130
575 2149
575 2155
575 2166
575 2199
575 2205
575 2270
575 2288
575 2357
575 2404
575 2430
575 2485
575 2491
575 2501
575 2555
575 2583
575 2589
575 2592
575 2614
575 2628
575 2631
575 2648
575 2649
575 2656
575 2733
575 2751
575 2771
575 2781
575 2830
575 2850
575 2863
575 2867
575 2954
575 3009
575 3010
575 3011
575 3017
575 3020
575 3023
575 3024
575 3034
575 3058
575 3064
575 3082
575 3108
575 3123
575 3131
575 3170
575 3178
575 3189
575 3194
575 3195
575 3202
575 3213
575 3225
575 3237
575 3252
575 3265
575 3275
575 3290
575 3321
575 3331
575 3404
575 3405
575 3406
575 3413
575 3436
575 3446
575 3501
575 3519
575 3541
575 3565
575 3589
575 3638
575 3654
575 3666
575 3678
575 3697
575 3758
575 3762
575 3769
575 3776
575 3791
575 3848
575 3863
575 3875
575 3950
575 3983
575 4070
575 4076
575 4095
575 4216
575 4240
575 4242
575 4250
575 4272
575 4293
575 4307
575 4309
575 4316
575 4326
575 4330
575 4347
575 4360
575 4377
575 4431
575 4432
575 4450
575 4470
575 4475
576 678
576 742
576 905
576 925
576 931
576 1017
576 1078
576 1105
576 1110
576 1186
576 1233
576 1260
576 1268
576 1320
576 1424
576 1450
576 1503
576 1507
576 1512
576 1592
576 1597
576 1687
576 1705
576 1740
576 1786
576 1808
576 1814
576 1973
576 2088
576 2104
576 2115
576 2123
576 2182
576 2226
576 2249
576 2420
576 2535
576 2619
576 2834
576 2855
576 2992
576 3076
576 3084
576 3113
576 3129
576 3132
576 3181
576 3299
576 3392
576 3464
576 3647
576 3728
576 3739
576 3782
576 3784
576 3897
576 3961
576 3998
576 4153
576 4488
577 1901
577 4015
578 586
578 623
578 627
578 678
578 699
578 729
578 736
578 742
578 765
578 781
578 923
578 926
578 931
578 1011
578 1017
578 1064
578 1091
578 1152
578 1178
578 1192
578 1251
578 1260
578 1299
578 1320
578 1326
578 1351
578 1373
578 1406
578 1424
578 1450
578 1507
578 1543
578 1550
578 1554
578 1664
578 1682
578 1684
578 1747
578 1751
578 1808
578 1815
578 1864
578 1869
578 1871
578 1895
578 2098
578 2115
578 2123
578 2135
578 2178
578 2238
578 2285
578 2366
578 2420
578 2422
578 2450
578 2594
578 2619
578 2659
578 2666
578 2699
578 2726
578 2743
578 2780
578 2801
578 2975
578 3061
578 3076
578 3111
578 3113
578 3129
578 3187
578 3299
578 3327
578 3369
578 3392
578 3417
578 3420
578 3430
578 3478
578 3520
578 3521
578 3528
578 3586
578 3615
578 3710
578 3715
578 3728
578 3737
578 3767
578 3777
578 3782
578 3784
578 3791
578 3819
578 3850
578 3860
578 3878
578 3897
578 3961
578 4008
578 4021
578 4042
578 4052
578 4056
578 4061
578 4090
578 4113
578 4132
578 4138
578 4153
578 4185
578 4188
578 4236
578 4270
578 4298
578 4312
578 4313
578 4319
578 4383
578 4389
578 4403
578 4479
578 4486
579 587
579 614
579 686
579 726
579 757
579 885
579 904
579 938
579 947
579 984
579 1007
579 1085
579 1087
579 1131
579 1136
579 1137
579 1193
579 1303
579 1325
579 1466
579 1524
579 1594
579 1607
579 1771
579 1857
579 1868
579 2013
579 2038
579 2040
579 2129
579 2248
579 2273
579 2291
579 2375
579 2632
579 2637
579 2682
579 2736
579 2789
579 2802
579 2847
579 2866
579 2913
579 3015
579 3176
579 3317
579 3378
579 3402
579 3468
579 3476
579 3497
579 3595
579 3603
579 3629
579 3633
579 3682
579 3746
579 3747
579 3836
579 3906
579 4135
579 4151
579 4166
579 4192
579 4214
579 4241
579 4405
579 4421
579 4430
579 4438
579 4448
580 651
580 736
580 1058
580 1149
580 1192
580 1230
580 1273
580 1382
580 1408
580 1425
580 1550
580 1650
580 1684
580 1948
580 1983
580 2037
580 2130
580 2178
580 2341
580 2422
580 2652
580 2833
580 2948
580 3138
580 3293
580 3468
580 3564
580 3569
580 3819
581 586
581 627
581 631
581 635
581 640
581 647
581 736
581 781
581 847
581 883
581 959
581 965
581 1045
581 1149
581 1152
581 1154
581 1166
581 1176
581 1178
581 1192
581 1251
581 1257
581 1260
581 1268
581 1298
581 1299
581 1326
581 1337
581 1351
581 1362
581 1373
581 1404
581 1424
581 1450
581 1454
581 1470
581 1485
581 1495
581 1507
581 1537
581 1543
581 1554
581 1647
581 1684
581 1702
581 1747
581 1775
581 1808
581 1864
581 1869
581 1871
581 1877
581 1954
581 1973
581 2088
581 2098
581 2115
581 2178
581 2226
581 2227
581 2249
581 2285
581 2294
581 2298
581 2301
581 2368
581 2415
581 2423
581 2442
581 2496
581 2557
581 2594
581 2622
581 2652
581 2659
581 2666
581 2678
581 2683
581 2699
581 2726
581 2821
581 2849
581 2901
581 2948
581 3033
581 3061
581 3066
581 3076
581 3111
581 3113
581 3129
581 3151
581 3187
581 3214
581 3264
581 3273
581 3349
581 3417
581 3430
581 3485
581 3515
581 3528
581 3562
581 3586
581 3615
581 3643
581 3728
581 3737
581 3739
581 3767
581 3782
581 3815
581 3819
581 3823
581 3850
581 3857
581 3893
581 3955
581 3977
581 3998
581 4040
581 4042
581 4056
581 4057
581 4138
581 4147
581 4153
581 4185
581 4270
581 4290
581 4298
581 4313
581 4370
581 4383
581 4479
581 4486
581 4488
582 1283
582 3113
583 701
583 2058
583 3022
583 3068
583 3468
584 1113
584 1231
584 1288
584 1588
584 2215
584 2437
584 2542
584 2819
584 2921
584 4282
585 609
585 661
585 711
585 848
585 849
585 892
585 909
585 943
585 983
585 989
585 1274
585 1290
585 1308
585 1349
585 1367
585 1379
585 1401
585 1508
585 1547
585 1700
585 1790
585 1809
585 1911
585 2007
585 2084
585 2120
585 2151
585 2161
585 2175
585 2203
585 2204
585 2234
585 2315
585 2343
585 2360
585 2383
585 2418
585 2421
585 2597
585 2599
585 2608
585 2641
585 2730
585 2940
585 3055
585 3088
585 3100
585 3104
585 3125
585 3160
585 3186
585 3204
585 3205
585 3231
585 3238
585 3297
585 3409
585 3434
585 3468
585 3534
585 3594
585 3612
585 3622
585 3642
585 3732
585 3733
585 3867
585 3868
585 3873
585 3876
585 3916
585 3935
585 4002
585 4103
585 4141
585 4161
585 4171
585 4231
585 4255
585 4315
585 4345
585 4350
585 4353
585 4361
585 4393
585 4419
585 4480
586 627
586 631
586 635
586 640
586 647
586 650
586 729
586 736
586 740
586 765
586 769
586 781
586 853
586 903
586 908
586 923
586 925
586 926
586 929
586 931
586 952
586 956
586 965
586 1011
586 1012
586 1017
586 1060
586 1091
586 1105
586 1110
586 1143
586 1149
586 1152
586 1176
586 1178
586 1183
586 1184
586 1185
586 1186
586 1192
586 1218
586 1251
586 1257
586 1260
586 1268
586 1292
586 1298
586 1299
586 1320
586 1326
586 1337
586 1351
586 1373
586 1404
586 1406
586 1424
586 1445
586 1450
586 1454
586 1480
586 1485
586 1507
586 1522
586 1543
586 1550
586 1554
586 1582
586 1592
586 1643
586 1647
586 1651
586 1664
586 1679
586 1682
586 1684
586 1685
586 1702
586 1727
586 1732
586 1740
586 1747
586 1751
586 1758
586 1786
586 1789
586 1808
586 1815
586 1844
586 1864
586 1869
586 1871
586 1877
586 1954
586 1973
586 2015
586 2069
586 2088
586 2095
586 2098
586 2104
586 2115
586 2123
586 2178
586 2200
586 2227
586 2238
586 2249
586 2285
586 2294
586 2298
586 2301
586 2305
586 2387
586 2391
586 2392
586 2414
586 2415
586 2420
586 2422
586 2433
586 2442
586 2450
586 2457
586 2491
586 2496
586 2524
586 2535
586 2564
586 2565
586 2594
586 2598
586 2619
586 2622
586 2652
586 2659
586 2666
586 2678
586 2698
586 2699
586 2726
586 2732
586 2740
586 2743
586 2780
586 2784
586 2801
586 2805
586 2821
586 2855
586 2869
586 2880
586 2919
586 2948
586 2977
586 3033
586 3061
586 3076
586 3084
586 3111
586 3113
586 3129
586 3151
586 3171
586 3181
586 3187
586 3198
586 3264
586 3273
586 3299
586 3311
586 3327
586 3343
586 3349
586 3385
586 3392
586 3417
586 3423
586 3430
586 3432
586 3446
586 3464
586 3478
586 3485
586 3515
586 3520
586 3521
586 3528
586 3562
586 3586
586 3615
586 3643
586 3646
586 3647
586 3710
586 3715
586 3728
586 3737
586 3739
586 3767
586 3782
586 3784
586 3797
586 3802
586 3812
586 3815
586 3819
586 3850
586 3857
586 3859
586 3878
586 3893
586 3897
586 3955
586 3961
586 3975
586 3977
586 3987
586 3998
586 4008
586 4020
586 4021
586 4040
586 4042
586 4043
586 4052
586 4056
586 4113
586 4131
586 4138
586 4146
586 4147
586 4153
586 4174
586 4185
586 4188
586 4193
586 4194
586 4196
586 4199
586 4236
586 4262
586 4270
586 4290
586 4298
586 4312
586 4313
586 4319
586 4331
586 4352
586 4370
586 4383
586 4389
586 4469
586 4479
586 4486
586 4488
587 614
587 686
587 704
587 757
587 826
587 885
587 904
587 938
587 984
587 1007
587 1085
587 1087
587 1131
587 1136
587 1137
587 1193
587 1386
587 1466
587 1594
587 1607
587 1771
587 1857
587 1868
587 1963
587 2013
587 2040
587 2611
587 2632
587 2637
587 2682
587 2789
587 2802
587 2913
587 2971
587 3015
587 3270
587 3317
587 3378
587 3402
587 3468
587 3497
587 3537
587 3596
587 3603
587 3629
587 3633
587 3826
587 3836
587 3906
587 3953
587 4192
587 4241
587 4266
587 4405
587 4421
587 4448
588 2506
588 2708
588 3468
589 663
589 1361
589 1491
589 1714
589 1783
589 1995
589 2511
589 3310
589 3856
589 4030
590 951
590 1050
590 1203
590 1380
590 1523
590 2262
590 2618
590 3238
590 3426
590 3462
590 3468
590 3474
590 4105
590 4415
590 4471
591 619
591 656
591 687
591 743
591 779
591 786
591 819
591 855
591 858
591 873
591 890
591 1005
591 1058
591 1069
591 1153
591 1179
591 1206
591 1234
591 1249
591 1327
591 1328
591 1359
591 1368
591 1385
591 1399
591 1414
591 1446
591 1447
591 1452
591 1496
591 1511
591 1575
591 1628
591 1655
591 1674
591 1712
591 1766
591 1791
591 1797
591 1816
591 1841
591 1866
591 1948
591 1956
591 1979
591 1982
591 1983
591 2037
591 2044
591 2071
591 2130
591 2270
591 2288
591 2334
591 2404
591 2430
591 2501
591 2555
591 2583
591 2589
591 2628
591 2631
591 2648
591 2649
591 2656
591 2660
591 2771
591 2781
591 2830
591 2838
591 2850
591 2863
591 2867
591 3010
591 3023
591 3024
591 3082
591 3123
591 3131
591 3178
591 3189
591 3213
591 3225
591 3237
591 3252
591 3265
591 3275
591 3290
591 3321
591 3331
591 3404
591 3405
591 3501
591 3519
591 3565
591 3621
591 3638
591 3643
591 3654
591 3672
591 3675
591 3697
591 3742
591 3762
591 3769
591 3777
591 3837
591 3854
591 3889
591 3908
591 3950
591 3983
591 4023
591 4057
591 4076
591 4131
591 4134
591 4139
591 4240
591 4242
591 4250
591 4272
591 4309
591 4326
591 4347
591 4377
591 4431
591 4481
591 4482
592 799
592 1355
592 1481
592 1529
592 2074
592 2657
592 2793
592 3384
592 3468
592 3825
593 607
593 619
593 656
593 660
593 662
593 672
593 687
593 743
593 772
593 779
593 784
593 786
593 819
593 855
593 873
593 890
593 939
593 970
593 1005
593 1058
593 1139
593 1179
593 1198
593 1206
593 1234
593 1249
593 1273
593 1327
593 1357
593 1359
593 1368
593 1376
593 1385
593 1399
593 1414
593 1425
593 1446
593 1447
593 1452
593 1475
593 1511
593 1527
593 1535
593 1575
593 1579
593 1628
593 1638
593 1655
593 1685
593 1696
593 1712
593 1737
593 1748
593 1764
593 1766
593 1791
593 1797
593 1801
593 1866
593 1884
593 1895
593 1948
593 1956
593 1977
593 1979
593 1982
593 1983
593 2028
593 2037
593 2056
593 2071
593 2114
593 2130
593 2149
593 2155
593 2166
593 2199
593 2241
593 2270
593 2334
593 2357
593 2404
593 2430
593 2453
593 2501
593 2555
593 2583
593 2589
593 2592
593 2614
593 2628
593 2631
593 2649
593 2656
593 2701
593 2751
593 2771
593 2781
593 2830
593 2838
593 2850
593 2863
593 2867
593 2920
593 2950
593 2954
593 3005
593 3010
593 3011
593 3017
593 3020
593 3023
593 3024
593 3034
593 3058
593 3064
593 3082
593 3108
593 3123
593 3131
593 3178
593 3189
593 3194
593 3195
593 3213
593 3237
593 3252
593 3265
593 3275
593 3290
593 3321
593 3331
593 3356
593 3404
593 3405
593 3406
593 3413
593 3420
593 3446
593 3501
593 3506
593 3541
593 3565
593 3589
593 3638
593 3654
593 3666
593 3678
593 3697
593 3736
593 3742
593 3758
593 3762
593 3777
593 3837
593 3847
593 3848
593 3854
593 3875
593 3908
593 3983
593 4076
593 4134
593 4139
593 4240
593 4242
593 4250
593 4272
593 4307
593 4309
593 4316
593 4326
593 4330
593 4347
593 4360
593 4377
593 4425
593 4431
593 4432
593 4450
593 4470
594 625
594 626
594 668
594 677
594 1001
594 1034
594 1231
594 1236
594 1288
594 1378
594 1476
594 1487
594 1552
594 1565
594 1588
594 1598
594 1760
594 1918
594 2018
594 2057
594 2059
594 2131
594 2170
594 2215
594 2307
594 2346
594 2437
594 2452
594 2500
594 2512
594 2515
594 2585
594 2829
594 2921
594 2942
594 2944
594 3000
594 3026
594 3155
594 3158
594 3188
594 3308
594 3364
594 3383
594 3412
594 3427
594 3557
594 3734
594 3832
594 4420
594 4423
595 888
596 698
596 764
596 857
596 1051
596 1061
596 1094
596 1340
596 1366
596 1444
596 1557
596 1729
596 1752
596 1878
596 1929
596 2171
596 2222
596 2341
596 2767
596 2804
596 2823
596 2839
596 3241
596 3334
596 3533
596 3561
596 3630
596 3852
596 4195
596 4299
596 4378
596 4474
597 870
597 1004
597 1484
597 1689
597 1983
597 2931
597 3192
597 3539
598 721
598 856
598 1181
598 1235
598 1557
598 1729
598 1873
598 2171
598 2229
598 2447
598 2804
598 2957
598 3008
598 3093
598 3280
598 3397
598 3645
598 4179
598 4279
599 766
599 896
599 1029
599 1253
599 1361
599 1491
599 1606
599 1783
599 1843
599 1936
599 2534
599 2763
599 2978
599 3074
599 3424
599 3989
599 4030
599 4336
600 646
600 1251
600 1351
600 2061
600 2115
600 2123
600 2155
600 2363
600 2435
600 2755
600 2888
600 3010
600 3113
600 3556
600 3708
600 3819
600 3890
600 4023
600 4076
601 639
601 665
601 818
601 840
601 841
601 877
601 898
601 941
601 1042
601 1104
601 1114
601 1263
601 1278
601 1393
601 1395
601 1498
601 1504
601 1534
601 1536
601 1539
601 1627
601 1650
601 1665
601 1717
601 1723
601 1745
601 1778
601 1784
601 1831
601 1872
601 1897
601 1907
601 2025
601 2101
601 2119
601 2121
601 2269
601 2351
601 2436
601 2484
601 2533
601 2540
601 2579
601 2634
601 2650
601 2676
601 2684
601 2804
601 2997
601 3113
601 3235
601 3285
601 3307
601 3309
601 3344
601 3443
601 3481
601 3535
601 3598
601 3691
601 3749
601 3849
601 3973
601 4094
601 4100
601 4128
601 4387
602 693
602 1345
602 1959
602 2216
602 2223
602 2277
602 2625
602 3199
602 3350
602 3415
602 3811
602 3900
602 4369
603 872
603 919
603 946
603 1169
603 1324
603 1353
603 1428
603 1458
603 1531
603 1581
603 1617
603 1619
603 1719
603 1726
603 1772
603 1810
603 1851
603 1855
603 1917
603 1935
603 1958
603 1969
603 2048
603 2072
603 2137
603 2187
603 2193
603 2261
603 2497
603 2523
603 2642
603 2724
603 2746
603 2859
603 2871
603 2878
603 3094
603 3304
603 3374
603 3571
603 3574
603 3721
603 3727
603 3741
603 3796
603 4015
603 4029
603 4110
604 1503
604 2413
604 3084
604 3113
604 3692
606 900
606 926
606 1110
606 1192
606 1327
606 1450
606 1628
606 1797
606 2130
606 2290
606 2298
606 2356
606 2442
606 2637
606 2830
606 2924
606 2948
606 3100
606 3111
606 3331
606 3365
606 3767
606 3983
606 4080
606 4383
606 4478
607 656
607 662
607 687
607 743
607 779
607 855
607 873
607 890
607 939
607 956
607 970
607 1015
607 1058
607 1198
607 1206
607 1234
607 1273
607 1368
607 1385
607 1399
607 1440
607 1446
607 1447
607 1452
607 1475
607 1579
607 1628
607 1638
607 1696
607 1715
607 1748
607 1764
607 1797
607 1816
607 1866
607 1948
607 1977
607 1979
607 1983
607 2037
607 2049
607 2114
607 2130
607 2149
607 2270
607 2288
607 2404
607 2430
607 2491
607 2501
607 2555
607 2583
607 2589
607 2628
607 2631
607 2648
607 2751
607 2771
607 2850
607 2901
607 2954
607 3010
607 3017
607 3020
607 3023
607 3024
607 3034
607 3120
607 3131
607 3178
607 3189
607 3194
607 3213
607 3237
607 3252
607 3327
607 3331
607 3413
607 3501
607 3519
607 3541
607 3638
607 3666
607 3678
607 3697
607 3762
607 3837
607 3848
607 3875
607 3950
607 4076
607 4134
607 4142
607 4240
607 4250
607 4292
607 4307
607 4309
607 4316
607 4326
607 4347
607 4425
607 4431
607 4432
607 4450
607 4470
608 630
608 700
608 794
608 940
608 1546
608 1689
608 2185
608 2221
608 2356
608 2372
608 2718
608 2758
608 2822
608 2831
608 2851
608 3082
608 3112
608 3376
608 3724
608 3759
608 4266
609 623
609 661
609 669
609 710
609 711
609 715
609 848
609 892
609 909
609 936
609 943
609 983
609 989
609 1139
609 1247
609 1274
609 1290
609 1308
609 1333
609 1349
609 1379
609 1383
609 1463
609 1508
609 1547
609 1599
609 1648
609 1658
609 1701
609 1790
609 1834
609 2050
609 2084
609 2120
609 2151
609 2161
609 2203
609 2204
609 2209
609 2257
609 2332
609 2336
609 2343
609 2419
609 2443
609 2466
609 2485
609 2514
609 2538
609 2544
609 2599
609 2608
609 2624
609 2626
609 2641
609 2730
609 2761
609 2769
609 2791
609 2861
609 2868
609 2940
609 3016
609 3039
609 3045
609 3048
609 3055
609 3100
609 3186
609 3204
609 3205
609 3217
609 3231
609 3238
609 3257
609 3261
609 3277
609 3297
609 3325
609 3409
609 3434
609 3451
609 3468
609 3534
609 3563
609 3609
609 3612
609 3622
609 3642
609 3694
609 3732
609 3733
609 3736
609 3750
609 3867
609 3868
609 3873
609 3876
609 3905
609 3925
609 3935
609 3954
609 4002
609 4067
609 4069
609 4089
609 4141
609 4171
609 4199
609 4211
609 4255
609 4306
609 4345
609 4350
609 4393
609 4415
609 4471
610 759
610 835
610 836
610 996
610 1431
610 1829
610 1972
610 2146
610 2160
610 2256
610 2318
610 2407
610 2562
610 2796
610 3025
610 3113
610 3229
610 3390
610 3729
610 4206
610 4226
611 697
611 748
611 759
611 836
611 888
611 996
611 1431
611 1437
611 2078
611 2146
611 2160
611 2318
611 2416
611 2562
611 2796
611 2998
611 3025
611 3113
611 3363
611 3536
611 3686
612 639
612 665
612 682
612 818
612 841
612 1104
612 1114
612 1263
612 1309
612 1498
612 1627
612 1717
612 1831
612 1872
612 1874
612 2025
612 2321
612 2684
612 2685
612 2997
612 3063
612 3113
612 3285
612 3307
612 3481
612 3496
612 3535
612 3598
612 3606
612 3849
612 4128
612 4180
612 4367
613 785
613 997
613 1096
613 1159
613 1477
613 1569
613 1641
613 1726
613 1898
613 1957
613 2045
613 2091
613 2096
613 2591
613 2825
613 3113
613 3126
613 3128
613 3665
613 4158
613 4392
613 4418
614 686
614 704
614 726
614 826
614 904
614 922
614 938
614 984
614 1007
614 1085
614 1087
614 1131
614 1136
614 1137
614 1303
614 1325
614 1332
614 1466
614 1524
614 1594
614 1607
614 1857
614 1868
614 2013
614 2198
614 2248
614 2637
614 2682
614 2736
614 2789
614 2800
614 2802
614 2913
614 2971
614 3015
614 3378
614 3457
614 3468
614 3497
614 3596
614 3603
614 3629
614 3745
614 3836
614 3906
614 3910
614 4135
614 4151
614 4166
614 4192
614 4266
614 4405
615 832
615 914
615 972
615 1040
615 1279
615 1285
615 1379
615 1383
615 1834
615 2089
615 2935
615 3205
615 3212
615 3339
615 3409
615 3468
615 3510
615 3561
615 3780
615 3792
615 3891
615 4220
615 4255
615 4264
616 1518
616 1910
616 3081
616 3179
617 878
617 2002
617 2085
617 2414
617 2932
617 3113
617 3713
617 3722
617 3986
617 4003
618 1132
618 1411
618 1754
618 1770
618 2210
618 2532
618 2596
618 2996
618 3113
618 3461
618 3608
618 3763
618 4003
618 4343
618 4443
619 687
619 786
619 855
619 916
619 1153
619 1206
619 1208
619 1249
619 1273
619 1328
619 1339
619 1352
619 1440
619 1446
619 1447
619 1452
619 1496
619 1511
619 1674
619 1766
619 1977
619 1979
619 1983
619 1993
619 2037
619 2103
619 2113
619 2130
619 2155
619 2166
619 2288
619 2357
619 2404
619 2431
619 2501
619 2528
619 2555
619 2589
619 2628
619 2665
619 2689
619 2751
619 2830
619 2867
619 3010
619 3017
619 3082
619 3123
619 3131
619 3189
619 3194
619 3225
619 3252
619 3265
619 3404
619 3501
619 3621
619 3654
619 3678
619 3762
619 3776
619 3786
619 3837
619 3950
619 3993
619 4037
619 4095
619 4157
619 4181
619 4216
619 4232
619 4240
619 4242
619 4250
619 4272
619 4296
619 4309
619 4316
619 4326
619 4332
619 4347
619 4432
620 676
620 842
620 999
620 1027
620 1059
620 1147
620 1158
620 1187
620 1196
620 1210
620 1264
620 1270
620 1421
620 1455
620 1468
620 1482
620 1894
620 1971
620 1986
620 2117
620 2250
620 2312
620 2454
620 2463
620 2527
620 2543
620 2706
620 2773
620 2777
620 2986
620 3184
620 3242
620 3494
620 3748
620 3818
620 3980
620 4126
620 4152
620 4413
620 4458
621 677
621 2018
621 2170
621 2452
621 2500
621 2942
621 3158
621 3427
621 3482
622 689
622 724
622 1314
622 1555
622 2946
622 3637
622 3704
622 3834
622 4015
623 640
623 651
623 660
623 695
623 1149
623 1179
623 1298
623 1357
623 1385
623 1425
623 1450
623 1454
623 1535
623 1557
623 1582
623 1584
623 1592
623 1638
623 1712
623 1764
623 1871
623 1925
623 1948
623 2149
623 2238
623 2287
623 2298
623 2309
623 2583
623 2648
623 2656
623 2751
623 2771
623 2954
623 3023
623 3058
623 3129
623 3131
623 3178
623 3189
623 3237
623 3252
623 3260
623 3290
623 3404
623 3406
623 3430
623 3501
623 3776
623 3893
623 3897
623 4023
623 4042
623 4095
623 4270
623 4312
623 4326
623 4383
623 4398
623 4450
623 4454
623 4478
623 4479
624 1140
624 1252
624 1262
624 1388
624 1396
624 1605
624 2231
624 2275
624 2560
624 2593
624 2851
624 3190
624 3472
624 3473
624 3522
624 3584
624 3869
624 4015
624 4340
625 626
625 668
625 677
625 802
625 862
625 1034
625 1119
625 1231
625 1552
625 1565
625 1588
625 1598
625 1618
625 1904
625 2215
625 2323
625 2344
625 2346
625 2437
625 2452
625 2500
625 2515
625 2843
625 2921
625 3000
625 3155
625 3158
625 3233
625 3308
625 3364
625 3441
625 3734
626 668
626 800
626 802
626 915
626 960
626 1034
626 1119
626 1231
626 1236
626 1378
626 1487
626 1552
626 1565
626 1588
626 1598
626 1618
626 1760
626 2057
626 2131
626 2215
626 2323
626 2437
626 2500
626 2515
626 2921
626 3026
626 3158
626 3193
626 3233
626 3308
626 3649
627 640
627 647
627 650
627 736
627 781
627 847
627 908
627 923
627 926
627 965
627 1006
627 1011
627 1012
627 1017
627 1060
627 1064
627 1091
627 1105
627 1110
627 1149
627 1150
627 1152
627 1176
627 1178
627 1183
627 1192
627 1211
627 1218
627 1251
627 1257
627 1268
627 1292
627 1298
627 1299
627 1326
627 1337
627 1351
627 1373
627 1404
627 1424
627 1450
627 1454
627 1470
627 1480
627 1485
627 1488
627 1543
627 1554
627 1582
627 1592
627 1647
627 1664
627 1679
627 1684
627 1702
627 1715
627 1732
627 1747
627 1751
627 1758
627 1775
627 1786
627 1844
627 1864
627 1871
627 1954
627 1973
627 2015
627 2088
627 2095
627 2098
627 2104
627 2115
627 2178
627 2238
627 2249
627 2387
627 2392
627 2414
627 2415
627 2422
627 2450
627 2456
627 2496
627 2531
627 2535
627 2537
627 2564
627 2594
627 2598
627 2619
627 2622
627 2652
627 2659
627 2666
627 2698
627 2727
627 2740
627 2780
627 2790
627 2801
627 2806
627 2821
627 2855
627 2880
627 2948
627 2977
627 3033
627 3061
627 3066
627 3076
627 3111
627 3113
627 3120
627 3129
627 3151
627 3181
627 3187
627 3198
627 3220
627 3273
627 3311
627 3349
627 3417
627 3430
627 3432
627 3464
627 3478
627 3485
627 3515
627 3520
627 3562
627 3615
627 3710
627 3715
627 3728
627 3736
627 3737
627 3767
627 3784
627 3812
627 3815
627 3842
627 3847
627 3850
627 3857
627 3860
627 3862
627 3878
627 3893
627 3897
627 3923
627 3955
627 3975
627 3977
627 4020
627 4021
627 4040
627 4042
627 4052
627 4067
627 4138
627 4153
627 4188
627 4193
627 4194
627 4196
627 4236
627 4262
627 4270
627 4290
627 4298
627 4312
627 4313
627 4319
627 4352
627 4370
627 4383
627 4389
627 4469
627 4475
627 4479
627 4483
627 4486
628 692
628 735
628 793
628 1135
628 1165
628 1182
628 1265
628 1301
628 1343
628 1383
628 1776
628 1799
628 1914
628 2033
628 2139
628 2246
628 2332
628 2548
628 2711
628 2791
628 2872
628 2974
628 3468
628 4031
628 4175
628 4251
628 4300
629 1000
629 1553
629 1983
629 2282
629 2479
629 2554
629 2570
629 2686
629 2964
629 3130
629 3401
629 3466
629 3518
629 3845
629 3966
629 4302
629 4401
630 1095
630 1514
630 1653
630 1742
630 1981
630 1983
630 2029
630 2356
630 3082
630 3112
630 3328
630 3724
630 3800
630 3833
630 3996
630 4124
631 742
631 765
631 781
631 908
631 1017
631 1110
631 1152
631 1251
631 1326
631 1351
631 1405
631 1424
631 1543
631 1582
631 1647
631 1651
631 2115
631 2123
631 2178
631 2450
631 2476
631 2594
631 2598
631 2619
631 2698
631 2699
631 3033
631 3073
631 3076
631 3113
631 3129
631 3151
631 3264
631 3299
631 3515
631 3521
631 3728
631 4008
631 4193
631 4270
631 4313
632 649
632 664
632 695
632 707
632 789
632 861
632 900
632 955
632 961
632 962
632 982
632 1004
632 1053
632 1095
632 1179
632 1229
632 1230
632 1408
632 1443
632 1514
632 1584
632 1677
632 1830
632 1916
632 1922
632 1925
632 1950
632 1983
632 2003
632 2044
632 2046
632 2113
632 2287
632 2309
632 2356
632 2398
632 2459
632 2495
632 2600
632 2658
632 2686
632 2755
632 2776
632 2787
632 2794
632 2822
632 2833
632 2837
632 2858
632 2899
632 2911
632 3038
632 3082
632 3138
632 3162
632 3258
632 3293
632 3305
632 3319
632 3365
632 3474
632 3487
632 3505
632 3604
632 3611
632 3685
632 3708
632 3724
632 3829
632 3899
632 4058
632 4080
632 4095
632 4145
632 4154
632 4167
632 4178
632 4287
632 4294
632 4346
632 4398
632 4406
632 4410
632 4454
632 4461
632 4478
633 4285
634 719
634 834
634 1000
634 1439
634 1465
634 1661
634 1681
634 1983
634 2169
634 2894
634 3179
634 3218
634 3381
634 3611
634 3830
634 3966
634 4376
635 662
635 1104
635 1110
635 1198
635 1229
635 1239
635 1273
635 1286
635 1382
635 1406
635 1424
635 1446
635 1535
635 1579
635 1684
635 1871
635 1983
635 2114
635 2287
635 2442
635 2450
635 2589
635 2592
635 2619
635 2628
635 2649
635 2751
635 2776
635 2787
635 2794
635 2899
635 3011
635 3033
635 3058
635 3113
635 3365
635 3408
635 3468
635 3478
635 3589
635 3638
635 3762
636 719
636 767
636 834
636 1653
636 1661
636 1681
636 1742
636 1949
636 1983
636 2282
636 2493
636 2554
636 3179
636 3218
636 3219
636 3381
636 3467
636 3576
636 3604
636 3768
636 3833
636 3966
636 4124
636 4223
636 4283
636 4321
636 4323
637 1393
637 3113
638 1989
638 2296
638 3374
638 4015
638 4348
639 682
639 818
639 840
639 841
639 877
639 893
639 941
639 981
639 1042
639 1080
639 1104
639 1139
639 1154
639 1263
639 1278
639 1309
639 1377
639 1393
639 1395
639 1498
639 1504
639 1534
639 1536
639 1539
639 1627
639 1665
639 1682
639 1717
639 1723
639 1745
639 1769
639 1778
639 1784
639 1831
639 1860
639 1872
639 1874
639 1926
639 2025
639 2099
639 2101
639 2119
639 2121
639 2157
639 2281
639 2316
639 2351
639 2390
639 2436
639 2441
639 2455
639 2468
639 2484
639 2520
639 2533
639 2579
639 2634
639 2650
639 2676
639 2684
639 2733
639 2744
639 2806
639 2997
639 3101
639 3113
639 3235
639 3285
639 3307
639 3344
639 3439
639 3481
639 3496
639 3535
639 3553
639 3573
639 3598
639 3691
639 3723
639 3749
639 3816
639 3849
639 3874
639 3973
639 3991
639 4057
639 4094
639 4119
639 4128
639 4230
639 4367
639 4381
639 4387
639 4457
639 4459
640 647
640 650
640 736
640 756
640 923
640 926
640 931
640 954
640 1011
640 1045
640 1064
640 1110
640 1149
640 1152
640 1178
640 1192
640 1251
640 1257
640 1268
640 1292
640 1298
640 1299
640 1351
640 1362
640 1405
640 1409
640 1450
640 1454
640 1480
640 1485
640 1537
640 1543
640 1554
640 1582
640 1684
640 1702
640 1747
640 1751
640 1775
640 1786
640 1815
640 1841
640 1864
640 1871
640 1954
640 1973
640 2015
640 2098
640 2115
640 2176
640 2178
640 2238
640 2392
640 2414
640 2415
640 2420
640 2422
640 2496
640 2535
640 2564
640 2594
640 2622
640 2652
640 2666
640 2765
640 2780
640 2805
640 2821
640 2977
640 3061
640 3111
640 3113
640 3129
640 3147
640 3183
640 3185
640 3187
640 3273
640 3311
640 3349
640 3356
640 3417
640 3436
640 3478
640 3520
640 3615
640 3672
640 3710
640 3715
640 3728
640 3737
640 3767
640 3784
640 3819
640 3850
640 3857
640 3862
640 3893
640 3897
640 3955
640 3977
640 3998
640 4008
640 4040
640 4042
640 4052
640 4055
640 4057
640 4061
640 4115
640 4153
640 4236
640 4262
640 4270
640 4290
640 4312
640 4313
640 4317
640 4331
640 4370
640 4479
640 4486
641 1983
641 2020
641 2530
641 2570
641 3012
641 3218
641 3240
641 3449
641 3518
641 3845
642 1015
642 3964
643 744
643 879
643 1010
643 1334
643 1468
643 1513
643 2463
643 2543
643 2750
643 2808
643 3021
643 3494
643 3661
644 1422
644 2242
644 3113
644 3399
644 4396
645 652
645 689
645 724
645 1836
645 2549
645 2946
645 3809
645 4015
646 1251
646 1351
646 2061
646 2115
646 2123
646 2155
646 2363
646 2435
646 2755
646 2804
646 2888
646 3113
646 3556
646 3819
646 3890
646 4023
646 4076
647 650
647 700
647 742
647 847
647 905
647 948
647 952
647 1012
647 1064
647 1078
647 1105
647 1110
647 1148
647 1149
647 1152
647 1186
647 1243
647 1268
647 1292
647 1298
647 1299
647 1300
647 1362
647 1373
647 1406
647 1450
647 1457
647 1485
647 1522
647 1543
647 1582
647 1666
647 1684
647 1747
647 1814
647 1844
647 1871
647 1877
647 1973
647 2015
647 2088
647 2095
647 2104
647 2115
647 2123
647 2135
647 2178
647 2182
647 2227
647 2249
647 2298
647 2387
647 2392
647 2422
647 2455
647 2456
647 2535
647 2564
647 2594
647 2683
647 2727
647 2740
647 2805
647 2855
647 2881
647 2948
647 3033
647 3111
647 3113
647 3129
647 3151
647 3183
647 3185
647 3187
647 3198
647 3220
647 3299
647 3327
647 3420
647 3432
647 3485
647 3586
647 3728
647 3767
647 3784
647 3860
647 3961
647 3998
647 4020
647 4153
647 4188
647 4196
647 4270
647 4292
647 4298
647 4312
647 4313
647 4374
647 4383
647 4469
648 801
648 912
648 1047
648 1171
648 1272
648 1650
648 1991
648 2053
648 2225
648 2245
648 2279
648 2364
648 2663
648 2848
648 2879
648 3001
648 3041
648 3052
648 3091
648 3113
648 3163
648 3450
648 3483
648 3526
648 3872
648 3988
648 4084
648 4244
648 4339
649 664
649 695
649 789
649 861
649 900
649 956
649 961
649 962
649 980
649 982
649 1004
649 1009
649 1048
649 1053
649 1067
649 1095
649 1100
649 1125
649 1195
649 1229
649 1239
649 1271
649 1317
649 1382
649 1408
649 1423
649 1441
649 1443
649 1472
649 1514
649 1577
649 1624
649 1677
649 1731
649 1816
649 1830
649 1922
649 1925
649 1983
649 1993
649 1999
649 2003
649 2029
649 2044
649 2046
649 2068
649 2113
649 2179
649 2196
649 2206
649 2287
649 2290
649 2297
649 2309
649 2356
649 2358
649 2398
649 2459
649 2495
649 2572
649 2600
649 2658
649 2672
649 2702
649 2755
649 2758
649 2776
649 2787
649 2794
649 2810
649 2833
649 2837
649 2858
649 2899
649 2910
649 2924
649 3009
649 3038
649 3107
649 3138
649 3162
649 3191
649 3260
649 3293
649 3343
649 3365
649 3408
649 3425
649 3467
649 3487
649 3505
649 3569
649 3611
649 3685
649 3706
649 3708
649 3718
649 3724
649 3800
649 3833
649 3847
649 3923
649 4023
649 4058
649 4061
649 4080
649 4145
649 4154
649 4178
649 4219
649 4287
649 4294
649 4346
649 4398
649 4410
649 4454
649 4478
650 781
650 926
650 931
650 1011
650 1110
650 1192
650 1251
650 1268
650 1292
650 1299
650 1326
650 1351
650 1450
650 1480
650 1543
650 1554
650 1582
650 1684
650 1702
650 1747
650 1775
650 1786
650 1815
650 1871
650 1973
650 2088
650 2104
650 2115
650 2178
650 2380
650 2392
650 2414
650 2422
650 2535
650 2594
650 2598
650 2855
650 2948
650 3033
650 3061
650 3111
650 3113
650 3129
650 3151
650 3417
650 3430
650 3432
650 3478
650 3560
650 3710
650 3728
650 3737
650 3767
650 3784
650 3819
650 3897
650 4008
650 4020
650 4042
650 4138
650 4185
650 4188
650 4193
650 4196
650 4270
650 4298
650 4312
650 4313
650 4383
650 4469
650 4479
650 4486
651 707
651 778
651 789
651 861
651 900
651 955
651 961
651 962
651 982
651 1004
651 1053
651 1092
651 1095
651 1100
651 1148
651 1179
651 1190
651 1229
651 1230
651 1286
651 1382
651 1408
651 1409
651 1472
651 1514
651 1527
651 1584
651 1660
651 1696
651 1725
651 1811
651 1841
651 1882
651 1883
651 1916
651 1922
651 1983
651 1999
651 2009
651 2029
651 2083
651 2113
651 2196
651 2206
651 2232
651 2287
651 2290
651 2309
651 2356
651 2398
651 2473
651 2658
651 2686
651 2701
651 2755
651 2776
651 2787
651 2794
651 2822
651 2833
651 2837
651 2858
651 2869
651 2899
651 2910
651 2918
651 2924
651 3038
651 3082
651 3138
651 3162
651 3209
651 3246
651 3258
651 3365
651 3408
651 3425
651 3487
651 3569
651 3590
651 3604
651 3611
651 3623
651 3672
651 3685
651 3706
651 3718
651 3899
651 3970
651 3987
651 4023
651 4037
651 4060
651 4061
651 4080
651 4095
651 4118
651 4145
651 4154
651 4219
651 4259
651 4287
651 4294
651 4325
651 4346
651 4398
651 4410
651 4434
651 4441
651 4454
651 4461
651 4465
651 4478
652 758
652 1335
652 2152
652 2785
652 2946
652 3524
652 3704
652 3985
652 4015
653 684
653 723
653 1101
653 1155
653 1276
653 1342
653 1984
653 2286
653 2870
653 2923
653 3143
653 3149
653 3302
653 3323
653 3493
653 3591
653 3930
653 4015
653 4017
653 4464
654 785
654 958
654 1580
654 3113
654 3306
655 1056
655 1216
655 1228
655 1456
655 1557
655 1634
655 1721
655 1833
655 1924
655 2718
655 3352
655 3502
655 4333
656 660
656 672
656 687
656 743
656 772
656 779
656 786
656 819
656 855
656 873
656 890
656 970
656 1005
656 1058
656 1148
656 1179
656 1198
656 1206
656 1234
656 1273
656 1327
656 1328
656 1357
656 1359
656 1368
656 1376
656 1385
656 1399
656 1414
656 1425
656 1440
656 1446
656 1447
656 1452
656 1475
656 1496
656 1511
656 1535
656 1575
656 1579
656 1628
656 1638
656 1655
656 1712
656 1737
656 1764
656 1766
656 1791
656 1797
656 1801
656 1825
656 1826
656 1866
656 1948
656 1956
656 1977
656 1979
656 1983
656 2028
656 2037
656 2065
656 2071
656 2130
656 2149
656 2155
656 2166
656 2199
656 2200
656 2205
656 2241
656 2270
656 2288
656 2334
656 2357
656 2404
656 2430
656 2491
656 2501
656 2555
656 2583
656 2589
656 2592
656 2614
656 2628
656 2631
656 2648
656 2649
656 2656
656 2660
656 2751
656 2771
656 2781
656 2830
656 2838
656 2850
656 2863
656 2867
656 2920
656 2954
656 2991
656 3010
656 3011
656 3017
656 3020
656 3023
656 3024
656 3034
656 3058
656 3064
656 3082
656 3123
656 3131
656 3170
656 3178
656 3189
656 3194
656 3195
656 3213
656 3225
656 3237
656 3252
656 3265
656 3275
656 3290
656 3321
656 3331
656 3354
656 3356
656 3404
656 3405
656 3406
656 3413
656 3501
656 3519
656 3541
656 3565
656 3583
656 3638
656 3654
656 3666
656 3678
656 3697
656 3730
656 3742
656 3758
656 3762
656 3776
656 3837
656 3848
656 3875
656 3889
656 3908
656 3950
656 3983
656 4076
656 4095
656 4115
656 4134
656 4139
656 4240
656 4242
656 4250
656 4260
656 4272
656 4307
656 4309
656 4316
656 4326
656 4330
656 4347
656 4360
656 4377
656 4403
656 4422
656 4425
656 4431
656 4432
656 4450
656 4482
657 2897
657 2929
657 3243
657 3763
657 4172
657 4278
658 1084
658 1088
658 1117
658 1398
658 1426
658 1497
658 1509
658 1566
658 1756
658 1773
658 1998
658 2063
658 2092
658 2260
658 2284
658 2302
658 2370
658 2417
658 2517
658 2521
658 2788
658 2804
658 3113
658 3164
658 3210
658 3442
658 3503
658 3540
658 3560
658 3570
658 3648
658 3668
658 3934
658 4011
658 4055
658 4114
658 4343
658 4443
659 713
659 763
659 1562
659 1796
659 2113
659 2208
659 2319
659 2548
659 2649
659 3246
659 3317
659 3433
659 3566
659 3636
659 3697
659 3751
659 4154
659 4258
660 662
660 687
660 743
660 772
660 779
660 786
660 819
660 830
660 855
660 873
660 890
660 916
660 980
660 991
660 1005
660 1058
660 1147
660 1198
660 1206
660 1234
660 1243
660 1249
660 1273
660 1327
660 1357
660 1376
660 1399
660 1409
660 1440
660 1446
660 1447
660 1452
660 1475
660 1511
660 1535
660 1575
660 1579
660 1638
660 1655
660 1712
660 1764
660 1766
660 1791
660 1801
660 1802
660 1825
660 1866
660 1884
660 1948
660 1983
660 2037
660 2071
660 2114
660 2130
660 2155
660 2166
660 2255
660 2270
660 2334
660 2357
660 2404
660 2430
660 2431
660 2453
660 2555
660 2583
660 2589
660 2592
660 2614
660 2628
660 2648
660 2649
660 2656
660 2733
660 2744
660 2751
660 2781
660 2830
660 2849
660 2850
660 2867
660 2920
660 2954
660 3011
660 3017
660 3020
660 3023
660 3024
660 3034
660 3058
660 3064
660 3067
660 3081
660 3123
660 3170
660 3189
660 3194
660 3195
660 3213
660 3237
660 3265
660 3275
660 3290
660 3321
660 3331
660 3343
660 3404
660 3405
660 3436
660 3501
660 3519
660 3541
660 3583
660 3589
660 3643
660 3654
660 3678
660 3697
660 3742
660 3776
660 3848
660 3875
660 3950
660 4057
660 4076
660 4134
660 4139
660 4157
660 4181
660 4240
660 4242
660 4250
660 4272
660 4307
660 4309
660 4316
660 4326
660 4330
660 4347
660 4360
660 4377
660 4425
660 4431
660 4432
660 4470
661 983
661 1028
661 1121
661 1247
661 1274
661 1290
661 1308
661 1333
661 1346
661 1349
661 1379
661 1547
661 1701
661 1708
661 1790
661 2007
661 2050
661 2120
661 2151
661 2203
661 2204
661 2257
661 2383
661 2421
661 2443
661 2599
661 2608
661 2624
661 2641
661 2730
661 2861
661 2940
661 3100
661 3160
661 3186
661 3204
661 3205
661 3231
661 3238
661 3257
661 3297
661 3409
661 3434
661 3468
661 3534
661 3612
661 3617
661 3622
661 3642
661 3732
661 3750
661 3868
661 3873
661 3916
661 3954
661 3965
661 4141
661 4171
661 4255
661 4350
661 4393
662 672
662 687
662 743
662 772
662 779
662 819
662 855
662 873
662 890
662 971
662 1005
662 1153
662 1179
662 1198
662 1206
662 1234
662 1249
662 1273
662 1327
662 1357
662 1368
662 1376
662 1385
662 1399
662 1414
662 1425
662 1440
662 1446
662 1447
662 1452
662 1475
662 1478
662 1496
662 1511
662 1535
662 1575
662 1579
662 1628
662 1638
662 1679
662 1712
662 1737
662 1748
662 1764
662 1766
662 1791
662 1797
662 1825
662 1866
662 1884
662 1931
662 1948
662 1956
662 1983
662 2028
662 2037
662 2071
662 2114
662 2130
662 2149
662 2155
662 2166
662 2199
662 2237
662 2241
662 2255
662 2270
662 2288
662 2334
662 2404
662 2430
662 2453
662 2555
662 2583
662 2589
662 2592
662 2628
662 2631
662 2648
662 2649
662 2656
662 2751
662 2771
662 2774
662 2781
662 2830
662 2850
662 2863
662 2869
662 2920
662 2954
662 2991
662 3010
662 3011
662 3017
662 3020
662 3023
662 3024
662 3034
662 3058
662 3064
662 3082
662 3123
662 3124
662 3131
662 3175
662 3178
662 3189
662 3194
662 3195
662 3213
662 3237
662 3265
662 3275
662 3290
662 3321
662 3331
662 3369
662 3405
662 3406
662 3413
662 3446
662 3501
662 3519
662 3541
662 3565
662 3589
662 3638
662 3666
662 3697
662 3742
662 3758
662 3762
662 3776
662 3837
662 3848
662 3854
662 3889
662 3908
662 3950
662 3991
662 4061
662 4067
662 4070
662 4076
662 4095
662 4139
662 4240
662 4242
662 4250
662 4272
662 4292
662 4307
662 4316
662 4326
662 4347
662 4360
662 4377
662 4425
662 4431
662 4432
662 4450
663 691
663 704
663 828
663 913
663 994
663 1000
663 1024
663 1029
663 1146
663 1189
663 1253
663 1293
663 1491
663 1563
663 1583
663 1634
663 1714
663 1783
663 1813
663 1902
663 2023
663 2096
663 2172
663 2292
663 2345
663 2669
663 2673
663 2712
663 2804
663 2968
663 2980
663 3057
663 3114
663 3310
663 3592
663 3640
663 3717
663 3856
663 3989
663 4066
664 685
664 695
664 789
664 844
664 861
664 900
664 955
664 961
664 962
664 982
664 1004
664 1009
664 1067
664 1095
664 1100
664 1179
664 1195
664 1229
664 1230
664 1271
664 1286
664 1317
664 1382
664 1408
664 1514
664 1577
664 1584
664 1624
664 1677
664 1830
664 1916
664 1922
664 1925
664 1983
664 2046
664 2068
664 2113
664 2184
664 2196
664 2287
664 2290
664 2309
664 2356
664 2398
664 2429
664 2459
664 2495
664 2566
664 2600
664 2617
664 2658
664 2672
664 2755
664 2758
664 2787
664 2794
664 2837
664 2858
664 2899
664 3038
664 3112
664 3138
664 3162
664 3258
664 3293
664 3386
664 3425
664 3487
664 3569
664 3685
664 3718
664 4058
664 4145
664 4154
664 4287
664 4398
664 4406
664 4410
664 4454
664 4478
665 682
665 818
665 839
665 840
665 841
665 864
665 877
665 893
665 941
665 1037
665 1042
665 1070
665 1080
665 1104
665 1114
665 1221
665 1263
665 1278
665 1309
665 1393
665 1498
665 1504
665 1534
665 1536
665 1539
665 1627
665 1664
665 1665
665 1717
665 1723
665 1745
665 1769
665 1784
665 1831
665 1860
665 1872
665 1874
665 1897
665 1926
665 2025
665 2034
665 2101
665 2119
665 2121
665 2157
665 2269
665 2281
665 2316
665 2321
665 2351
665 2378
665 2390
665 2436
665 2468
665 2484
665 2524
665 2533
665 2537
665 2540
665 2579
665 2634
665 2650
665 2669
665 2676
665 2684
665 2685
665 2804
665 2838
665 2849
665 2875
665 2997
665 3063
665 3113
665 3147
665 3235
665 3271
665 3285
665 3307
665 3309
665 3343
665 3344
665 3369
665 3504
665 3535
665 3598
665 3606
665 3672
665 3691
665 3749
665 3770
665 3849
665 3874
665 3924
665 3973
665 4094
665 4100
665 4104
665 4119
665 4128
665 4289
665 4327
665 4367
665 4387
665 4483
666 797
666 928
666 1224
666 1526
666 1629
666 1668
666 1827
666 1958
666 2036
666 2075
666 2280
666 2859
666 3031
666 3037
666 3073
666 3094
666 3097
666 3254
666 3571
666 3740
666 3796
666 3804
666 4015
666 4085
666 4189
666 4305
666 4395
667 739
667 880
667 1118
667 1604
667 1605
667 1755
667 2593
667 2883
667 4001
667 4015
667 4016
667 4059
667 4394
668 862
668 1034
668 1565
668 1588
668 1904
668 2018
668 2059
668 2215
668 2452
668 2500
668 2584
668 2773
668 2942
668 3158
668 3188
668 3308
668 3364
668 3734
668 4282
669 793
669 866
669 948
669 997
669 1095
669 1135
669 1260
669 1265
669 1281
669 1636
669 1658
669 1800
669 1885
669 1898
669 2111
669 2139
669 2203
669 2246
669 2466
669 2805
669 3039
669 3113
669 3212
669 3468
669 3549
669 3558
669 3738
669 3803
669 3814
669 4175
669 4251
669 4359
670 705
670 1021
670 1242
670 1436
670 2014
670 2215
670 2399
670 3127
670 3180
670 4123
670 4485
671 723
671 846
671 2021
671 2055
671 2060
671 2890
671 2958
671 2965
671 3545
671 3618
671 4015
671 4357
672 687
672 743
672 779
672 786
672 855
672 873
672 890
672 954
672 970
672 1045
672 1069
672 1081
672 1150
672 1154
672 1179
672 1198
672 1206
672 1249
672 1327
672 1357
672 1368
672 1385
672 1399
672 1425
672 1446
672 1447
672 1452
672 1475
672 1496
672 1511
672 1535
672 1575
672 1579
672 1628
672 1638
672 1664
672 1696
672 1712
672 1737
672 1748
672 1764
672 1766
672 1791
672 1797
672 1801
672 1802
672 1821
672 1825
672 1841
672 1866
672 1948
672 1979
672 1983
672 2028
672 2037
672 2056
672 2071
672 2114
672 2130
672 2199
672 2241
672 2270
672 2334
672 2357
672 2368
672 2430
672 2501
672 2555
672 2583
672 2589
672 2592
672 2614
672 2628
672 2648
672 2649
672 2656
672 2751
672 2771
672 2781
672 2806
672 2830
672 2849
672 2850
672 2863
672 2920
672 2954
672 3010
672 3017
672 3020
672 3023
672 3034
672 3058
672 3131
672 3178
672 3189
672 3194
672 3195
672 3213
672 3237
672 3252
672 3275
672 3290
672 3321
672 3404
672 3413
672 3501
672 3519
672 3541
672 3565
672 3589
672 3638
672 3643
672 3654
672 3666
672 3678
672 3697
672 3742
672 3758
672 3762
672 3837
672 3848
672 3875
672 3889
672 3908
672 3987
672 4076
672 4134
672 4139
672 4142
672 4181
672 4234
672 4240
672 4242
672 4250
672 4272
672 4307
672 4316
672 4326
672 4330
672 4347
672 4360
672 4377
672 4403
672 4425
672 4431
672 4432
672 4450
672 4475
673 1324
673 1617
673 2081
673 2296
673 3374
673 3705
673 4015
674 909
674 1086
674 1111
674 1120
674 1508
674 1658
674 1704
674 1914
674 2350
674 2912
674 2974
674 3004
674 3048
674 3368
674 3468
674 3546
674 3594
674 3601
674 3658
674 3694
674 3750
674 3876
674 3925
674 3954
674 4002
674 4089
674 4239
674 4253
674 4306
674 4315
674 4361
674 4462
675 744
675 2389
675 2646
675 2833
675 2928
675 3312
676 803
676 842
676 1038
676 1210
676 1264
676 1270
676 1468
676 1482
676 1595
676 1749
676 1964
676 1971
676 2218
676 2250
676 2266
676 2312
676 2463
676 2527
676 2543
676 2835
676 3021
676 3184
676 3407
676 3494
676 3818
676 3938
676 3980
676 4091
676 4093
676 4136
676 4156
676 4413
677 1034
677 1044
677 1275
677 1438
677 1835
677 1904
677 1941
677 2018
677 2059
677 2170
677 2215
677 2307
677 2320
677 2452
677 2819
677 2829
677 2942
677 3158
677 3239
677 3364
677 3427
677 3441
677 3538
677 3832
677 4025
677 4423
678 940
678 1512
678 1592
678 2178
678 2366
678 2456
678 2531
678 3111
678 3113
678 3166
678 3399
678 3794
679 1998
679 2462
679 2536
679 2613
679 2840
679 3113
679 3624
680 1034
680 2452
680 3158
681 1968
681 2039
681 4015
681 4049
682 818
682 840
682 841
682 877
682 1080
682 1104
682 1114
682 1221
682 1263
682 1309
682 1377
682 1393
682 1395
682 1498
682 1504
682 1534
682 1536
682 1539
682 1627
682 1665
682 1717
682 1723
682 1784
682 1831
682 1872
682 1874
682 1897
682 2025
682 2034
682 2101
682 2121
682 2316
682 2351
682 2378
682 2390
682 2484
682 2533
682 2579
682 2634
682 2650
682 2669
682 2676
682 2684
682 2997
682 3063
682 3113
682 3235
682 3285
682 3307
682 3309
682 3351
682 3439
682 3481
682 3598
682 3691
682 3749
682 3849
682 3874
682 3924
682 4119
682 4128
682 4367
683 721
683 794
683 978
683 1028
683 1084
683 1094
683 1235
683 1261
683 1340
683 1361
683 1366
683 1444
683 1456
683 1501
683 1557
683 1614
683 1729
683 1752
683 1842
683 1929
683 2027
683 2171
683 2183
683 2208
683 2222
683 2341
683 2470
683 2669
683 2675
683 2693
683 2804
683 2925
683 2939
683 2957
683 2994
683 3007
683 3008
683 3014
683 3093
683 3157
683 3241
683 3457
683 3502
683 3540
683 3625
683 3630
683 3671
683 3853
683 3877
683 3934
683 3993
683 4039
683 4077
683 4190
683 4279
683 4378
683 4435
683 4463
684 1155
684 1276
684 1342
684 2286
684 2870
684 2923
684 3143
684 3149
684 3323
684 3493
684 3591
684 4015
684 4017
684 4354
684 4464
685 695
685 844
685 961
685 1009
685 1195
685 1271
685 1408
685 1423
685 1514
685 1601
685 1624
685 1731
685 1830
685 1983
685 1993
685 2003
685 2046
685 2068
685 2179
685 2184
685 2278
685 2287
685 2309
685 2429
685 2459
685 2495
685 2617
685 2702
685 2787
685 2810
685 3038
685 3135
685 3246
685 3425
685 3539
685 3569
685 3604
685 3685
685 3696
685 3708
685 4058
685 4145
685 4258
686 704
686 806
686 904
686 934
686 938
686 984
686 1007
686 1085
686 1087
686 1131
686 1136
686 1137
686 1291
686 1294
686 1303
686 1325
686 1341
686 1466
686 1524
686 1594
686 1607
686 1763
686 1771
686 1857
686 1868
686 1963
686 2013
686 2040
686 2129
686 2273
686 2490
686 2611
686 2637
686 2682
686 2736
686 2800
686 2802
686 2854
686 2913
686 2971
686 3015
686 3103
686 3176
686 3244
686 3270
686 3326
686 3378
686 3402
686 3468
686 3476
686 3531
686 3596
686 3603
686 3629
686 3633
686 3673
686 3677
686 3682
686 3747
686 3826
686 3910
686 3953
686 4135
686 4151
686 4166
686 4192
686 4214
686 4227
686 4228
686 4266
686 4405
686 4421
686 4448
687 699
687 743
687 779
687 784
687 786
687 815
687 855
687 858
687 873
687 890
687 939
687 954
687 956
687 970
687 1005
687 1058
687 1069
687 1122
687 1153
687 1179
687 1198
687 1206
687 1218
687 1234
687 1249
687 1273
687 1328
687 1357
687 1359
687 1368
687 1376
687 1385
687 1399
687 1414
687 1425
687 1445
687 1446
687 1447
687 1452
687 1470
687 1475
687 1496
687 1511
687 1535
687 1575
687 1579
687 1628
687 1638
687 1655
687 1664
687 1682
687 1712
687 1715
687 1737
687 1748
687 1757
687 1764
687 1766
687 1791
687 1801
687 1816
687 1826
687 1866
687 1948
687 1956
687 1977
687 1979
687 1983
687 2028
687 2037
687 2047
687 2071
687 2113
687 2114
687 2130
687 2149
687 2155
687 2166
687 2199
687 2241
687 2270
687 2294
687 2357
687 2404
687 2430
687 2431
687 2453
687 2485
687 2501
687 2555
687 2565
687 2583
687 2589
687 2592
687 2614
687 2628
687 2631
687 2648
687 2649
687 2656
687 2689
687 2751
687 2771
687 2781
687 2830
687 2850
687 2863
687 2867
687 2920
687 2922
687 2954
687 2991
687 3010
687 3011
687 3017
687 3020
687 3023
687 3024
687 3034
687 3058
687 3064
687 3067
687 3081
687 3082
687 3123
687 3124
687 3131
687 3147
687 3170
687 3178
687 3189
687 3191
687 3194
687 3195
687 3213
687 3237
687 3252
687 3265
687 3275
687 3290
687 3321
687 3331
687 3354
687 3369
687 3404
687 3405
687 3406
687 3413
687 3420
687 3458
687 3501
687 3519
687 3541
687 3565
687 3583
687 3589
687 3638
687 3654
687 3666
687 3678
687 3697
687 3742
687 3758
687 3762
687 3776
687 3837
687 3848
687 3875
687 3889
687 3908
687 3950
687 3983
687 4070
687 4076
687 4095
687 4134
687 4139
687 4181
687 4232
687 4240
687 4242
687 4250
687 4272
687 4309
687 4316
687 4326
687 4330
687 4332
687 4347
687 4360
687 4377
687 4425
687 4431
687 4432
687 4450
687 4470
687 4482
688 1581
688 1673
688 1824
688 1917
688 1944
688 1969
688 2219
688 2671
688 4015
688 4082
689 724
689 1335
689 1555
689 1836
689 2152
689 2549
689 2946
689 3637
689 3704
689 3809
689 3985
689 4015
690 1398
690 1590
690 1819
690 2211
690 2325
690 2525
690 2788
690 3041
690 3113
690 3168
690 3210
690 3503
690 4289
691 1189
691 1255
691 1361
691 1491
691 1563
691 1583
691 1589
691 1606
691 1714
691 1736
691 1757
691 1783
691 1813
691 1995
691 2534
691 2777
691 2968
691 2980
691 3047
691 3121
691 3572
691 3592
691 3640
691 3856
691 4066
691 4363
692 1013
692 1182
692 1301
692 1776
692 1799
692 2051
692 2237
692 2711
692 3468
693 969
693 1345
693 1615
693 1915
693 1959
693 2216
693 2223
693 2277
693 2610
693 2625
693 2757
693 2963
693 3142
693 3199
693 3350
693 3415
693 3751
693 3785
693 3811
693 3900
693 4369
694 719
694 861
694 902
694 1100
694 1385
694 1584
694 1713
694 1947
694 1983
694 2686
694 2721
694 2865
694 3293
694 3328
694 3395
694 3607
694 3678
694 3783
694 3833
694 3889
694 3947
694 4167
694 4208
694 4434
695 789
695 808
695 844
695 861
695 900
695 955
695 961
695 962
695 982
695 1004
695 1009
695 1012
695 1067
695 1081
695 1095
695 1100
695 1125
695 1179
695 1190
695 1195
695 1229
695 1239
695 1271
695 1286
695 1317
695 1408
695 1423
695 1441
695 1514
695 1601
695 1624
695 1677
695 1696
695 1731
695 1802
695 1830
695 1922
695 1925
695 1983
695 1993
695 2003
695 2029
695 2044
695 2046
695 2068
695 2113
695 2179
695 2184
695 2196
695 2200
695 2206
695 2287
695 2290
695 2309
695 2356
695 2358
695 2368
695 2398
695 2429
695 2459
695 2495
695 2566
695 2600
695 2617
695 2658
695 2672
695 2701
695 2702
695 2729
695 2755
695 2787
695 2810
695 2833
695 2837
695 2858
695 2899
695 3038
695 3112
695 3138
695 3162
695 3246
695 3260
695 3293
695 3356
695 3365
695 3369
695 3386
695 3425
695 3487
695 3505
695 3569
695 3604
695 3611
695 3685
695 3708
695 3718
695 4023
695 4058
695 4080
695 4095
695 4142
695 4145
695 4154
695 4178
695 4258
695 4294
695 4346
695 4398
695 4406
695 4410
695 4454
695 4461
695 4465
695 4481
696 703
696 704
696 715
696 757
696 904
696 917
696 957
696 972
696 1137
696 1294
696 1297
696 1325
696 1348
696 1386
696 1466
696 1594
696 1607
696 1857
696 1932
696 1934
696 2089
696 2198
696 2248
696 2291
696 2396
696 2461
696 2632
696 2730
696 2800
696 2802
696 2868
696 2913
696 3015
696 3016
696 3160
696 3244
696 3402
696 3468
696 3531
696 3596
696 3614
696 3673
696 3745
696 3780
696 3789
696 3792
696 3836
696 3910
696 4135
696 4214
696 4222
696 4251
696 4264
696 4266
697 748
697 759
697 888
697 995
697 996
697 1431
697 1437
697 1972
697 1998
697 2078
697 2146
697 2160
697 2256
697 2318
697 2407
697 2547
697 2562
697 2790
697 2796
697 2998
697 3025
697 3113
697 3229
697 3363
697 3390
697 3527
697 3536
697 3686
697 4206
697 4226
697 4446
697 4477
698 764
698 857
698 1051
698 1366
698 1389
698 1538
698 1657
698 1863
698 2025
698 2180
698 2345
698 2379
698 2534
698 2767
698 2823
698 3107
698 3200
698 3334
698 3533
698 3557
698 4299
698 4321
699 707
699 794
699 873
699 931
699 1017
699 1104
699 1195
699 1327
699 1351
699 1357
699 1359
699 1450
699 1511
699 1638
699 1650
699 1655
699 1677
699 1737
699 1747
699 1766
699 1882
699 1956
699 1983
699 2083
699 2113
699 2114
699 2182
699 2270
699 2356
699 2404
699 2430
699 2649
699 2656
699 2699
699 2771
699 2850
699 3017
699 3058
699 3061
699 3113
699 3181
699 3187
699 3237
699 3252
699 3321
699 3331
699 3468
699 3565
699 3615
699 3685
699 3706
699 3762
699 3819
699 3837
699 3950
699 4023
699 4058
699 4076
699 4192
699 4240
699 4272
699 4425
700 1071
700 1078
700 1110
700 1129
700 1135
700 1183
700 1186
700 1260
700 1402
700 1503
700 1666
700 1705
700 1732
700 1800
700 1814
700 2226
700 2301
700 2732
700 2979
700 3033
700 3113
700 3185
700 3299
700 3452
700 3627
700 4147
701 2058
701 3022
701 3468
701 4445
702 845
702 1310
702 1381
702 1983
703 715
703 972
703 977
703 1050
703 1325
703 1508
703 1640
703 1701
703 1932
703 2007
703 2054
703 2089
703 2188
703 2382
703 2730
703 2731
703 2761
703 2969
703 3016
703 3337
703 3451
703 3468
703 3732
703 3750
703 3787
703 3789
703 3867
703 3944
703 4089
703 4141
703 4255
703 4306
703 4350
704 757
704 806
704 820
704 885
704 934
704 938
704 984
704 1007
704 1054
704 1087
704 1131
704 1137
704 1294
704 1325
704 1386
704 1466
704 1524
704 1594
704 1607
704 1763
704 1771
704 1857
704 1863
704 1868
704 1963
704 2089
704 2129
704 2235
704 2248
704 2273
704 2375
704 2611
704 2637
704 2736
704 2789
704 2802
704 2847
704 2854
704 2864
704 2913
704 2971
704 2972
704 3095
704 3103
704 3176
704 3244
704 3270
704 3326
704 3378
704 3402
704 3468
704 3497
704 3593
704 3596
704 3600
704 3603
704 3629
704 3633
704 3673
704 3677
704 3682
704 3745
704 3747
704 3826
704 3836
704 3910
704 3912
704 3953
704 4041
704 4135
704 4151
704 4166
704 4192
704 4214
704 4227
704 4430
704 4448
705 1025
705 1242
705 1436
705 1659
705 1675
705 2399
705 2575
705 2931
705 2973
705 3180
705 3793
705 4102
705 4123
705 4485
706 726
706 771
706 806
706 820
706 886
706 934
706 1131
706 1137
706 1520
706 1771
706 1863
706 1913
706 1963
706 1985
706 2030
706 2235
706 2400
706 2507
706 2637
706 2736
706 2768
706 2789
706 2802
706 2854
706 2866
706 2972
706 3176
706 3244
706 3326
706 3378
706 3468
706 3476
706 3595
706 3596
706 3673
706 3682
706 3805
706 3910
706 3953
706 3982
706 4041
706 4107
706 4204
706 4228
706 4241
706 4430
707 808
707 821
707 830
707 861
707 900
707 955
707 961
707 1016
707 1067
707 1092
707 1095
707 1100
707 1177
707 1190
707 1195
707 1229
707 1230
707 1239
707 1317
707 1409
707 1441
707 1472
707 1567
707 1577
707 1584
707 1667
707 1677
707 1725
707 1768
707 1798
707 1802
707 1882
707 1925
707 1927
707 1951
707 1983
707 1992
707 2003
707 2009
707 2044
707 2083
707 2112
707 2113
707 2206
707 2252
707 2289
707 2356
707 2381
707 2398
707 2499
707 2572
707 2658
707 2660
707 2677
707 2686
707 2755
707 2758
707 2794
707 2833
707 2838
707 2856
707 2858
707 2899
707 2910
707 3035
707 3038
707 3082
707 3106
707 3107
707 3112
707 3137
707 3138
707 3209
707 3246
707 3258
707 3260
707 3293
707 3335
707 3369
707 3386
707 3420
707 3425
707 3487
707 3490
707 3505
707 3564
707 3569
707 3590
707 3604
707 3611
707 3623
707 3685
707 3706
707 3708
707 3718
707 3892
707 3899
707 3911
707 3970
707 4005
707 4023
707 4037
707 4060
707 4080
707 4118
707 4129
707 4146
707 4154
707 4219
707 4234
707 4259
707 4294
707 4346
707 4398
707 4399
707 4410
707 4434
707 4440
707 4454
707 4461
707 4465
707 4472
707 4478
708 1663
708 1774
708 3044
708 4015
709 797
709 897
709 1284
709 1356
709 1462
709 1866
709 2153
709 2252
709 2404
709 2436
709 2439
709 2497
709 3024
709 3058
709 3091
709 3550
709 3825
709 3999
709 4005
709 4047
709 4232
709 4360
709 4406
709 4455
710 735
710 737
710 892
710 995
710 1279
710 1281
710 1349
710 1508
710 1700
710 1724
710 1911
710 2175
710 2188
710 2209
710 2626
710 2791
710 2941
710 2949
710 3016
710 3029
710 3048
710 3100
710 3186
710 3221
710 3468
710 3563
710 3628
710 3814
710 3868
710 4002
710 4089
710 4103
710 4105
710 4141
710 4144
710 4310
710 4315
710 4350
710 4351
710 4480
711 715
711 791
711 848
711 892
711 909
711 936
711 943
711 966
711 1247
711 1274
711 1290
711 1333
711 1349
711 1367
711 1379
711 1523
711 1547
711 1700
711 1790
711 1804
711 1834
711 1911
711 2012
711 2120
711 2253
711 2257
711 2315
711 2360
711 2383
711 2477
711 2597
711 2599
711 2624
711 2626
711 2641
711 2730
711 2826
711 3016
711 3055
711 3070
711 3100
711 3186
711 3231
711 3297
711 3303
711 3325
711 3409
711 3434
711 3468
711 3534
711 3612
711 3614
711 3622
711 3733
711 3867
711 3868
711 3873
711 3876
711 3891
711 3925
711 3935
711 3954
711 4002
711 4078
711 4141
711 4231
711 4315
711 4345
711 4350
711 4351
711 4361
711 4471
712 1803
712 3052
712 3091
712 3113
712 3119
712 3167
712 3483
712 3730
712 3894
712 3979
712 4084
713 762
713 852
713 1118
713 1172
713 1604
713 1680
713 1870
713 2393
713 2482
713 2563
713 2729
713 2898
713 2928
713 3099
713 3136
713 3177
713 3323
713 3421
713 4001
713 4015
713 4016
713 4165
713 4447
714 766
714 1134
714 1656
714 1940
714 1983
714 2020
714 2239
714 2503
714 3381
714 3641
714 3768
714 3845
714 4187
714 4366
715 774
715 913
715 983
715 989
715 1083
715 1247
715 1287
715 1290
715 1333
715 1379
715 1559
715 1599
715 1622
715 1701
715 1834
715 1980
715 2050
715 2089
715 2120
715 2188
715 2204
715 2257
715 2308
715 2332
715 2382
715 2419
715 2443
715 2467
715 2513
715 2514
715 2538
715 2544
715 2608
715 2626
715 2641
715 2730
715 2761
715 3016
715 3070
715 3100
715 3104
715 3231
715 3257
715 3277
715 3325
715 3341
715 3434
715 3451
715 3468
715 3609
715 3614
715 3622
715 3750
715 3787
715 3789
715 3820
715 3876
715 3916
715 3954
715 4002
715 4089
715 4255
715 4345
715 4361
716 1224
716 1827
716 2017
716 2036
716 2075
716 2173
716 2472
716 2551
716 2859
716 3031
716 3094
716 3374
716 3896
716 3902
716 4015
716 4082
716 4189
717 3380
718 1076
718 1361
718 1557
718 1752
718 3159
719 741
719 767
719 834
719 1014
719 1109
719 1142
719 1198
719 1364
719 1439
719 1442
719 1465
719 1587
719 1661
719 1667
719 1681
719 1689
719 1735
719 1983
719 1987
719 2020
719 2043
719 2148
719 2169
719 2283
719 2287
719 2309
719 2338
719 2361
719 2465
719 2488
719 2528
719 2677
719 2686
719 2759
719 2772
719 2894
719 2962
719 3012
719 3024
719 3174
719 3179
719 3209
719 3218
719 3240
719 3381
719 3401
719 3518
719 3597
719 3768
719 3800
719 3830
719 3833
719 3845
719 3858
719 3903
719 3933
719 3942
719 3946
719 3966
719 4009
719 4035
719 4106
719 4124
719 4221
719 4269
719 4283
719 4321
719 4323
719 4366
719 4376
719 4461
720 1090
720 1103
720 1146
720 1175
720 1227
720 1361
720 1474
720 1720
720 1734
720 1779
720 2067
720 2189
720 2237
720 2406
720 2615
720 2691
720 2798
720 3262
720 3543
720 3585
720 3895
720 3957
720 4217
720 4245
720 4382
721 794
721 854
721 857
721 949
721 1061
721 1075
721 1076
721 1128
721 1170
721 1181
721 1220
721 1228
721 1322
721 1330
721 1340
721 1361
721 1366
721 1370
721 1444
721 1557
721 1572
721 1597
721 1642
721 1741
721 1752
721 1861
721 1898
721 1929
721 1930
721 1983
721 2004
721 2005
721 2027
721 2107
721 2183
721 2267
721 2313
721 2329
721 2341
721 2359
721 2425
721 2447
721 2458
721 2470
721 2474
721 2704
721 2715
721 2729
721 2804
721 2820
721 2889
721 2915
721 2927
721 2939
721 2957
721 2989
721 3007
721 3113
721 3157
721 3185
721 3269
721 3279
721 3280
721 3288
721 3397
721 3459
721 3503
721 3610
721 3630
721 3645
721 3650
721 3663
721 3700
721 3712
721 3778
721 3853
721 3870
721 4039
721 4143
721 4158
721 4179
721 4246
721 4279
721 4388
721 4412
722 806
722 820
722 1194
722 1771
722 1863
722 1865
722 2030
722 2248
722 2396
722 2449
722 2506
722 2507
722 2736
722 2802
722 2866
722 3095
722 3244
722 3468
722 3531
722 3595
722 3596
722 3633
722 3826
722 3910
722 4135
723 796
723 846
723 1654
723 2055
723 2060
723 2870
723 2890
723 2958
723 3143
723 3149
723 3493
723 3545
723 3618
723 3930
723 4015
723 4357
723 4464
724 1335
724 1836
724 2152
724 2549
724 2946
724 3561
724 3704
724 3809
724 4015
725 797
725 928
725 1076
725 1526
725 1531
725 1541
725 1668
725 1958
725 2075
725 2280
725 2713
725 2859
725 3031
725 3094
725 3097
725 3254
725 3740
725 3796
725 3804
725 4015
725 4082
725 4085
725 4110
725 4133
725 4189
726 820
726 826
726 886
726 904
726 984
726 1131
726 1136
726 1194
726 1223
726 1325
726 1607
726 1857
726 1865
726 2013
726 2062
726 2449
726 2637
726 2682
726 2736
726 2752
726 2768
726 2864
726 2866
726 2913
726 3095
726 3176
726 3468
726 3476
726 3497
726 3531
726 3596
726 3673
726 3682
726 3745
726 3805
726 3910
726 3982
726 4041
726 4135
726 4166
726 4192
726 4204
726 4228
726 4241
726 4405
726 4430
726 4438
727 932
727 1096
727 1159
727 1258
727 1477
727 1556
727 1569
727 1641
727 1666
727 1726
727 1832
727 1898
727 2045
727 2080
727 2096
727 2110
727 2364
727 2427
727 2591
727 2817
727 2907
727 3113
727 3128
727 3206
727 3549
727 3566
727 3823
727 3844
727 4075
727 4158
727 4303
727 4355
727 4392
727 4418
728 1368
728 2840
728 2920
728 3543
729 736
729 765
729 781
729 847
729 923
729 931
729 1152
729 1260
729 1268
729 1292
729 1351
729 1406
729 1424
729 1454
729 1503
729 1522
729 1543
729 1582
729 1705
729 1732
729 1740
729 1814
729 1871
729 1877
729 2088
729 2115
729 2123
729 2178
729 2226
729 2249
729 2301
729 2442
729 2450
729 2480
729 2564
729 2598
729 2652
729 2784
729 2821
729 2855
729 2881
729 3033
729 3076
729 3113
729 3129
729 3151
729 3181
729 3187
729 3264
729 3392
729 3432
729 3515
729 3521
729 3528
729 3562
729 3586
729 3739
729 3782
729 3961
729 4020
729 4193
729 4313
729 4341
729 4370
729 4374
729 4479
729 4486
729 4488
730 735
730 1247
730 1669
730 1750
730 1845
730 2032
730 2058
730 2438
730 2687
730 2717
730 2882
730 3054
730 3332
730 3468
730 4141
730 4256
730 4300
730 4322
731 1161
731 1593
731 1602
731 1698
731 2411
731 2741
731 2749
731 3173
731 3542
732 3096
732 4285
733 854
733 1461
733 1570
733 2489
733 2543
733 2690
733 2695
733 3314
733 3651
734 1075
734 1361
734 1813
734 2171
734 2470
735 768
735 875
735 914
735 1083
735 1120
735 1202
735 1247
735 1281
735 1343
735 1347
735 1349
735 1383
735 1463
735 1639
735 1658
735 1690
735 1700
735 1711
735 1750
735 1799
735 1845
735 1914
735 1933
735 2209
735 2412
735 2424
735 2514
735 2548
735 2730
735 2868
735 2974
735 3048
735 3204
735 3230
735 3281
735 3312
735 3316
735 3368
735 3468
735 3658
735 3681
735 3759
735 3817
735 3843
735 3876
735 4024
735 4089
735 4235
735 4253
735 4264
735 4393
735 4436
735 4462
736 765
736 903
736 923
736 926
736 931
736 1011
736 1017
736 1060
736 1078
736 1091
736 1110
736 1129
736 1149
736 1152
736 1176
736 1178
736 1183
736 1184
736 1186
736 1192
736 1251
736 1260
736 1268
736 1292
736 1298
736 1299
736 1320
736 1326
736 1337
736 1351
736 1373
736 1402
736 1406
736 1424
736 1450
736 1503
736 1507
736 1522
736 1543
736 1550
736 1554
736 1582
736 1592
736 1651
736 1684
736 1702
736 1727
736 1747
736 1751
736 1758
736 1786
736 1808
736 1814
736 1815
736 1864
736 1869
736 1871
736 1954
736 1973
736 2047
736 2088
736 2098
736 2115
736 2123
736 2135
736 2178
736 2182
736 2238
736 2249
736 2285
736 2305
736 2366
736 2368
736 2385
736 2392
736 2414
736 2415
736 2420
736 2422
736 2442
736 2450
736 2496
736 2564
736 2594
736 2598
736 2619
736 2622
736 2652
736 2659
736 2666
736 2698
736 2699
736 2726
736 2732
736 2733
736 2740
736 2780
736 2801
736 2821
736 2838
736 2901
736 2904
736 2948
736 2950
736 2975
736 3033
736 3061
736 3076
736 3084
736 3111
736 3113
736 3129
736 3132
736 3151
736 3181
736 3264
736 3299
736 3392
736 3417
736 3430
736 3432
736 3452
736 3478
736 3515
736 3520
736 3521
736 3528
736 3615
736 3710
736 3715
736 3737
736 3767
736 3782
736 3784
736 3812
736 3815
736 3819
736 3878
736 3890
736 3897
736 3961
736 3987
736 4008
736 4021
736 4042
736 4043
736 4052
736 4138
736 4146
736 4147
736 4174
736 4185
736 4188
736 4193
736 4236
736 4262
736 4270
736 4290
736 4298
736 4312
736 4313
736 4352
736 4370
736 4389
736 4479
736 4486
736 4488
737 1199
737 1523
737 1724
737 2058
737 2353
737 2826
737 2949
737 3029
737 3032
737 3048
737 3075
737 3153
737 3221
737 3281
737 3468
737 3614
737 3628
737 3694
737 3814
737 3891
737 3965
737 4045
737 4103
737 4144
738 2866
738 3468
738 3667
739 880
739 882
739 1141
739 1168
739 1280
739 1604
739 1605
739 1755
739 1975
739 2275
739 2621
739 3266
739 3377
739 4015
739 4044
739 4059
739 4149
739 4177
740 794
740 1091
740 1234
740 1351
740 1385
740 1424
740 1650
740 1747
740 1786
740 1973
740 1983
740 2032
740 2046
740 2404
740 2430
740 2442
740 2535
740 2564
740 2600
740 2631
740 3023
740 3113
740 3187
740 3406
740 3565
740 3654
740 3685
740 3750
740 3758
740 3878
740 4015
740 4042
740 4139
740 4145
740 4147
740 4185
740 4196
740 4326
740 4330
740 4370
740 4383
740 4461
741 767
741 1127
741 1133
741 1134
741 1266
741 1608
741 1637
741 1661
741 1940
741 1983
741 2169
741 2283
741 2493
741 2876
741 3219
741 3381
741 3449
741 3641
741 3768
741 4099
741 4366
742 781
742 905
742 923
742 952
742 1064
742 1078
742 1110
742 1129
742 1152
742 1186
742 1233
742 1351
742 1362
742 1406
742 1450
742 1485
742 1543
742 1814
742 1815
742 1864
742 2098
742 2115
742 2135
742 2227
742 2535
742 2622
742 2652
742 2805
742 3084
742 3111
742 3113
742 3185
742 3299
742 3464
742 3615
742 3715
742 3819
742 3857
742 4193
742 4270
742 4374
743 779
743 784
743 786
743 855
743 858
743 873
743 890
743 939
743 970
743 1005
743 1154
743 1179
743 1206
743 1234
743 1273
743 1282
743 1327
743 1357
743 1368
743 1376
743 1385
743 1409
743 1425
743 1446
743 1447
743 1452
743 1470
743 1475
743 1535
743 1575
743 1579
743 1628
743 1638
743 1655
743 1664
743 1712
743 1737
743 1748
743 1764
743 1766
743 1797
743 1801
743 1816
743 1866
743 1884
743 1948
743 1977
743 1979
743 1983
743 2028
743 2037
743 2071
743 2114
743 2130
743 2149
743 2155
743 2166
743 2199
743 2255
743 2270
743 2357
743 2404
743 2430
743 2555
743 2583
743 2589
743 2628
743 2648
743 2656
743 2751
743 2771
743 2781
743 2838
743 2849
743 2850
743 2863
743 2920
743 2950
743 2954
743 2991
743 3010
743 3017
743 3020
743 3024
743 3034
743 3058
743 3067
743 3081
743 3082
743 3131
743 3178
743 3189
743 3194
743 3195
743 3213
743 3237
743 3252
743 3327
743 3331
743 3404
743 3406
743 3413
743 3447
743 3501
743 3519
743 3541
743 3583
743 3589
743 3654
743 3666
743 3678
743 3697
743 3742
743 3762
743 3777
743 3837
743 3848
743 3875
743 3889
743 3908
743 3983
743 4076
743 4095
743 4134
743 4240
743 4242
743 4250
743 4272
743 4307
743 4309
743 4326
743 4330
743 4331
743 4347
743 4360
743 4377
743 4425
743 4431
743 4432
743 4470
744 755
744 879
744 1010
744 1315
744 1334
744 1413
744 1421
744 1461
744 1513
744 1744
744 1837
744 1894
744 1952
744 2159
744 2197
744 2266
744 2328
744 2348
744 2426
744 2543
744 2750
744 3021
744 3276
744 3494
744 3530
744 3639
744 3661
744 3680
744 3861
744 3887
744 3938
744 4019
744 4091
744 4093
744 4156
745 2161
745 2761
745 3468
745 3738
745 4416
746 969
746 1533
746 2216
746 2757
746 4369
747 768
747 973
747 993
747 1347
747 1879
747 1939
747 2032
747 2054
747 2308
747 2315
747 2974
747 3303
747 3403
747 3457
747 3468
747 4467
748 759
748 836
748 888
748 996
748 1431
748 1437
748 1650
748 2078
748 2146
748 2160
748 2256
748 2318
748 2562
748 2796
748 2998
748 3113
748 3229
748 3363
748 3390
748 3527
748 3729
748 4206
749 887
749 998
749 1033
749 1067
749 1151
749 1284
749 1506
749 1649
749 1695
749 1820
749 1951
749 1953
749 1983
749 2153
749 2388
749 2440
749 2494
749 2577
749 2753
749 3077
749 3335
749 3460
749 3550
749 3575
749 3774
749 4005
749 4054
749 4072
749 4129
749 4170
749 4281
749 4455
749 4472
750 863
750 884
750 953
750 1167
750 1853
750 2960
750 3096
750 3342
750 3555
750 4285
750 4445
751 1378
751 1565
751 2215
751 2515
751 2585
751 4282
752 927
752 1088
752 1124
752 1532
752 1566
752 2063
752 2092
752 2260
752 2284
752 2303
752 2370
752 2517
752 2521
752 2603
752 2669
752 2788
752 2804
752 2811
752 2916
752 3113
752 3291
752 3648
752 3668
752 3816
752 3819
752 3822
752 3882
752 4011
752 4055
752 4114
752 4343
752 4402
752 4404
753 2555
753 2673
753 3603
754 772
754 844
754 1058
754 1462
754 1725
754 1983
754 2009
754 2206
754 2287
754 2686
754 3082
754 3246
754 3408
754 3685
754 3706
754 4080
754 4118
754 4398
755 842
755 879
755 889
755 1010
755 1073
755 1108
755 1188
755 1315
755 1421
755 1744
755 1837
755 2197
755 2250
755 2266
755 2312
755 2527
755 2543
755 2835
755 3021
755 3268
755 3494
755 3530
755 3587
755 3639
755 3661
755 3861
755 3938
755 4013
755 4091
755 4093
755 4156
756 874
756 1105
756 1298
756 1522
756 1864
756 2115
756 2176
756 2496
756 2683
756 2977
756 3113
756 3185
756 3187
756 3349
756 3417
756 3520
756 3728
756 3993
756 4040
756 4270
757 885
757 922
757 938
757 1085
757 1087
757 1131
757 1136
757 1137
757 1193
757 1332
757 1386
757 1466
757 1594
757 1771
757 1857
757 1863
757 1868
757 1963
757 2198
757 2248
757 2632
757 2637
757 2682
757 2802
757 2913
757 3015
757 3402
757 3468
757 3537
757 3603
757 3629
757 3633
757 3747
757 3826
757 3836
757 3906
757 4214
757 4222
757 4241
757 4266
757 4405
757 4438
758 2785
758 3461
758 4015
759 835
759 996
759 1431
759 1437
759 1600
759 1972
759 2146
759 2160
759 2256
759 2318
759 2407
759 2562
759 2796
759 2998
759 3025
759 3113
759 3229
759 3363
759 3390
759 3527
759 3536
759 3686
759 3729
759 4206
759 4226
759 4477
760 928
760 1079
760 1319
760 1324
760 1824
760 1944
760 1958
760 2094
760 2966
760 3571
760 4015
761 1495
761 3113
761 3445
762 1118
762 1172
762 1680
762 1976
762 2393
762 2482
762 2883
762 2900
762 2928
762 3136
762 3421
762 4001
762 4015
762 4016
762 4165
762 4168
762 4301
762 4447
763 2930
763 4015
764 857
764 1051
764 1228
764 1235
764 1366
764 1557
764 1571
764 2183
764 2917
764 3014
764 3334
764 3359
764 3630
764 3853
764 4077
764 4137
764 4195
764 4246
764 4456
765 781
765 931
765 1011
765 1017
765 1110
765 1186
765 1260
765 1268
765 1292
765 1320
765 1326
765 1337
765 1351
765 1406
765 1424
765 1445
765 1450
765 1454
765 1457
765 1503
765 1543
765 1582
765 1682
765 1684
765 1730
765 1732
765 1740
765 1747
765 1751
765 1814
765 1815
765 1844
765 1869
765 1871
765 1877
765 2069
765 2115
765 2123
765 2135
765 2178
765 2182
765 2226
765 2238
765 2249
765 2285
765 2420
765 2422
765 2442
765 2450
765 2476
765 2480
765 2491
765 2659
765 2699
765 2732
765 2855
765 2948
765 3033
765 3076
765 3113
765 3129
765 3132
765 3151
765 3187
765 3220
765 3264
765 3299
765 3327
765 3356
765 3369
765 3392
765 3417
765 3464
765 3478
765 3506
765 3515
765 3521
765 3528
765 3586
765 3627
765 3710
765 3715
765 3736
765 3739
765 3782
765 3819
765 3860
765 3878
765 3893
765 3897
765 3961
765 4008
765 4020
765 4052
765 4113
765 4142
765 4147
765 4153
765 4188
765 4193
765 4270
765 4298
765 4313
765 4341
765 4370
765 4383
765 4389
765 4479
765 4488
766 793
766 955
766 1029
766 1937
766 2303
766 2599
766 2763
766 2978
766 3080
766 3305
766 3477
766 3824
766 3881
766 3915
766 3925
766 4030
766 4336
766 4368
766 4482
767 782
767 788
767 1109
767 1127
767 1133
767 1134
767 1266
767 1439
767 1608
767 1637
767 1661
767 1681
767 1983
767 2020
767 2043
767 2169
767 2347
767 2680
767 2894
767 3179
767 3240
767 3381
767 3768
767 3830
767 4027
767 4035
767 4099
767 4187
767 4221
768 824
768 849
768 951
768 973
768 993
768 1201
768 1259
768 1488
768 1521
768 1523
768 1669
768 1707
768 1750
768 1845
768 1879
768 1889
768 1939
768 1980
768 2006
768 2032
768 2054
768 2058
768 2087
768 2126
768 2175
768 2308
768 2315
768 2332
768 2349
768 2424
768 2514
768 2618
768 2687
768 2730
768 2974
768 3016
768 3110
768 3230
768 3303
768 3372
768 3403
768 3426
768 3468
768 3759
768 3773
768 3936
768 4225
768 4239
768 4256
768 4273
768 4277
768 4322
768 4467
769 1005
769 1184
769 1685
769 1764
769 2391
769 2433
769 2919
769 3082
769 3113
769 3131
769 3171
769 3385
769 3685
769 3742
769 3767
769 3837
769 4242
769 4250
769 4272
769 4377
770 846
770 1519
770 2021
770 2100
770 2133
770 2890
770 2965
770 3419
770 4015
770 4349
770 4368
771 820
771 886
771 934
771 1137
771 1520
771 1771
771 1863
771 1913
771 1963
771 1985
771 2030
771 2507
771 2768
771 2802
771 2854
771 2971
771 2972
771 3244
771 3326
771 3468
771 3595
771 3596
771 3689
771 3747
771 3826
771 3953
771 4448
772 779
772 844
772 855
772 890
772 916
772 995
772 1005
772 1060
772 1148
772 1198
772 1234
772 1249
772 1273
772 1357
772 1359
772 1376
772 1385
772 1409
772 1447
772 1452
772 1475
772 1511
772 1535
772 1575
772 1628
772 1664
772 1686
772 1712
772 1766
772 1791
772 1866
772 1948
772 1983
772 1993
772 2028
772 2037
772 2071
772 2114
772 2155
772 2166
772 2294
772 2357
772 2372
772 2404
772 2453
772 2555
772 2583
772 2589
772 2592
772 2614
772 2648
772 2649
772 2660
772 2701
772 2781
772 2838
772 2863
772 2869
772 2975
772 3020
772 3024
772 3058
772 3081
772 3108
772 3131
772 3183
772 3189
772 3194
772 3237
772 3252
772 3261
772 3290
772 3404
772 3501
772 3541
772 3638
772 3654
772 3678
772 3723
772 3742
772 3762
772 3776
772 3837
772 3863
772 3875
772 3889
772 3950
772 4076
772 4124
772 4134
772 4272
772 4307
772 4316
772 4326
772 4330
772 4347
772 4360
772 4377
772 4425
773 864
773 1022
773 1037
773 1221
773 1263
773 1309
773 1377
773 1395
773 1650
773 1784
773 1831
773 1860
773 1907
773 1926
773 2025
773 2230
773 2281
773 2316
773 2550
773 2669
773 2804
773 2997
773 3113
773 3471
773 3496
773 3767
773 4100
773 4209
773 4327
773 4342
773 4381
773 4451
773 4457
773 4459
774 913
774 1287
774 2513
774 2538
774 3104
774 3468
774 3748
775 813
775 972
775 992
775 1203
775 1220
775 1245
775 1311
775 1349
775 1382
775 1423
775 1486
775 1551
775 1756
775 1796
775 1920
775 1997
775 2209
775 2243
775 2456
775 2466
775 2912
775 2949
775 3203
775 3212
775 3296
775 3398
775 3721
775 3931
775 4083
775 4105
776 1746
776 2070
776 2651
776 2921
776 2988
776 3422
776 3474
776 4466
777 3016
777 3048
777 3468
777 3492
778 821
778 900
778 955
778 961
778 1095
778 1100
778 1179
778 1229
778 1230
778 1239
778 1316
778 1317
778 1382
778 1584
778 1811
778 1882
778 1883
778 1925
778 1983
778 1999
778 2003
778 2029
778 2083
778 2206
778 2287
778 2309
778 2398
778 2499
778 2658
778 2686
778 2755
778 2776
778 2787
778 2794
778 2833
778 2856
778 2858
778 2924
778 3038
778 3258
778 3293
778 3365
778 3386
778 3408
778 3487
778 3569
778 3590
778 3604
778 3611
778 3623
778 3685
778 3695
778 3708
778 3718
778 4023
778 4037
778 4060
778 4145
778 4219
778 4259
778 4294
778 4325
778 4398
778 4465
778 4478
779 786
779 855
779 858
779 873
779 890
779 939
779 970
779 1005
779 1058
779 1153
779 1179
779 1198
779 1206
779 1234
779 1243
779 1249
779 1273
779 1328
779 1357
779 1359
779 1368
779 1376
779 1385
779 1399
779 1425
779 1446
779 1447
779 1452
779 1475
779 1496
779 1511
779 1535
779 1575
779 1579
779 1628
779 1638
779 1648
779 1655
779 1664
779 1686
779 1712
779 1737
779 1748
779 1764
779 1766
779 1791
779 1797
779 1801
779 1825
779 1826
779 1866
779 1884
779 1948
779 1956
779 1977
779 1979
779 1983
779 2028
779 2037
779 2071
779 2114
779 2130
779 2149
779 2155
779 2166
779 2199
779 2200
779 2241
779 2270
779 2404
779 2430
779 2501
779 2555
779 2557
779 2583
779 2589
779 2592
779 2614
779 2628
779 2631
779 2648
779 2649
779 2656
779 2751
779 2771
779 2781
779 2830
779 2849
779 2850
779 2863
779 2867
779 2920
779 2954
779 2991
779 3009
779 3010
779 3011
779 3017
779 3020
779 3023
779 3024
779 3034
779 3058
779 3064
779 3081
779 3082
779 3123
779 3124
779 3131
779 3178
779 3189
779 3194
779 3195
779 3213
779 3225
779 3237
779 3252
779 3265
779 3290
779 3331
779 3404
779 3405
779 3406
779 3413
779 3420
779 3501
779 3519
779 3541
779 3565
779 3589
779 3638
779 3654
779 3666
779 3678
779 3697
779 3742
779 3758
779 3762
779 3776
779 3837
779 3848
779 3875
779 3889
779 3908
779 3950
779 3983
779 4067
779 4076
779 4095
779 4115
779 4134
779 4139
779 4181
779 4224
779 4240
779 4242
779 4250
779 4272
779 4296
779 4307
779 4309
779 4316
779 4326
779 4330
779 4347
779 4360
779 4377
779 4422
779 4425
779 4431
779 4432
779 4450
779 4470
779 4482
780 1199
780 1347
780 1379
780 1690
780 2209
780 2418
780 2538
780 3160
780 3409
780 3468
780 3510
780 3733
780 3925
780 4220
780 4231
781 784
781 847
781 903
781 923
781 931
781 952
781 965
781 971
781 1011
781 1012
781 1017
781 1091
781 1105
781 1143
781 1149
781 1152
781 1176
781 1178
781 1183
781 1192
781 1260
781 1268
781 1298
781 1299
781 1320
781 1326
781 1337
781 1351
781 1373
781 1406
781 1424
781 1450
781 1454
781 1480
781 1507
781 1543
781 1550
781 1647
781 1651
781 1682
781 1684
781 1740
781 1747
781 1751
781 1758
781 1786
781 1808
781 1844
781 1864
781 1869
781 1871
781 1877
781 1954
781 2069
781 2088
781 2095
781 2098
781 2115
781 2123
781 2178
781 2238
781 2249
781 2285
781 2305
781 2414
781 2415
781 2420
781 2442
781 2450
781 2457
781 2480
781 2524
781 2535
781 2565
781 2594
781 2598
781 2619
781 2622
781 2659
781 2666
781 2678
781 2698
781 2699
781 2726
781 2732
781 2740
781 2780
781 2784
781 2801
781 2821
781 2855
781 2869
781 2948
781 2975
781 2992
781 3009
781 3033
781 3051
781 3061
781 3076
781 3084
781 3113
781 3129
781 3151
781 3181
781 3183
781 3187
781 3264
781 3273
781 3311
781 3349
781 3356
781 3392
781 3417
781 3430
781 3432
781 3478
781 3515
781 3520
781 3528
781 3562
781 3586
781 3615
781 3647
781 3715
781 3728
781 3737
781 3739
781 3782
781 3784
781 3812
781 3815
781 3819
781 3859
781 3863
781 3878
781 3897
781 3961
781 3975
781 3991
781 4008
781 4042
781 4043
781 4056
781 4113
781 4138
781 4153
781 4174
781 4185
781 4188
781 4193
781 4194
781 4236
781 4270
781 4292
781 4298
781 4312
781 4313
781 4319
781 4331
781 4352
781 4370
781 4383
781 4389
781 4441
781 4469
781 4479
781 4486
781 4488
782 1608
782 1656
782 1983
782 2020
782 2169
782 2529
782 2530
782 2686
782 3130
782 3179
782 3240
782 3381
782 3674
782 3830
782 3943
782 3966
782 4099
782 4187
782 4283
783 911
783 2543
783 2655
783 2778
783 3346
783 3461
783 3530
783 3567
784 931
784 1137
784 1152
784 1179
784 1195
784 1229
784 1230
784 1239
784 1273
784 1286
784 1299
784 1328
784 1351
784 1379
784 1511
784 1737
784 1748
784 1791
784 1808
784 1979
784 2025
784 2114
784 2123
784 2130
784 2149
784 2208
784 2404
784 2649
784 2771
784 2794
784 2822
784 2850
784 3033
784 3038
784 3058
784 3111
784 3113
784 3131
784 3181
784 3213
784 3265
784 3331
784 3404
784 3468
784 3501
784 3520
784 3528
784 3564
784 3633
784 3706
784 3710
784 3715
784 3950
784 4015
784 4037
784 4138
784 4298
784 4307
784 4313
784 4346
784 4347
784 4454
785 866
785 1356
785 1429
785 1503
785 1641
785 1726
785 1840
785 1859
785 1957
785 2765
785 3113
785 3151
785 3198
785 3549
785 3558
785 3566
785 3659
785 3665
785 3708
785 3794
785 3814
785 3885
785 4132
785 4392
786 819
786 855
786 858
786 873
786 890
786 1005
786 1012
786 1058
786 1153
786 1179
786 1206
786 1234
786 1249
786 1273
786 1327
786 1328
786 1357
786 1359
786 1368
786 1376
786 1385
786 1399
786 1414
786 1425
786 1446
786 1447
786 1452
786 1470
786 1475
786 1511
786 1535
786 1575
786 1579
786 1628
786 1638
786 1655
786 1664
786 1679
786 1712
786 1737
786 1764
786 1766
786 1791
786 1797
786 1801
786 1802
786 1866
786 1948
786 1956
786 1977
786 1979
786 1983
786 2028
786 2037
786 2114
786 2130
786 2149
786 2155
786 2166
786 2199
786 2255
786 2270
786 2334
786 2357
786 2404
786 2430
786 2433
786 2501
786 2537
786 2555
786 2583
786 2589
786 2614
786 2628
786 2631
786 2648
786 2649
786 2656
786 2734
786 2751
786 2771
786 2781
786 2830
786 2838
786 2850
786 2863
786 2867
786 2954
786 3010
786 3011
786 3017
786 3023
786 3024
786 3034
786 3058
786 3064
786 3082
786 3123
786 3131
786 3170
786 3178
786 3189
786 3194
786 3213
786 3225
786 3237
786 3252
786 3265
786 3275
786 3290
786 3321
786 3327
786 3331
786 3356
786 3369
786 3404
786 3405
786 3406
786 3446
786 3501
786 3519
786 3541
786 3565
786 3638
786 3654
786 3666
786 3678
786 3697
786 3723
786 3736
786 3742
786 3762
786 3837
786 3889
786 3908
786 3950
786 3983
786 4076
786 4095
786 4139
786 4240
786 4242
786 4250
786 4272
786 4307
786 4309
786 4316
786 4326
786 4331
786 4347
786 4360
786 4377
786 4425
786 4431
786 4432
786 4482
787 825
787 1034
787 1044
787 1173
787 1231
787 1236
787 1487
787 1565
787 1588
787 1918
787 2059
787 2320
787 2339
787 2437
787 2515
787 2585
787 2942
787 3158
787 3193
787 4252
788 1133
788 1266
788 1850
788 1983
788 2282
788 2333
788 2481
788 3077
788 3933
788 4027
789 861
789 955
789 961
789 962
789 982
789 1016
789 1053
789 1067
789 1095
789 1100
789 1179
789 1229
789 1230
789 1408
789 1443
789 1514
789 1677
789 1916
789 1922
789 1950
789 1983
789 2029
789 2046
789 2113
789 2206
789 2287
789 2309
789 2356
789 2600
789 2658
789 2672
789 2686
789 2755
789 2758
789 2776
789 2787
789 2794
789 2833
789 2837
789 2858
789 2899
789 2910
789 2924
789 3112
789 3138
789 3162
789 3258
789 3293
789 3365
789 3505
789 3604
789 3611
789 3685
789 3708
789 3718
789 3724
789 3800
789 4023
789 4058
789 4060
789 4080
789 4145
789 4154
789 4287
789 4294
789 4346
789 4398
789 4410
789 4454
789 4478
790 906
790 927
790 1295
790 1596
790 1817
790 2314
790 3113
790 3468
790 3803
790 3841
790 3913
790 3968
790 4127
790 4291
790 4362
791 892
791 909
791 943
791 966
791 1290
791 1367
791 1521
791 1547
791 1911
791 2012
791 2120
791 2204
791 2224
791 2253
791 2343
791 2360
791 2383
791 2477
791 2597
791 2624
791 3055
791 3100
791 3186
791 3468
791 3733
791 3867
791 3868
791 3876
791 3935
791 4315
791 4351
792 1453
792 2001
792 2106
792 2382
792 2514
792 3274
792 3339
792 3429
792 3468
792 3780
793 1135
793 1265
793 1281
793 1463
793 2058
793 2139
793 2246
793 2349
793 3062
793 3468
793 3510
793 4359
794 838
794 843
794 869
794 921
794 927
794 1055
794 1056
794 1061
794 1081
794 1084
794 1088
794 1094
794 1150
794 1163
794 1170
794 1181
794 1228
794 1235
794 1261
794 1340
794 1361
794 1366
794 1444
794 1456
794 1501
794 1509
794 1532
794 1557
794 1614
794 1634
794 1648
794 1721
794 1752
794 1829
794 1833
794 1842
794 1924
794 1929
794 2027
794 2063
794 2177
794 2183
794 2208
794 2222
794 2255
794 2284
794 2294
794 2302
794 2341
794 2368
794 2370
794 2384
794 2385
794 2458
794 2470
794 2474
794 2491
794 2518
794 2557
794 2620
794 2675
794 2693
794 2694
794 2718
794 2788
794 2804
794 2820
794 2823
794 2901
794 2925
794 2939
794 2957
794 2990
794 2994
794 3007
794 3008
794 3014
794 3043
794 3049
794 3108
794 3113
794 3120
794 3150
794 3157
794 3164
794 3210
794 3214
794 3241
794 3280
794 3288
794 3352
794 3420
794 3457
794 3502
794 3540
794 3560
794 3561
794 3570
794 3625
794 3630
794 3816
794 3852
794 3853
794 3877
794 3934
794 3949
794 3993
794 4011
794 4039
794 4055
794 4057
794 4077
794 4114
794 4195
794 4246
794 4279
794 4317
794 4343
794 4378
794 4402
794 4412
794 4435
794 4463
795 1306
795 1757
795 1794
795 3468
795 4014
795 4097
796 846
796 1215
796 1250
796 1358
796 1573
796 1906
796 1917
796 2021
796 2100
796 2133
796 2220
796 2723
796 2818
796 2890
796 2965
796 3006
796 3419
796 3618
796 3731
796 3909
796 4015
796 4087
796 4182
796 4349
796 4373
797 894
797 901
797 928
797 1224
797 1371
797 1526
797 1531
797 1581
797 1629
797 1668
797 1673
797 1683
797 1827
797 1828
797 1851
797 1890
797 1943
797 1958
797 2075
797 2094
797 2173
797 2193
797 2317
797 2395
797 2472
797 2523
797 2551
797 2739
797 2795
797 2859
797 2956
797 3094
797 3097
797 3254
797 3716
797 3721
797 3741
797 3743
797 3796
797 3804
797 3896
797 4015
797 4018
797 4082
797 4085
797 4189
797 4304
797 4305
797 4337
797 4395
798 802
798 1487
798 1598
798 2215
798 3000
798 3832
799 1355
799 1722
799 2074
799 2403
799 2657
799 3251
799 3384
799 3468
800 1113
800 1552
800 1636
800 1760
800 1918
800 2278
800 2819
800 3832
801 817
801 912
801 1068
801 1272
801 1336
801 1765
801 1991
801 2019
801 2053
801 2210
801 2225
801 2313
801 2609
801 2663
801 2764
801 2827
801 2848
801 2879
801 3001
801 3041
801 3052
801 3091
801 3113
801 3450
801 3483
801 3495
801 3523
801 3526
801 3870
801 3872
801 3894
801 3928
801 3967
801 3988
801 4062
801 4084
801 4111
801 4275
801 4484
802 862
802 1034
802 1119
802 1207
802 1231
802 1236
802 1565
802 1588
802 1598
802 1618
802 2024
802 2131
802 2215
802 2323
802 2437
802 2500
802 2515
802 2729
802 2731
802 3000
802 3105
802 3158
802 3308
802 3412
802 3627
802 3649
803 1073
803 1188
803 1270
803 1482
803 1505
803 1595
803 1744
803 1952
803 2250
803 2266
803 2312
803 2543
803 2647
803 2690
803 3021
803 3416
803 3494
803 3509
803 3938
803 4091
804 916
804 990
804 1038
804 1052
804 1106
804 1126
804 1188
804 1198
804 1210
804 1270
804 1446
804 1482
804 1550
804 1563
804 1595
804 1603
804 1694
804 1791
804 1884
804 1964
804 1967
804 2090
804 2127
804 2191
804 2197
804 2250
804 2266
804 2312
804 2409
804 2419
804 2463
804 2486
804 2527
804 2564
804 2578
804 2835
804 3130
804 3184
804 3308
804 3494
804 3580
804 3587
804 3604
804 3606
804 3661
804 3992
804 4007
804 4156
804 4173
804 4229
804 4413
805 969
806 820
806 826
806 886
806 934
806 1007
806 1131
806 1136
806 1194
806 1223
806 1277
806 1325
806 1449
806 1524
806 1594
806 1607
806 1863
806 1865
806 1913
806 1934
806 2013
806 2030
806 2089
806 2134
806 2198
806 2248
806 2273
806 2291
806 2375
806 2449
806 2506
806 2637
806 2674
806 2682
806 2708
806 2736
806 2752
806 2802
806 2854
806 2864
806 2866
806 2913
806 2981
806 3028
806 3095
806 3103
806 3176
806 3244
806 3402
806 3468
806 3476
806 3497
806 3531
806 3595
806 3596
806 3629
806 3633
806 3667
806 3677
806 3682
806 3745
806 3805
806 3826
806 3910
806 4041
806 4120
806 4135
806 4166
806 4214
806 4228
806 4241
806 4266
806 4295
806 4310
806 4405
806 4421
806 4438
807 1231
807 2985
807 4427
808 821
808 900
808 955
808 962
808 968
808 1004
808 1058
808 1067
808 1092
808 1095
808 1125
808 1239
808 1271
808 1286
808 1317
808 1382
808 1403
808 1408
808 1420
808 1423
808 1442
808 1472
808 1624
808 1671
808 1731
808 1882
808 1925
808 1947
808 1983
808 2003
808 2044
808 2068
808 2287
808 2288
808 2290
808 2309
808 2431
808 2459
808 2473
808 2600
808 2686
808 2702
808 2721
808 2755
808 2758
808 2787
808 2856
808 2858
808 2899
808 3038
808 3082
808 3106
808 3112
808 3138
808 3209
808 3225
808 3253
808 3293
808 3328
808 3365
808 3425
808 3487
808 3569
808 3611
808 3623
808 3685
808 3706
808 3724
808 3899
808 3976
808 4037
808 4058
808 4060
808 4095
808 4145
808 4154
808 4219
808 4234
808 4287
808 4398
808 4406
808 4440
808 4454
808 4461
808 4465
808 4478
809 999
809 3242
809 4458
810 2024
810 2651
810 2844
810 2908
810 2988
810 3000
810 3069
810 3412
811 1557
811 1822
811 2605
811 2790
812 1001
812 1231
812 1323
812 1448
812 2707
812 2710
812 4025
813 972
813 1083
813 1245
813 1311
813 1920
813 2126
813 2912
813 2949
813 3212
813 3312
813 3468
813 3789
813 3943
814 1617
814 2072
814 2756
814 3725
814 4015
815 900
815 1091
815 1251
815 1351
815 1368
815 1399
815 1424
815 1592
815 1752
815 1758
815 1766
815 1866
815 1916
815 1948
815 2178
815 2298
815 2356
815 2430
815 2822
815 2924
815 3189
815 3252
815 3468
815 3521
815 3564
815 3565
815 3638
815 3678
815 3685
815 3837
815 3875
815 3961
815 4008
815 4015
815 4185
815 4240
815 4272
815 4398
815 4459
815 4486
816 1545
816 2417
816 2532
816 3069
816 3113
816 3389
817 912
817 1068
817 1336
817 1578
817 1650
817 1728
817 1829
817 2019
817 2225
817 2313
817 2367
817 2623
817 2644
817 2879
817 3091
817 3113
817 3370
817 3483
817 3523
817 3526
817 3870
817 3894
817 3967
817 4062
817 4064
817 4073
817 4084
817 4111
817 4339
817 4460
817 4484
818 841
818 877
818 941
818 1042
818 1104
818 1263
818 1309
818 1393
818 1498
818 1536
818 1539
818 1627
818 1665
818 1717
818 1745
818 1778
818 1784
818 1831
818 1872
818 1874
818 2025
818 2101
818 2109
818 2121
818 2351
818 2436
818 2484
818 2533
818 2684
818 2997
818 3113
818 3235
818 3285
818 3307
818 3535
818 3598
818 3749
818 3849
818 3874
818 4094
818 4128
818 4451
818 4459
819 855
819 939
819 995
819 1179
819 1206
819 1234
819 1249
819 1327
819 1359
819 1399
819 1414
819 1446
819 1447
819 1452
819 1511
819 1628
819 1764
819 1766
819 1791
819 1884
819 1956
819 1979
819 1983
819 2334
819 2404
819 2614
819 2656
819 2771
819 2781
819 2830
819 2954
819 3010
819 3011
819 3024
819 3082
819 3189
819 3194
819 3237
819 3275
819 3290
819 3331
819 3413
819 3501
819 3541
819 3589
819 3638
819 3697
819 3742
819 3762
819 4076
819 4139
819 4309
819 4330
819 4377
819 4431
820 826
820 885
820 886
820 934
820 984
820 1054
820 1131
820 1136
820 1137
820 1223
820 1294
820 1325
820 1466
820 1594
820 1771
820 1857
820 1863
820 1865
820 1868
820 1963
820 1985
820 2030
820 2129
820 2134
820 2394
820 2396
820 2449
820 2506
820 2507
820 2637
820 2674
820 2736
820 2752
820 2768
820 2789
820 2802
820 2854
820 2864
820 2866
820 2971
820 2972
820 3015
820 3095
820 3103
820 3176
820 3244
820 3270
820 3326
820 3402
820 3468
820 3476
820 3497
820 3531
820 3596
820 3633
820 3667
820 3673
820 3677
820 3682
820 3745
820 3826
820 3910
820 3953
820 4041
820 4120
820 4135
820 4151
820 4166
820 4214
820 4266
820 4405
820 4438
820 4448
821 830
821 955
821 961
821 971
821 1058
821 1095
821 1179
821 1190
821 1195
821 1229
821 1230
821 1239
821 1286
821 1307
821 1317
821 1382
821 1403
821 1408
821 1409
821 1420
821 1423
821 1441
821 1472
821 1577
821 1677
821 1853
821 1882
821 1895
821 1916
821 1925
821 1983
821 1993
821 1999
821 2003
821 2009
821 2083
821 2113
821 2206
821 2232
821 2287
821 2290
821 2356
821 2398
821 2473
821 2600
821 2672
821 2686
821 2755
821 2758
821 2776
821 2787
821 2794
821 2809
821 2856
821 2858
821 2899
821 2910
821 3038
821 3082
821 3099
821 3106
821 3107
821 3138
821 3175
821 3258
821 3260
821 3293
821 3354
821 3356
821 3365
821 3386
821 3487
821 3564
821 3569
821 3590
821 3604
821 3611
821 3623
821 3643
821 3685
821 3706
821 3724
821 3899
821 3970
821 3976
821 4023
821 4037
821 4057
821 4060
821 4080
821 4095
821 4145
821 4146
821 4154
821 4219
821 4234
821 4258
821 4294
821 4326
821 4398
821 4406
821 4410
821 4454
821 4461
821 4465
821 4478
822 1389
822 1529
822 1757
822 3228
822 3468
822 3806
822 4038
822 4371
823 852
823 880
823 1030
823 1118
823 1604
823 1755
823 1838
823 1870
823 2231
823 2275
823 2410
823 2693
823 2709
823 3018
823 3266
823 3278
823 3448
823 3705
823 4015
823 4049
823 4165
824 1259
824 1669
824 1939
824 2058
824 2308
824 3303
824 3468
825 1077
825 1563
825 1996
825 2037
825 2306
825 2720
825 2741
825 4106
826 886
826 904
826 934
826 947
826 1087
826 1131
826 1223
826 1594
826 1607
826 1857
826 1863
826 1865
826 1913
826 2030
826 2198
826 2291
826 2396
826 2506
826 2507
826 2674
826 2682
826 2736
826 2752
826 2768
826 2854
826 2864
826 2866
826 2913
826 2981
826 3095
826 3270
826 3326
826 3378
826 3468
826 3476
826 3531
826 3595
826 3596
826 3600
826 3603
826 3629
826 3673
826 3677
826 3682
826 3714
826 3745
826 3836
826 3910
826 3953
826 4041
826 4135
826 4166
826 4405
826 4438
827 1013
827 1301
827 1776
827 2051
827 2711
827 3468
828 1280
828 1531
828 2081
828 3330
828 3744
828 4015
829 1557
829 2458
829 2568
829 2662
829 2704
829 2889
830 931
830 939
830 1131
830 1234
830 1249
830 1251
830 1368
830 1376
830 1535
830 1543
830 1815
830 1864
830 1871
830 2003
830 2032
830 2071
830 2083
830 2088
830 2113
830 2115
830 2149
830 2155
830 2166
830 2285
830 2422
830 2430
830 2648
830 2776
830 2850
830 2863
830 3017
830 3023
830 3038
830 3138
830 3151
830 3195
830 3237
830 3501
830 3519
830 3520
830 3541
830 3564
830 3633
830 3654
830 3666
830 3724
830 3728
830 3893
830 3983
830 4015
830 4145
830 4147
830 4153
830 4196
830 4236
830 4307
830 4309
830 4346
830 4377
830 4425
830 4431
830 4459
830 4469
831 854
831 1122
831 1545
831 1728
831 2144
831 3113
831 3182
831 3389
831 3883
832 914
832 972
832 1040
832 1346
832 1410
832 2001
832 2006
832 2106
832 2209
832 2421
832 2626
832 3361
832 3366
832 3447
832 3468
833 1923
833 1959
834 1014
834 1661
834 1983
834 1987
834 2488
834 2772
834 2962
834 2999
834 3060
834 3174
834 4009
835 836
835 996
835 1431
835 1437
835 1479
835 1600
835 1972
835 2146
835 2160
835 2256
835 2407
835 2547
835 2562
835 2796
835 3025
835 3113
835 3229
835 3363
835 3390
835 3527
835 3536
835 3686
835 4206
835 4446
835 4477
836 1431
836 2146
836 2318
836 2407
836 2562
836 2998
836 3025
836 3113
836 3229
836 3390
836 3527
836 4303
837 891
837 1307
837 1339
837 1420
837 1576
837 1853
837 1983
837 2352
837 3139
837 3578
837 3879
837 3880
837 3976
837 4224
838 1181
838 1557
838 1833
838 2171
838 2474
838 2718
838 2823
838 2994
838 3007
838 3008
838 3014
838 3150
838 3568
838 3700
838 3853
838 4039
838 4143
839 864
839 981
839 1070
839 1099
839 1221
839 1350
839 1377
839 1395
839 1538
839 1650
839 1926
839 2034
839 2099
839 2157
839 2164
839 2211
839 2230
839 2274
839 2313
839 2545
839 2550
839 2664
839 2669
839 2728
839 2804
839 3101
839 3113
839 3355
839 3553
839 3770
839 3819
839 4055
839 4100
839 4114
839 4191
839 4379
839 4404
839 4442
840 841
840 1080
840 1104
840 1263
840 1309
840 1393
840 1498
840 1536
840 1627
840 1665
840 1717
840 1723
840 1745
840 1769
840 1784
840 1831
840 1874
840 2025
840 2101
840 2119
840 2230
840 2269
840 2281
840 2321
840 2351
840 2390
840 2436
840 2484
840 2533
840 2634
840 2650
840 2676
840 2997
840 3063
840 3073
840 3113
840 3285
840 3307
840 3309
840 3344
840 3481
840 3496
840 3535
840 3598
840 3691
840 3749
840 3819
840 3973
840 4094
840 4100
840 4128
840 4297
840 4387
841 941
841 1059
841 1104
841 1114
841 1263
841 1309
841 1377
841 1498
841 1717
841 1745
841 1831
841 1874
841 1897
841 2025
841 2321
841 2351
841 2484
841 2533
841 2579
841 2634
841 2669
841 2684
841 3063
841 3113
841 3307
841 3309
841 3344
841 3439
841 3481
841 3598
841 3691
841 3849
841 3874
841 4094
842 1038
842 1073
842 1187
842 1188
842 1264
842 1467
842 1597
842 1749
842 1964
842 2090
842 2127
842 2191
842 2197
842 2250
842 2266
842 2312
842 2389
842 2454
842 2543
842 2578
842 2835
842 3184
842 3407
842 3494
842 3587
842 3818
842 4051
842 4091
842 4148
842 4413
843 1056
843 1456
843 1557
843 1634
843 1721
843 1813
843 1833
843 1924
843 2177
843 2341
843 2384
843 2718
843 2823
843 3150
843 3288
843 3352
843 3502
843 3533
844 961
844 1009
844 1125
844 1195
844 1271
844 1317
844 1408
844 1423
844 1601
844 1624
844 1830
844 1925
844 1983
844 1993
844 2044
844 2046
844 2068
844 2179
844 2184
844 2287
844 2290
844 2309
844 2429
844 2495
844 2566
844 2617
844 2702
844 2787
844 2810
844 3038
844 3246
844 3425
844 3569
844 3685
844 4058
844 4145
844 4258
845 1310
845 1983
845 3798
846 1215
846 1250
846 1331
846 1358
846 1573
846 1630
846 1633
846 1810
846 1824
846 1906
846 1917
846 1944
846 1969
846 2021
846 2060
846 2072
846 2100
846 2219
846 2306
846 2434
846 2671
846 2723
846 2724
846 2739
846 2746
846 2797
846 2818
846 2890
846 2958
846 2965
846 3152
846 3304
846 3419
846 3545
846 3618
846 3645
846 3711
846 3731
846 3760
846 3896
846 3909
846 3930
846 4015
846 4029
846 4087
846 4110
846 4182
846 4349
846 4357
846 4368
846 4373
847 923
847 980
847 1006
847 1017
847 1064
847 1078
847 1081
847 1110
847 1139
847 1149
847 1150
847 1152
847 1211
847 1244
847 1268
847 1292
847 1326
847 1351
847 1406
847 1450
847 1470
847 1543
847 1554
847 1679
847 1684
847 1740
847 1775
847 1808
847 1844
847 1871
847 1973
847 2015
847 2049
847 2088
847 2098
847 2115
847 2123
847 2178
847 2182
847 2238
847 2249
847 2294
847 2298
847 2301
847 2326
847 2415
847 2422
847 2450
847 2456
847 2491
847 2564
847 2598
847 2622
847 2698
847 2727
847 2780
847 2806
847 2821
847 2855
847 2950
847 3033
847 3067
847 3113
847 3129
847 3151
847 3181
847 3187
847 3327
847 3432
847 3446
847 3478
847 3485
847 3515
847 3520
847 3528
847 3562
847 3615
847 3728
847 3736
847 3737
847 3767
847 3784
847 3819
847 3842
847 3847
847 3893
847 3897
847 3955
847 3961
847 3977
847 3991
847 4008
847 4020
847 4021
847 4132
847 4147
847 4153
847 4193
847 4196
847 4202
847 4262
847 4270
847 4290
847 4298
847 4312
847 4313
847 4370
847 4383
847 4469
847 4479
847 4486
847 4488
848 849
848 892
848 909
848 943
848 966
848 1349
848 1367
848 1379
848 1495
848 1508
848 1547
848 1700
848 1790
848 1804
848 1911
848 2050
848 2120
848 2161
848 2204
848 2257
848 2343
848 2360
848 2383
848 2477
848 2597
848 2670
848 2730
848 3055
848 3100
848 3186
848 3409
848 3468
848 3563
848 3594
848 3614
848 3733
848 3750
848 3868
848 3876
848 3916
848 3935
848 4103
848 4161
848 4315
848 4350
848 4361
848 4480
849 993
849 1120
849 1199
849 1290
849 1367
849 1410
849 1508
849 1547
849 1700
849 1879
849 1911
849 1933
849 1980
849 2538
849 2896
849 3088
849 3100
849 3125
849 3186
849 3217
849 3274
849 3303
849 3468
849 3594
849 3868
849 3876
849 3916
849 3919
849 3965
849 4069
849 4103
849 4161
849 4254
849 4315
849 4350
849 4361
849 4480
850 3090
850 3491
850 4285
851 919
851 1003
851 2355
851 3349
852 1246
852 1604
852 1755
852 1875
852 2410
852 3645
852 3709
852 4015
852 4059
852 4447
853 923
853 1011
853 1091
853 1317
853 1351
853 1357
853 1361
853 1376
853 1450
853 1475
853 1684
853 1737
853 1764
853 1766
853 1791
853 2037
853 2046
853 2083
853 2115
853 2149
853 2309
853 2598
853 2614
853 2656
853 2755
853 2787
853 2821
853 2850
853 2910
853 3107
853 3113
853 3178
853 3194
853 3275
853 3468
853 3750
853 3910
853 3934
853 3961
853 4219
853 4270
853 4309
853 4326
853 4370
853 4383
853 4410
853 4461
853 4478
853 4488
854 887
854 1038
854 1128
854 1361
854 1555
854 1604
854 2016
854 2182
854 2464
854 2527
854 3243
854 3344
854 3407
854 3416
854 3651
854 3984
854 4229
854 4419
854 4430
854 4468
855 860
855 873
855 890
855 939
855 959
855 970
855 980
855 1005
855 1058
855 1179
855 1198
855 1206
855 1234
855 1249
855 1267
855 1273
855 1328
855 1352
855 1357
855 1368
855 1376
855 1385
855 1399
855 1403
855 1414
855 1425
855 1440
855 1446
855 1447
855 1452
855 1475
855 1511
855 1528
855 1535
855 1575
855 1579
855 1628
855 1638
855 1655
855 1664
855 1679
855 1712
855 1737
855 1748
855 1764
855 1766
855 1791
855 1797
855 1801
855 1841
855 1866
855 1884
855 1899
855 1948
855 1956
855 1977
855 1979
855 1983
855 2028
855 2037
855 2071
855 2114
855 2130
855 2149
855 2155
855 2166
855 2199
855 2241
855 2270
855 2288
855 2300
855 2334
855 2357
855 2385
855 2404
855 2430
855 2453
855 2485
855 2501
855 2555
855 2583
855 2589
855 2592
855 2614
855 2628
855 2631
855 2648
855 2649
855 2656
855 2734
855 2751
855 2771
855 2781
855 2830
855 2850
855 2863
855 2867
855 2869
855 2920
855 2954
855 3005
855 3010
855 3011
855 3017
855 3020
855 3023
855 3024
855 3034
855 3058
855 3064
855 3081
855 3082
855 3123
855 3131
855 3178
855 3189
855 3194
855 3195
855 3202
855 3213
855 3237
855 3252
855 3265
855 3275
855 3290
855 3321
855 3331
855 3404
855 3405
855 3406
855 3413
855 3436
855 3501
855 3519
855 3541
855 3565
855 3583
855 3589
855 3638
855 3654
855 3666
855 3678
855 3697
855 3742
855 3758
855 3762
855 3776
855 3791
855 3837
855 3848
855 3875
855 3889
855 3908
855 3983
855 4076
855 4095
855 4131
855 4134
855 4181
855 4240
855 4242
855 4250
855 4260
855 4272
855 4293
855 4307
855 4309
855 4316
855 4326
855 4330
855 4331
855 4347
855 4360
855 4377
855 4425
855 4431
855 4432
855 4450
855 4470
855 4482
856 1084
856 1094
856 1117
856 1129
856 1557
856 1616
856 1729
856 1873
856 2171
856 2185
856 2208
856 2229
856 2331
856 2804
856 2887
856 3008
856 3093
856 3099
856 3613
856 4210
856 4243
857 869
857 1051
857 1261
857 1340
857 1366
857 1557
857 1752
857 2331
857 2823
857 3280
857 3334
857 3359
857 3459
857 3533
857 4137
857 4195
857 4246
857 4299
858 1153
858 1206
858 1352
858 1359
858 1385
858 1399
858 1447
858 1575
858 1628
858 1638
858 1655
858 1734
858 1826
858 1956
858 1979
858 1983
858 2501
858 2555
858 2589
858 2648
858 2771
858 2867
858 3010
858 3011
858 3017
858 3058
858 3237
858 3405
858 3501
858 3541
858 3638
858 3889
858 3908
858 4181
858 4232
858 4272
858 4309
858 4326
858 4377
858 4432
859 1584
859 1983
859 2009
859 2693
859 4398
860 961
860 1251
860 1359
860 1368
860 1684
860 1871
860 1979
860 2071
860 2309
860 3092
860 3113
860 3444
860 3772
860 4313
860 4426
860 4432
861 961
861 962
861 982
861 1004
861 1053
861 1067
861 1095
861 1100
861 1229
861 1230
861 1408
861 1443
861 1495
861 1514
861 1677
861 1707
861 1713
861 1811
861 1882
861 1916
861 1922
861 1950
861 1983
861 2046
861 2083
861 2113
861 2196
861 2206
861 2287
861 2356
861 2398
861 2600
861 2658
861 2686
861 2755
861 2758
861 2787
861 2794
861 2833
861 2858
861 2865
861 2899
861 2910
861 2918
861 3138
861 3162
861 3246
861 3258
861 3286
861 3293
861 3328
861 3386
861 3505
861 3619
861 3685
861 3708
861 3724
861 3783
861 3800
861 3899
861 4023
861 4058
861 4060
861 4080
861 4124
861 4154
861 4167
861 4208
861 4219
861 4234
861 4287
861 4294
861 4346
861 4398
861 4454
861 4461
861 4465
861 4478
862 1024
862 1173
862 1288
862 1565
862 1588
862 2024
862 2215
862 2500
862 2512
862 2515
862 2693
862 2942
862 3105
862 3158
862 3193
862 3364
862 3538
863 884
863 953
863 1062
863 1113
863 1167
863 1253
863 1549
863 1676
863 1851
863 1894
863 2107
863 2539
863 2616
863 2649
863 2714
863 2946
863 2960
863 3096
863 3145
863 3236
863 3294
863 3301
863 3346
863 3555
863 3573
863 3577
863 3635
863 4047
863 4052
863 4274
863 4298
864 930
864 981
864 1022
864 1037
864 1099
864 1221
864 1263
864 1377
864 1650
864 1723
864 1860
864 1896
864 1907
864 1926
864 2025
864 2034
864 2281
864 2313
864 2316
864 2378
864 2441
864 2804
864 2860
864 2997
864 3113
864 3271
864 3282
864 3471
864 3691
864 3770
864 3924
864 4100
864 4114
864 4342
864 4381
864 4387
864 4457
864 4459
865 903
865 3113
865 3485
865 4107
865 4298
866 964
866 1477
866 1621
866 1726
866 1787
866 1859
866 2097
866 2111
866 2254
866 2591
866 2765
866 2805
866 3113
866 3549
866 3566
866 3814
866 4132
866 4212
867 1036
867 1138
867 1174
867 1570
867 1652
867 1885
867 2519
867 3113
867 3114
867 3154
867 3367
867 4212
868 1144
868 1329
868 1852
868 2362
868 2595
868 2703
868 2874
868 2906
868 3284
868 3634
868 3699
868 3795
868 3978
868 3981
868 4015
869 1051
869 1228
869 1261
869 1557
869 1634
869 1729
869 1873
869 1929
869 2063
869 2171
869 2331
869 2341
869 2384
869 2470
869 2474
869 2694
869 2804
869 2823
869 2957
869 3008
869 3093
869 3280
869 3459
869 3630
869 3853
869 3877
869 3934
869 3993
869 4077
869 4137
869 4195
869 4279
869 4435
870 969
870 1133
870 1339
870 1359
870 1639
870 1934
870 2259
870 2340
870 2917
870 3192
870 3338
870 3379
870 3504
870 3539
870 3651
870 4012
870 4013
871 1066
871 1204
871 2154
871 2714
871 3428
871 3945
872 2470
872 2540
872 2848
872 2991
872 4209
872 4398
873 890
873 939
873 970
873 980
873 1005
873 1060
873 1166
873 1179
873 1198
873 1206
873 1234
873 1243
873 1249
873 1273
873 1327
873 1357
873 1359
873 1368
873 1376
873 1385
873 1399
873 1414
873 1425
873 1446
873 1447
873 1452
873 1475
873 1496
873 1511
873 1535
873 1575
873 1579
873 1628
873 1638
873 1655
873 1664
873 1682
873 1686
873 1712
873 1737
873 1764
873 1766
873 1791
873 1825
873 1826
873 1866
873 1884
873 1948
873 1956
873 1977
873 1979
873 1982
873 1983
873 2028
873 2037
873 2071
873 2130
873 2149
873 2155
873 2166
873 2199
873 2241
873 2270
873 2294
873 2334
873 2357
873 2368
873 2404
873 2430
873 2453
873 2491
873 2501
873 2524
873 2555
873 2583
873 2589
873 2614
873 2628
873 2631
873 2648
873 2656
873 2751
873 2771
873 2781
873 2830
873 2850
873 2863
873 2867
873 2901
873 2920
873 2954
873 3010
873 3011
873 3017
873 3020
873 3023
873 3024
873 3034
873 3058
873 3082
873 3108
873 3123
873 3131
873 3147
873 3170
873 3178
873 3189
873 3194
873 3195
873 3213
873 3237
873 3252
873 3265
873 3275
873 3290
873 3321
873 3331
873 3356
873 3404
873 3405
873 3406
873 3501
873 3519
873 3541
873 3565
873 3589
873 3638
873 3654
873 3666
873 3678
873 3697
873 3742
873 3762
873 3776
873 3837
873 3848
873 3854
873 3875
873 3908
873 3923
873 3983
873 4070
873 4076
873 4095
873 4134
873 4139
873 4181
873 4218
873 4240
873 4242
873 4250
873 4272
873 4293
873 4307
873 4309
873 4316
873 4326
873 4347
873 4360
873 4377
873 4425
873 4431
873 4432
873 4450
873 4470
873 4482
874 1129
874 1362
874 1485
874 2115
874 2977
874 3113
874 3185
874 3187
874 3349
874 3728
874 4147
875 2038
875 3468
875 4249
876 900
876 1179
876 1230
876 1249
876 1299
876 1385
876 1399
876 1638
876 1655
876 1712
876 1983
876 2025
876 2206
876 2543
876 2666
876 2758
876 2802
876 2830
876 3331
876 3404
876 3528
876 3812
876 3950
876 4015
876 4058
876 4425
876 4470
876 4478
877 941
877 981
877 1042
877 1104
877 1309
877 1393
877 1498
877 1504
877 1536
877 1539
877 1627
877 1665
877 1717
877 1769
877 1784
877 1872
877 1926
877 2025
877 2101
877 2121
877 2436
877 2579
877 2997
877 3113
877 3235
877 3285
877 3691
877 3749
877 3849
877 3874
877 4119
877 4128
877 4387
878 998
878 1027
878 1210
878 1482
878 1591
878 1680
878 1894
878 1964
878 2066
878 2090
878 2127
878 2197
878 2250
878 2358
878 2362
878 2647
878 2655
878 2688
878 2956
878 3064
878 3490
878 3658
878 3661
878 4001
878 4485
879 1315
879 1334
879 1421
879 1461
879 1482
879 1505
879 1513
879 1744
879 1767
879 1780
879 1837
879 1894
879 1952
879 1964
879 1966
879 2159
879 2197
879 2266
879 2328
879 2426
879 2543
879 2750
879 3021
879 3276
879 3494
879 3530
879 3639
879 3661
879 3938
879 4091
879 4093
879 4156
880 882
880 1168
880 1214
880 1280
880 1604
880 1605
880 1755
880 1975
880 2275
880 2482
880 2621
880 2945
880 3266
880 3283
880 3322
880 3377
880 3627
880 3920
880 4001
880 4015
880 4044
880 4059
880 4149
880 4165
880 4177
880 4301
880 4397
881 2644
881 3113
881 3167
881 3979
881 4036
881 4411
881 4429
881 4439
882 1016
882 1168
882 1280
882 1296
882 1604
882 1755
882 1975
882 2621
882 3283
882 3377
882 3920
882 4015
882 4044
882 4059
882 4149
882 4177
882 4301
883 1006
883 1095
883 1152
883 1211
883 1299
883 1404
883 1405
883 2423
883 2564
883 2727
883 2907
883 3113
883 3187
883 3329
883 3417
883 3708
883 3728
883 3857
883 3955
883 4153
883 4202
883 4334
884 1167
884 1676
884 2107
884 2782
884 2839
884 2982
884 3096
884 3294
884 3342
884 3555
884 3914
884 4285
884 4445
885 904
885 938
885 1007
885 1085
885 1087
885 1131
885 1136
885 1137
885 1193
885 1303
885 1332
885 1466
885 1594
885 1763
885 1771
885 1781
885 1857
885 1934
885 1963
885 1970
885 2040
885 2129
885 2198
885 2248
885 2273
885 2394
885 2396
885 2506
885 2553
885 2632
885 2637
885 2674
885 2682
885 2768
885 2789
885 2802
885 2913
885 2971
885 2972
885 3015
885 3103
885 3244
885 3402
885 3468
885 3497
885 3531
885 3537
885 3593
885 3596
885 3603
885 3629
885 3633
885 3677
885 3682
885 3714
885 3747
885 3836
885 3906
885 3953
885 4151
885 4192
885 4241
885 4266
885 4405
885 4421
886 934
886 1194
886 1520
886 1599
886 1771
886 1863
886 1865
886 1913
886 1963
886 1985
886 2030
886 2235
886 2400
886 2449
886 2506
886 2507
886 2674
886 2736
886 2768
886 2802
886 2854
886 2866
886 2882
886 2981
886 3176
886 3312
886 3326
886 3468
886 3476
886 3531
886 3595
886 3596
886 3600
886 3673
886 3682
886 3689
886 3745
886 3910
886 3982
886 4041
886 4135
886 4204
886 4228
886 4295
886 4310
886 4438
887 942
887 998
887 1033
887 1151
887 1177
887 1284
887 1316
887 1506
887 1518
887 1567
887 1649
887 1695
887 1706
887 1820
887 1927
887 1951
887 1953
887 1983
887 1992
887 2083
887 2112
887 2153
887 2163
887 2252
887 2272
887 2388
887 2439
887 2440
887 2494
887 2700
887 2753
887 3035
887 3137
887 3335
887 3338
887 3460
887 3490
887 3575
887 3911
887 3922
887 3969
887 3999
887 4005
887 4054
887 4129
887 4281
887 4386
887 4399
887 4449
887 4455
887 4472
888 1431
888 1437
888 1600
888 1650
888 1972
888 2078
888 2146
888 2256
888 2318
888 2562
888 2796
888 2998
888 3025
888 3113
888 3229
888 3363
888 3390
888 3527
888 3536
888 3686
888 4206
888 4226
888 4477
889 990
889 1059
889 1108
889 1126
889 1315
889 1597
889 2191
889 2197
889 2543
889 3507
889 3580
889 4051
890 939
890 956
890 959
890 970
890 991
890 1005
890 1058
890 1153
890 1179
890 1198
890 1206
890 1234
890 1243
890 1249
890 1273
890 1328
890 1357
890 1359
890 1368
890 1376
890 1385
890 1399
890 1425
890 1446
890 1447
890 1452
890 1475
890 1496
890 1511
890 1535
890 1575
890 1628
890 1638
890 1655
890 1664
890 1682
890 1712
890 1737
890 1748
890 1764
890 1766
890 1791
890 1797
890 1801
890 1866
890 1884
890 1948
890 1956
890 1977
890 1979
890 1983
890 2028
890 2037
890 2071
890 2114
890 2130
890 2149
890 2155
890 2166
890 2199
890 2241
890 2270
890 2334
890 2404
890 2430
890 2453
890 2491
890 2501
890 2524
890 2555
890 2583
890 2589
890 2592
890 2614
890 2628
890 2631
890 2648
890 2649
890 2656
890 2701
890 2735
890 2751
890 2771
890 2781
890 2806
890 2830
890 2850
890 2863
890 2867
890 2920
890 2954
890 2975
890 2991
890 3010
890 3011
890 3017
890 3020
890 3023
890 3024
890 3034
890 3051
890 3058
890 3064
890 3067
890 3081
890 3082
890 3123
890 3131
890 3178
890 3189
890 3194
890 3195
890 3213
890 3237
890 3252
890 3265
890 3275
890 3290
890 3321
890 3331
890 3354
890 3356
890 3404
890 3405
890 3406
890 3501
890 3519
890 3541
890 3565
890 3583
890 3589
890 3638
890 3654
890 3666
890 3678
890 3697
890 3742
890 3758
890 3762
890 3776
890 3847
890 3848
890 3875
890 3889
890 3908
890 3950
890 3983
890 4076
890 4095
890 4134
890 4139
890 4181
890 4234
890 4240
890 4242
890 4250
890 4272
890 4309
890 4316
890 4326
890 4330
890 4331
890 4347
890 4360
890 4377
890 4403
890 4431
890 4432
890 4450
890 4470
890 4482
891 986
891 1307
891 1339
891 1420
891 1576
891 1853
891 1983
891 2352
891 3139
891 3632
891 3879
891 3880
891 3976
891 4224
891 4338
892 909
892 943
892 1247
892 1274
892 1367
892 1379
892 1700
892 1804
892 1834
892 1911
892 1933
892 2253
892 2383
892 2467
892 2477
892 2597
892 2624
892 2626
892 2730
892 3016
892 3055
892 3100
892 3160
892 3212
892 3337
892 3409
892 3468
892 3622
892 3733
892 3867
892 3868
892 3873
892 3876
892 3935
892 4002
892 4078
892 4103
892 4141
892 4231
892 4315
893 930
893 981
893 1022
893 1037
893 1099
893 1221
893 1263
893 1377
893 1432
893 1434
893 1495
893 1650
893 1665
893 1839
893 1860
893 1896
893 1907
893 1926
893 2042
893 2093
893 2281
893 2316
893 2378
893 2380
893 2441
893 2468
893 2487
893 2520
893 2550
893 2594
893 2804
893 3113
893 3271
893 3282
893 3351
893 3355
893 3471
893 3535
893 3573
893 3770
893 3924
893 3931
893 4100
893 4169
893 4209
893 4230
893 4249
893 4327
893 4342
893 4379
893 4381
893 4451
893 4457
893 4459
894 1063
894 1827
894 1828
894 1943
894 2094
894 2219
894 3716
894 3896
894 4015
895 1177
895 1617
895 1760
895 2072
895 2446
895 2588
895 3948
895 4053
896 1361
896 1583
896 1783
896 1813
896 2292
896 2511
896 2931
896 3915
897 1557
897 1822
897 2605
898 1263
898 1663
898 1871
898 2025
898 3113
899 1464
899 2192
899 2719
899 2766
899 3019
899 3644
899 3779
899 3801
899 3918
899 3990
899 4015
899 4034
899 4284
900 955
900 961
900 962
900 1004
900 1053
900 1067
900 1095
900 1100
900 1179
900 1190
900 1195
900 1229
900 1230
900 1239
900 1300
900 1316
900 1382
900 1403
900 1408
900 1442
900 1443
900 1462
900 1472
900 1584
900 1653
900 1660
900 1671
900 1677
900 1679
900 1713
900 1725
900 1731
900 1742
900 1811
900 1816
900 1883
900 1916
900 1922
900 1983
900 1999
900 2003
900 2009
900 2029
900 2044
900 2068
900 2083
900 2169
900 2196
900 2206
900 2232
900 2283
900 2287
900 2290
900 2309
900 2356
900 2381
900 2408
900 2499
900 2572
900 2600
900 2658
900 2721
900 2755
900 2776
900 2787
900 2794
900 2809
900 2822
900 2833
900 2837
900 2858
900 2910
900 2918
900 2924
900 3082
900 3107
900 3138
900 3162
900 3209
900 3246
900 3258
900 3286
900 3293
900 3305
900 3354
900 3365
900 3381
900 3386
900 3425
900 3467
900 3564
900 3569
900 3576
900 3611
900 3623
900 3685
900 3706
900 3708
900 3768
900 3783
900 3800
900 3833
900 3855
900 3933
900 3970
900 3987
900 4023
900 4058
900 4060
900 4080
900 4090
900 4095
900 4124
900 4145
900 4154
900 4167
900 4178
900 4221
900 4223
900 4259
900 4260
900 4293
900 4325
900 4346
900 4398
900 4410
900 4454
900 4465
901 919
901 1169
901 1324
901 1581
901 1619
901 1772
901 1810
901 1827
901 1851
901 1944
901 1958
901 1969
901 2048
901 2724
901 3721
901 3741
901 3884
901 4015
901 4082
902 1688
902 1983
902 3607
903 923
903 931
903 965
903 1091
903 1149
903 1176
903 1183
903 1233
903 1251
903 1326
903 1351
903 1373
903 1507
903 1651
903 1740
903 1747
903 1751
903 1758
903 1786
903 1808
903 1815
903 1869
903 2095
903 2238
903 2285
903 2305
903 2387
903 2415
903 2450
903 2619
903 2652
903 2659
903 2666
903 2678
903 2699
903 2726
903 2740
903 2813
903 2880
903 3076
903 3113
903 3129
903 3264
903 3311
903 3357
903 3417
903 3478
903 3520
903 3521
903 3646
903 3710
903 3715
903 3767
903 3782
903 3812
903 3819
903 3878
903 3897
903 3975
903 4042
903 4043
903 4052
903 4056
903 4138
903 4185
903 4194
903 4236
903 4270
903 4298
903 4389
903 4469
904 938
904 984
904 1007
904 1085
904 1087
904 1131
904 1136
904 1137
904 1193
904 1223
904 1325
904 1332
904 1466
904 1524
904 1594
904 1763
904 1771
904 1857
904 2013
904 2040
904 2198
904 2248
904 2449
904 2637
904 2682
904 2736
904 2866
904 2913
904 3015
904 3244
904 3270
904 3378
904 3402
904 3468
904 3476
904 3497
904 3603
904 3629
904 3805
904 3836
904 3953
904 4074
904 4166
904 4192
904 4228
904 4241
904 4405
904 4421
905 1071
905 1091
905 1105
905 1143
905 1176
905 1233
905 1251
905 1260
905 1283
905 1337
905 1351
905 1422
905 1424
905 1450
905 1503
905 1507
905 1592
905 1705
905 1740
905 1807
905 1808
905 1814
905 2115
905 2182
905 2442
905 2476
905 2489
905 2937
905 2992
905 3033
905 3076
905 3113
905 3181
905 3264
905 3299
905 3392
905 3399
905 3464
905 3515
905 3521
905 3647
905 3692
905 3739
905 3782
905 3812
905 3819
905 4153
905 4488
906 3468
907 1038
907 1059
907 2237
907 2543
907 3984
907 4229
908 1110
908 1124
908 1251
908 1260
908 1292
908 1411
908 1450
908 1480
908 1590
908 1684
908 1697
908 1747
908 1814
908 1871
908 1973
908 2088
908 2115
908 2123
908 2178
908 2301
908 2392
908 2414
908 2422
908 2496
908 2525
908 2535
908 2594
908 2622
908 2629
908 2784
908 2821
908 2855
908 3033
908 3076
908 3111
908 3113
908 3129
908 3132
908 3151
908 3185
908 3311
908 3485
908 3528
908 3713
908 3737
908 3767
908 3782
908 3819
908 3977
908 4020
908 4042
908 4193
908 4196
908 4270
908 4312
908 4313
908 4383
908 4488
909 943
909 966
909 1349
909 1367
909 1379
909 1508
909 1804
909 1809
909 1911
909 2007
909 2012
909 2120
909 2161
909 2204
909 2253
909 2315
909 2343
909 2350
909 2360
909 2383
909 2477
909 2597
909 2624
909 2626
909 2761
909 3055
909 3100
909 3186
909 3205
909 3231
909 3409
909 3468
909 3622
909 3732
909 3733
909 3750
909 3867
909 3868
909 3873
909 3876
909 3916
909 3925
909 4002
909 4089
909 4171
909 4231
909 4306
909 4315
909 4350
909 4351
909 4353
909 4361
909 4471
910 3113
911 2293
911 2543
911 2552
911 2655
911 2778
911 3567
911 3582
911 3743
912 1047
912 1068
912 1336
912 1578
912 2019
912 2225
912 2313
912 2848
912 2879
912 3001
912 3041
912 3052
912 3113
912 3483
912 3523
912 3526
912 3870
912 3872
912 3894
912 3988
912 4062
912 4064
912 4084
912 4111
912 4402
912 4484
913 1107
913 1401
913 1463
913 1559
913 1599
913 1834
913 2204
913 2513
913 2514
913 2538
913 3079
913 3100
913 3104
913 3277
913 3341
913 3396
913 3451
913 3468
913 3622
913 3787
913 3820
913 3954
913 4314
914 972
914 1346
914 1410
914 1692
914 2032
914 2209
914 2421
914 2548
914 2731
914 2760
914 2940
914 2969
914 3462
914 3468
914 3959
914 4235
914 4322
915 1034
915 1222
915 1288
915 1412
915 1941
915 2437
915 2575
915 2654
915 2844
915 2921
915 3158
916 1153
916 1339
916 1440
916 1511
916 1674
916 1766
916 1801
916 1983
916 2103
916 2114
916 2155
916 2431
916 2555
916 2649
916 2689
916 2867
916 3786
916 4023
916 4037
916 4157
916 4181
916 4216
916 4232
916 4326
916 4432
917 2089
917 2134
917 2273
917 2394
917 2461
917 2490
917 2618
917 2682
917 2708
917 2912
917 2949
917 2953
917 3277
917 3429
917 3468
917 3593
917 3677
917 4192
917 4254
918 1848
918 3398
918 4015
919 946
919 1312
919 1324
919 1428
919 1581
919 1619
919 1719
919 1726
919 1772
919 1810
919 1823
919 1827
919 1848
919 1943
919 1944
919 1969
919 1981
919 2122
919 2261
919 2497
919 2671
919 2724
919 2797
919 2831
919 2859
919 3117
919 3721
919 3741
919 4015
920 3468
920 3794
920 4235
920 4300
921 1088
921 1117
921 1426
921 1500
921 2063
921 2086
921 2302
921 2341
921 2603
921 2623
921 2804
921 2875
921 2934
921 2990
921 3113
921 3164
921 3210
921 3291
921 3370
921 3540
921 3560
921 3648
921 3816
921 4011
921 4055
921 4088
921 4114
921 4265
921 4343
921 4402
922 1007
922 1085
922 1131
922 1136
922 1291
922 1857
922 1863
922 1913
922 2198
922 2248
922 2273
922 2396
922 2632
922 2682
922 2789
922 2800
922 2802
922 2913
922 2971
922 3015
922 3095
922 3244
922 3468
922 3603
922 3633
922 3953
922 4151
922 4241
923 926
923 931
923 1011
923 1012
923 1017
923 1149
923 1152
923 1178
923 1192
923 1251
923 1298
923 1299
923 1320
923 1326
923 1337
923 1351
923 1450
923 1507
923 1651
923 1686
923 1702
923 1732
923 1747
923 1751
923 1775
923 1815
923 1864
923 1895
923 1973
923 2015
923 2056
923 2098
923 2115
923 2123
923 2178
923 2200
923 2238
923 2249
923 2285
923 2415
923 2420
923 2422
923 2450
923 2455
923 2496
923 2557
923 2594
923 2598
923 2652
923 2659
923 2780
923 2975
923 3033
923 3061
923 3076
923 3111
923 3113
923 3129
923 3187
923 3264
923 3272
923 3327
923 3417
923 3478
923 3520
923 3521
923 3615
923 3710
923 3715
923 3728
923 3737
923 3767
923 3784
923 3850
923 3860
923 3863
923 3878
923 3893
923 3897
923 4008
923 4021
923 4042
923 4052
923 4138
923 4188
923 4193
923 4236
923 4262
923 4270
923 4292
923 4298
923 4312
923 4370
923 4383
923 4479
923 4488
924 4015
924 4029
925 931
925 1078
925 1105
925 1110
925 1152
925 1192
925 1268
925 1292
925 1326
925 1450
925 1454
925 1543
925 1592
925 1747
925 1871
925 1892
925 2104
925 2182
925 2249
925 2298
925 2392
925 2414
925 2480
925 2594
925 2629
925 2834
925 3033
925 3113
925 3129
925 3151
925 3187
925 3196
925 3478
925 3528
925 3737
925 3782
925 3977
925 4138
925 4147
925 4196
925 4270
925 4312
925 4383
926 931
926 959
926 1011
926 1017
926 1069
926 1091
926 1110
926 1139
926 1143
926 1149
926 1183
926 1233
926 1251
926 1257
926 1268
926 1292
926 1299
926 1326
926 1337
926 1351
926 1402
926 1450
926 1480
926 1507
926 1537
926 1550
926 1582
926 1592
926 1643
926 1684
926 1702
926 1747
926 1751
926 1758
926 1786
926 1815
926 1871
926 1973
926 2049
926 2095
926 2098
926 2115
926 2178
926 2205
926 2238
926 2249
926 2285
926 2325
926 2385
926 2392
926 2414
926 2420
926 2422
926 2450
926 2535
926 2594
926 2598
926 2619
926 2622
926 2633
926 2659
926 2678
926 2698
926 2699
926 2726
926 2740
926 2855
926 2948
926 3009
926 3033
926 3067
926 3111
926 3113
926 3129
926 3151
926 3181
926 3392
926 3417
926 3423
926 3446
926 3478
926 3521
926 3615
926 3643
926 3710
926 3715
926 3728
926 3737
926 3767
926 3769
926 3784
926 3819
926 3860
926 3878
926 3897
926 3961
926 4008
926 4021
926 4042
926 4052
926 4056
926 4138
926 4153
926 4188
926 4196
926 4262
926 4270
926 4290
926 4298
926 4312
926 4313
926 4383
926 4469
926 4486
927 1047
927 1350
927 1398
927 1419
927 1500
927 1532
927 1566
927 1620
927 1752
927 2138
927 2303
927 2313
927 2370
927 2526
927 2596
927 2603
927 2860
927 2915
927 2916
927 2984
927 3001
927 3113
927 3163
927 3250
927 3291
927 3382
927 3503
927 3540
927 3660
927 3668
927 3816
927 3870
927 3872
927 3894
927 4055
927 4114
927 4339
928 1324
928 1531
928 1629
928 1668
928 1827
928 1828
928 1958
928 1969
928 2036
928 2075
928 2094
928 2395
928 2472
928 2523
928 2551
928 2859
928 2956
928 2966
928 3031
928 3094
928 3104
928 3716
928 3740
928 3796
928 3804
928 3896
928 4015
928 4082
928 4085
928 4189
928 4305
928 4337
928 4395
929 1064
929 1192
929 1257
929 1298
929 1299
929 1320
929 1326
929 1450
929 1808
929 1864
929 2098
929 2115
929 2176
929 2298
929 2415
929 2496
929 2594
929 2699
929 2909
929 3113
929 3185
929 3187
929 3349
929 3417
929 3430
929 3615
929 3728
929 3893
929 4040
929 4113
929 4185
929 4188
929 4270
929 4319
929 4383
929 4469
930 1022
930 1037
930 1099
930 1221
930 1263
930 1377
930 1434
930 1650
930 1860
930 1896
930 1897
930 1907
930 1926
930 2025
930 2042
930 2093
930 2230
930 2281
930 2316
930 2354
930 2378
930 2380
930 2441
930 2444
930 2487
930 2550
930 2804
930 3113
930 3271
930 3282
930 3351
930 3471
930 3496
930 3573
930 3924
930 3931
930 4100
930 4169
930 4209
930 4327
930 4342
930 4451
930 4457
930 4459
931 959
931 1017
931 1078
931 1105
931 1110
931 1148
931 1149
931 1176
931 1186
931 1218
931 1233
931 1251
931 1260
931 1268
931 1320
931 1326
931 1351
931 1373
931 1402
931 1406
931 1424
931 1450
931 1454
931 1503
931 1543
931 1550
931 1582
931 1647
931 1648
931 1664
931 1684
931 1740
931 1747
931 1808
931 1814
931 1816
931 1864
931 1871
931 1877
931 1973
931 2049
931 2088
931 2098
931 2104
931 2115
931 2135
931 2178
931 2238
931 2249
931 2285
931 2366
931 2385
931 2420
931 2442
931 2450
931 2476
931 2480
931 2557
931 2594
931 2619
931 2659
931 2699
931 2726
931 2732
931 2735
931 2801
931 2821
931 2948
931 3033
931 3061
931 3067
931 3076
931 3113
931 3129
931 3264
931 3299
931 3343
931 3417
931 3420
931 3464
931 3478
931 3485
931 3515
931 3521
931 3528
931 3586
931 3647
931 3648
931 3715
931 3728
931 3739
931 3767
931 3777
931 3782
931 3784
931 3812
931 3819
931 3878
931 3893
931 3897
931 4113
931 4138
931 4147
931 4153
931 4185
931 4188
931 4193
931 4270
931 4298
931 4313
931 4319
931 4383
931 4389
931 4409
931 4488
932 1159
932 1569
932 2364
932 3113
932 3687
932 3844
933 3653
933 4015
933 4046
934 984
934 1007
934 1303
934 1466
934 1520
934 1607
934 1863
934 1865
934 1868
934 1913
934 1985
934 2013
934 2030
934 2129
934 2506
934 2507
934 2637
934 2674
934 2736
934 2768
934 2789
934 2854
934 2866
934 2971
934 3095
934 3176
934 3326
934 3402
934 3468
934 3476
934 3497
934 3531
934 3596
934 3600
934 3629
934 3633
934 3673
934 3682
934 3745
934 3910
934 3982
934 4120
934 4135
934 4204
934 4227
934 4421
935 2237
935 2791
935 3312
935 3468
935 4026
935 4198
936 943
936 989
936 1379
936 1639
936 1790
936 1934
936 1980
936 2007
936 2120
936 2209
936 2343
936 2382
936 2443
936 2599
936 2626
936 2760
936 2940
936 3016
936 3029
936 3048
936 3110
936 3205
936 3297
936 3409
936 3434
936 3468
936 3732
936 3733
936 3787
936 3876
936 3925
936 4141
936 4171
936 4191
936 4253
936 4315
936 4345
937 1084
937 1117
937 1330
937 1444
937 1557
937 1878
937 2331
937 2694
937 2704
937 2939
937 3093
937 4474
938 947
938 984
938 1007
938 1085
938 1087
938 1131
938 1136
938 1137
938 1303
938 1386
938 1466
938 1594
938 1763
938 1771
938 1857
938 1868
938 1963
938 2013
938 2030
938 2129
938 2198
938 2248
938 2553
938 2611
938 2632
938 2637
938 2682
938 2789
938 2790
938 2802
938 2854
938 2913
938 3015
938 3378
938 3402
938 3468
938 3497
938 3603
938 3629
938 3633
938 3677
938 3747
938 3826
938 3836
938 3910
938 3953
938 4192
938 4214
938 4241
938 4266
938 4405
938 4421
938 4448
939 956
939 970
939 1005
939 1154
939 1206
939 1234
939 1357
939 1368
939 1376
939 1385
939 1446
939 1447
939 1475
939 1535
939 1575
939 1579
939 1628
939 1638
939 1648
939 1712
939 1764
939 1766
939 1866
939 1979
939 1983
939 2037
939 2071
939 2114
939 2130
939 2155
939 2270
939 2430
939 2555
939 2583
939 2592
939 2628
939 2649
939 2689
939 2701
939 2733
939 2744
939 2771
939 2806
939 2830
939 2850
939 2863
939 2954
939 3011
939 3017
939 3020
939 3023
939 3024
939 3034
939 3058
939 3131
939 3170
939 3178
939 3213
939 3234
939 3237
939 3252
939 3404
939 3405
939 3501
939 3519
939 3638
939 3666
939 3697
939 3762
939 3776
939 3875
939 4061
939 4076
939 4134
939 4240
939 4250
939 4272
939 4293
939 4309
939 4326
939 4347
939 4360
939 4377
939 4470
939 4482
940 1023
940 1089
940 1406
940 1422
940 1429
940 1512
940 1807
940 1937
940 2242
940 2366
940 2696
940 2907
940 3113
940 3440
940 3515
940 3521
940 3558
940 3646
940 3665
940 3720
940 3794
940 3866
940 3897
940 3975
940 4202
940 4396
941 979
941 1042
941 1080
941 1104
941 1114
941 1263
941 1309
941 1498
941 1534
941 1539
941 1665
941 1717
941 1723
941 1745
941 1784
941 1831
941 1872
941 1874
941 2025
941 2101
941 2390
941 2436
941 2484
941 2540
941 2650
941 2685
941 2827
941 2997
941 3113
941 3235
941 3285
941 3307
941 3309
941 3336
941 3344
941 3606
941 3849
941 3874
941 3973
941 4029
941 4128
941 4367
942 998
942 1016
942 1033
942 1151
942 1177
942 1284
942 1567
942 1649
942 1695
942 1706
942 1927
942 1930
942 1953
942 1983
942 1992
942 2083
942 2112
942 2153
942 2163
942 2272
942 2289
942 2388
942 2439
942 2440
942 2494
942 2753
942 3035
942 3137
942 3335
942 3460
942 3490
942 3575
942 3774
942 3911
942 3999
942 4005
942 4054
942 4129
942 4399
942 4449
942 4455
942 4472
943 948
943 966
943 989
943 1028
943 1274
943 1308
943 1349
943 1367
943 1379
943 1383
943 1463
943 1790
943 1804
943 1858
943 1911
943 2012
943 2203
943 2204
943 2253
943 2308
943 2315
943 2343
943 2360
943 2383
943 2412
943 2477
943 2538
943 2597
943 2599
943 2624
943 2626
943 2761
943 2769
943 3055
943 3205
943 3297
943 3409
943 3434
943 3468
943 3622
943 3732
943 3733
943 3867
943 3868
943 3873
943 3876
943 3935
943 4002
943 4141
943 4171
943 4315
943 4350
943 4351
943 4467
944 1557
944 1572
944 1986
944 3159
945 1041
945 1557
945 1961
945 2605
945 3886
946 1035
946 1312
946 1324
946 1428
946 1433
946 1548
946 1581
946 1630
946 1719
946 1726
946 1810
946 1823
946 1944
946 2137
946 2261
946 2497
946 2642
946 2739
946 2745
946 2746
946 2831
946 2859
946 2878
946 2947
946 3374
946 3398
946 3498
946 3653
946 4015
946 4110
947 950
947 1087
947 1131
947 1137
947 1387
947 1594
947 1857
947 2198
947 2273
947 2679
947 2682
947 2847
947 2913
947 3468
947 3629
947 3677
947 3836
947 3901
947 3910
947 4266
947 4295
947 4310
947 4400
947 4421
948 1281
948 1621
948 1885
948 3113
948 3340
948 3468
948 3510
948 3559
948 3566
948 3738
948 3803
948 3814
948 3823
948 4251
948 4334
948 4351
948 4359
948 4416
949 1061
949 1370
949 1557
949 2359
949 2425
949 2715
949 2927
949 2989
949 3663
949 3778
949 4143
950 1291
950 1394
950 1853
950 1888
950 2679
950 2847
950 2852
950 2953
950 3208
950 3211
950 3468
950 3682
950 3951
950 4160
950 4192
950 4228
950 4400
951 1050
951 1380
951 1453
951 2058
951 2262
951 2618
951 2974
951 3462
951 3468
951 3525
952 1078
952 1268
952 1454
952 1585
952 1886
952 2298
952 2535
952 2881
952 2948
952 3113
952 3445
952 3461
952 3955
952 4270
952 4312
953 1062
953 1156
953 1209
953 1568
953 2076
953 2539
953 2616
953 3145
953 3222
953 3236
953 3301
953 3342
953 3555
953 4285
953 4445
954 1005
954 1379
954 1425
954 1582
954 1584
954 1684
954 1797
954 1815
954 1871
954 1954
954 2098
954 2115
954 2178
954 2343
954 2592
954 2594
954 2781
954 2804
954 3024
954 3034
954 3038
954 3129
954 3178
954 3321
954 3331
954 3417
954 3487
954 3515
954 3528
954 3728
954 3750
954 3776
954 3878
954 4080
954 4134
954 4139
954 4272
954 4309
954 4312
954 4330
954 4346
954 4389
954 4398
955 961
955 962
955 1004
955 1053
955 1058
955 1067
955 1095
955 1100
955 1179
955 1190
955 1195
955 1230
955 1239
955 1286
955 1300
955 1316
955 1382
955 1403
955 1408
955 1441
955 1472
955 1514
955 1577
955 1584
955 1587
955 1660
955 1671
955 1696
955 1715
955 1802
955 1811
955 1841
955 1882
955 1883
955 1895
955 1916
955 1922
955 1925
955 1983
955 1999
955 2003
955 2029
955 2044
955 2046
955 2206
955 2232
955 2287
955 2290
955 2294
955 2309
955 2356
955 2398
955 2459
955 2473
955 2499
955 2600
955 2672
955 2686
955 2702
955 2733
955 2755
955 2758
955 2776
955 2787
955 2794
955 2822
955 2833
955 2837
955 2856
955 2858
955 2869
955 2899
955 2910
955 2911
955 2918
955 2924
955 3009
955 3038
955 3082
955 3107
955 3112
955 3138
955 3157
955 3162
955 3232
955 3234
955 3246
955 3258
955 3260
955 3365
955 3394
955 3408
955 3474
955 3487
955 3505
955 3564
955 3569
955 3604
955 3611
955 3623
955 3685
955 3695
955 3706
955 3708
955 3718
955 3724
955 3769
955 3777
955 3800
955 3899
955 3970
955 4023
955 4037
955 4058
955 4080
955 4095
955 4145
955 4154
955 4219
955 4234
955 4259
955 4287
955 4317
955 4325
955 4346
955 4398
955 4410
955 4454
955 4461
955 4478
956 1011
956 1091
956 1357
956 1454
956 2114
956 2120
956 2206
956 2341
956 2414
956 2450
956 2501
956 2619
956 2755
956 2794
956 3023
956 3082
956 3430
956 3468
956 3589
956 3622
956 3697
956 3710
956 3724
956 3897
956 3908
956 4154
956 4188
956 4272
956 4410
956 4432
956 4479
957 1548
957 3304
957 3468
957 3683
958 3113
959 962
959 1399
959 1747
959 1764
959 1925
959 1948
959 2115
959 2120
959 2285
959 2343
959 2414
959 2415
959 2592
959 2776
959 2787
959 2794
959 2855
959 2924
959 3011
959 3082
959 3100
959 3129
959 3151
959 3187
959 3331
959 3565
959 3604
959 3615
959 3685
959 3708
959 3750
959 3784
959 3848
959 3899
959 4037
959 4154
959 4236
959 4307
959 4312
959 4454
960 1487
960 1598
960 3000
961 962
961 968
961 980
961 982
961 1009
961 1053
961 1072
961 1092
961 1095
961 1100
961 1125
961 1150
961 1179
961 1190
961 1195
961 1229
961 1230
961 1239
961 1271
961 1286
961 1316
961 1317
961 1354
961 1382
961 1403
961 1408
961 1423
961 1443
961 1472
961 1514
961 1584
961 1601
961 1624
961 1660
961 1678
961 1725
961 1731
961 1798
961 1811
961 1816
961 1830
961 1841
961 1882
961 1883
961 1916
961 1922
961 1925
961 1983
961 1993
961 1999
961 2003
961 2009
961 2029
961 2044
961 2046
961 2065
961 2068
961 2083
961 2113
961 2179
961 2184
961 2194
961 2200
961 2205
961 2206
961 2232
961 2252
961 2259
961 2287
961 2290
961 2300
961 2309
961 2356
961 2381
961 2398
961 2429
961 2459
961 2473
961 2495
961 2499
961 2566
961 2572
961 2600
961 2617
961 2649
961 2658
961 2672
961 2686
961 2702
961 2733
961 2744
961 2755
961 2758
961 2776
961 2787
961 2794
961 2806
961 2810
961 2822
961 2833
961 2837
961 2856
961 2858
961 2899
961 2910
961 2911
961 2918
961 2924
961 2950
961 3038
961 3051
961 3067
961 3082
961 3092
961 3106
961 3107
961 3112
961 3120
961 3135
961 3138
961 3202
961 3209
961 3232
961 3246
961 3258
961 3260
961 3293
961 3295
961 3365
961 3386
961 3408
961 3425
961 3436
961 3444
961 3487
961 3564
961 3569
961 3590
961 3604
961 3611
961 3623
961 3626
961 3685
961 3706
961 3718
961 3723
961 3724
961 3772
961 3828
961 3829
961 3837
961 3899
961 3911
961 3970
961 3987
961 4023
961 4037
961 4058
961 4070
961 4080
961 4095
961 4118
961 4145
961 4146
961 4154
961 4178
961 4219
961 4234
961 4258
961 4259
961 4287
961 4294
961 4325
961 4346
961 4398
961 4410
961 4426
961 4454
961 4461
961 4465
961 4478
962 982
962 1004
962 1053
962 1067
962 1095
962 1100
962 1179
962 1190
962 1218
962 1229
962 1239
962 1286
962 1382
962 1408
962 1443
962 1514
962 1584
962 1587
962 1696
962 1816
962 1830
962 1882
962 1916
962 1922
962 1983
962 1999
962 2003
962 2029
962 2044
962 2046
962 2068
962 2206
962 2232
962 2287
962 2290
962 2309
962 2356
962 2455
962 2459
962 2499
962 2600
962 2658
962 2672
962 2686
962 2733
962 2735
962 2755
962 2758
962 2776
962 2787
962 2794
962 2810
962 2822
962 2833
962 2837
962 2858
962 2910
962 2911
962 2924
962 3038
962 3082
962 3112
962 3138
962 3162
962 3258
962 3293
962 3354
962 3365
962 3408
962 3436
962 3446
962 3474
962 3487
962 3505
962 3569
962 3604
962 3611
962 3685
962 3706
962 3708
962 3724
962 3863
962 4023
962 4058
962 4080
962 4095
962 4115
962 4145
962 4154
962 4287
962 4294
962 4317
962 4346
962 4398
962 4410
962 4454
962 4465
962 4478
963 2027
963 2582
963 3004
963 3468
963 4297
964 1295
964 1356
964 2221
964 3113
964 3342
964 3558
964 3814
964 4132
965 1011
965 1017
965 1183
965 1192
965 1257
965 1298
965 1299
965 1326
965 1404
965 1522
965 1537
965 1550
965 1554
965 1651
965 1775
965 1808
965 1864
965 1871
965 1954
965 2238
965 2285
965 2423
965 2496
965 2594
965 2598
965 2666
965 2678
965 2683
965 2699
965 2726
965 2780
965 2948
965 3113
965 3181
965 3214
965 3273
965 3349
965 3417
965 3520
965 3521
965 3615
965 3715
965 3728
965 3812
965 3815
965 3819
965 3850
965 3857
965 3862
965 3878
965 3893
965 3897
965 3955
965 3975
965 4014
965 4021
965 4056
965 4138
965 4153
965 4185
965 4236
965 4270
965 4290
965 4298
965 4312
965 4383
965 4389
965 4479
966 1367
966 1804
966 1911
966 2012
966 2253
966 2383
966 2454
966 2477
966 2597
966 2624
966 2626
966 3055
966 3468
966 3868
966 3876
966 4103
966 4351
967 1460
967 4015
968 1092
968 1100
968 1195
968 1441
968 1442
968 1472
968 1624
968 1667
968 1882
968 1983
968 2003
968 2068
968 2196
968 2686
968 2702
968 2748
968 2755
968 2758
968 2856
968 2865
968 2899
968 2910
968 2924
968 3082
968 3106
968 3138
968 3209
968 3219
968 3260
968 3395
968 3408
968 3425
968 3685
968 3718
968 3800
968 3855
968 3899
968 3933
968 4023
968 4269
968 4407
968 4454
968 4461
968 4478
969 2216
969 3811
969 4369
970 1179
970 1198
970 1206
970 1357
970 1368
970 1385
970 1399
970 1447
970 1475
970 1511
970 1535
970 1575
970 1579
970 1628
970 1638
970 1655
970 1766
970 1797
970 1801
970 1866
970 1884
970 1977
970 1979
970 1983
970 2037
970 2155
970 2270
970 2501
970 2555
970 2583
970 2592
970 2628
970 2631
970 2648
970 2649
970 2656
970 2830
970 2850
970 3010
970 3011
970 3020
970 3023
970 3024
970 3034
970 3081
970 3131
970 3178
970 3189
970 3213
970 3237
970 3252
970 3321
970 3501
970 3589
970 3638
970 3666
970 3697
970 3742
970 3758
970 3762
970 3848
970 3983
970 4076
970 4250
970 4309
970 4316
970 4326
970 4330
970 4425
970 4432
970 4470
971 1328
971 1406
971 1424
971 1557
971 1651
971 1764
971 1864
971 1916
971 1925
971 1983
971 2071
971 2098
971 2130
971 2249
971 2430
971 2543
971 2600
971 2631
971 2751
971 2758
971 2776
971 2850
971 2940
971 3024
971 3038
971 3076
971 3082
971 3113
971 3213
971 3231
971 3258
971 3290
971 3487
971 3521
971 3611
971 3666
971 3685
971 3750
971 4015
971 4240
971 4270
971 4290
971 4346
971 4377
971 4461
971 4482
972 992
972 1086
972 1245
972 1311
972 1346
972 1486
972 1599
972 1920
972 2089
972 2209
972 2243
972 2421
972 2730
972 2868
972 2912
972 2949
972 3212
972 3296
972 3361
972 3468
972 3594
972 3817
972 3943
972 4083
973 993
973 1201
973 1259
973 1297
973 1383
973 1488
973 1523
973 1669
973 1750
973 1785
973 1845
973 1854
973 1879
973 1889
973 1920
973 1939
973 1980
973 2006
973 2032
973 2054
973 2058
973 2087
973 2120
973 2126
973 2175
973 2234
973 2308
973 2315
973 2349
973 2687
973 2974
973 3055
973 3110
973 3227
973 3230
973 3248
973 3303
973 3361
973 3372
973 3403
973 3426
973 3462
973 3468
973 3525
973 3620
973 3759
973 3773
973 3921
973 4184
973 4225
973 4239
973 4251
973 4256
973 4273
973 4277
973 4322
973 4351
973 4439
973 4467
974 1028
974 1136
974 1137
974 2062
974 2959
974 2971
974 2972
974 3015
974 3468
974 3633
974 3826
974 4405
974 4448
975 1082
975 1234
975 1385
975 1450
975 1806
975 1871
975 1979
975 2047
975 2071
975 2270
975 2309
975 2558
975 2628
975 2747
975 2904
975 3837
975 3897
975 4117
975 4145
975 4272
975 4326
976 3113
976 3526
977 1302
977 2644
977 3733
977 4448
978 1028
978 1094
978 1170
978 1261
978 1361
978 1501
978 1741
978 1752
978 1912
978 1929
978 2063
978 2171
978 2183
978 2341
978 2669
978 2694
978 2804
978 2939
978 2994
978 3007
978 3014
978 3043
978 3280
978 3630
978 3671
978 3853
978 4077
978 4092
978 4378
978 4412
978 4456
979 1104
979 1263
979 2484
979 2997
979 3113
979 3285
979 4409
980 1005
980 1100
980 1179
980 1190
980 1195
980 1292
980 1326
980 1328
980 1351
980 1357
980 1379
980 1399
980 1452
980 1507
980 1543
980 1557
980 1579
980 1584
980 1638
980 1684
980 1758
980 1808
980 1866
980 1871
980 2208
980 2341
980 2422
980 2430
980 2564
980 2622
980 2656
980 2659
980 2699
980 2751
980 2781
980 2787
980 2924
980 3061
980 3252
980 3365
980 3417
980 3519
980 3638
980 3682
980 3685
980 3812
980 3819
980 3961
980 4008
980 4080
980 4145
980 4185
980 4193
980 4240
980 4347
980 4389
980 4425
980 4450
980 4454
980 4459
981 1037
981 1042
981 1070
981 1099
981 1104
981 1221
981 1309
981 1350
981 1393
981 1395
981 1407
981 1434
981 1538
981 1650
981 1665
981 1728
981 1784
981 1839
981 1860
981 1872
981 1907
981 1926
981 2025
981 2099
981 2157
981 2164
981 2211
981 2230
981 2251
981 2281
981 2316
981 2354
981 2378
981 2441
981 2468
981 2520
981 2550
981 2579
981 2634
981 2875
981 2997
981 3101
981 3113
981 3271
981 3282
981 3285
981 3355
981 3443
981 3481
981 3535
981 3553
981 3573
981 3749
981 3770
981 3931
981 4100
981 4379
981 4457
981 4459
982 1004
982 1053
982 1058
982 1067
982 1095
982 1100
982 1179
982 1229
982 1230
982 1286
982 1382
982 1408
982 1443
982 1514
982 1677
982 1916
982 1922
982 1983
982 2044
982 2046
982 2113
982 2206
982 2287
982 2356
982 2398
982 2499
982 2600
982 2658
982 2672
982 2755
982 2758
982 2776
982 2787
982 2794
982 2837
982 2856
982 2858
982 2899
982 2910
982 3082
982 3138
982 3162
982 3258
982 3293
982 3386
982 3487
982 3505
982 3604
982 3685
982 3708
982 3718
982 3724
982 3899
982 4023
982 4037
982 4058
982 4080
982 4154
982 4219
982 4287
982 4294
982 4346
982 4398
982 4410
982 4454
982 4465
982 4478
983 989
983 1247
983 1274
983 1290
983 1308
983 1333
983 1349
983 1379
983 1547
983 1790
983 1911
983 2084
983 2151
983 2188
983 2203
983 2204
983 2332
983 2336
983 2421
983 2443
983 2599
983 2608
983 2641
983 2730
983 2861
983 2940
983 3100
983 3110
983 3186
983 3204
983 3205
983 3231
983 3238
983 3257
983 3297
983 3409
983 3434
983 3447
983 3468
983 3534
983 3612
983 3642
983 3696
983 3732
983 3733
983 3868
983 3954
983 4141
983 4171
983 4211
983 4345
983 4350
983 4393
983 4445
984 1007
984 1085
984 1087
984 1131
984 1136
984 1137
984 1303
984 1325
984 1594
984 1607
984 1763
984 1771
984 1857
984 2013
984 2040
984 2089
984 2198
984 2273
984 2396
984 2637
984 2682
984 2736
984 2802
984 2866
984 2913
984 2981
984 3015
984 3176
984 3270
984 3378
984 3402
984 3468
984 3476
984 3531
984 3537
984 3595
984 3596
984 3600
984 3603
984 3629
984 3633
984 3677
984 3682
984 3836
984 3906
984 3953
984 3982
984 4135
984 4151
984 4166
984 4192
984 4214
984 4421
984 4438
985 1233
985 2195
985 2413
985 3113
985 3157
985 3728
986 1307
986 1339
986 1420
986 1576
986 1712
986 1853
986 1983
986 2352
986 3139
986 3487
986 3632
986 3879
986 3880
986 3884
986 3976
986 4224
986 4338
986 4432
987 2461
987 2955
987 3468
987 3677
987 3821
988 1291
988 1304
988 2679
988 2852
988 3208
988 3454
988 3468
988 3633
988 3682
988 3826
988 3901
988 4098
988 4310
989 1247
989 1274
989 1308
989 1333
989 1379
989 1790
989 2084
989 2151
989 2203
989 2204
989 2332
989 2336
989 2343
989 2419
989 2443
989 2514
989 2538
989 2544
989 2599
989 2608
989 2624
989 2641
989 2730
989 2769
989 2861
989 2940
989 3160
989 3204
989 3205
989 3217
989 3231
989 3238
989 3257
989 3297
989 3325
989 3409
989 3434
989 3451
989 3468
989 3534
989 3612
989 3622
989 3642
989 3732
989 3733
989 3750
989 3867
989 3925
989 3935
989 4141
989 4171
989 4211
989 4282
989 4393
990 1126
990 1210
990 1321
990 1467
990 1597
990 1694
990 1780
990 2090
990 2127
990 2197
990 2266
990 2454
990 2543
990 3320
990 3507
990 3582
990 3655
990 3661
990 4051
990 4156
991 1179
991 1190
991 1229
991 1234
991 1298
991 1351
991 1408
991 1475
991 1535
991 1650
991 1651
991 1747
991 1815
991 1871
991 2003
991 2028
991 2029
991 2123
991 2204
991 2238
991 2241
991 2249
991 2298
991 2356
991 2589
991 2648
991 2669
991 2771
991 2855
991 2940
991 3082
991 3181
991 3187
991 3213
991 3252
991 3258
991 3321
991 3392
991 3406
991 3758
991 3762
991 3897
991 3950
991 3961
991 4008
991 4095
991 4138
991 4188
991 4250
991 4272
991 4316
991 4432
991 4459
991 4479
992 1245
992 2949
992 3068
992 3212
992 3296
992 3468
992 3943
993 1259
993 1488
993 1521
993 1523
993 1750
993 1879
993 1939
993 2032
993 2120
993 2253
993 2349
993 3303
993 3403
993 3426
993 3468
993 3773
993 4225
993 4467
994 1028
994 1361
994 2511
994 3491
994 3763
995 1198
995 1215
995 1221
995 1414
995 1447
995 1628
995 1797
995 1825
995 1956
995 2648
995 2751
995 2830
995 2867
995 3010
995 3091
995 3265
995 3406
995 3666
995 3697
995 3762
995 3875
995 4095
995 4240
995 4272
995 4307
995 4458
996 1431
996 1437
996 1479
996 1484
996 1600
996 1650
996 1972
996 2146
996 2256
996 2318
996 2407
996 2547
996 2562
996 2796
996 2998
996 3025
996 3113
996 3229
996 3363
996 3390
996 3527
996 3536
996 3686
996 4206
996 4226
996 4477
997 1096
997 1159
997 1477
997 1569
997 1641
997 1666
997 1726
997 1832
997 1898
997 1909
997 2045
997 2080
997 2091
997 2580
997 2825
997 3113
997 3126
997 3128
997 3939
997 4075
997 4158
997 4303
997 4355
997 4418
998 1033
998 1151
998 1177
998 1284
998 1567
998 1649
998 1695
998 1706
998 1927
998 1953
998 1983
998 1992
998 2083
998 2112
998 2153
998 2163
998 2168
998 2252
998 2272
998 2289
998 2388
998 2439
998 2440
998 2494
998 2753
998 3077
998 3137
998 3335
998 3460
998 3550
998 3575
998 3774
998 3781
998 3892
998 3911
998 3922
998 3999
998 4005
998 4054
998 4072
998 4129
998 4399
998 4449
998 4455
998 4472
999 3242
999 3952
999 4458
1000 1637
1000 1983
1000 2282
1000 2283
1000 2554
1000 2570
1000 2686
1000 3130
1000 3219
1000 3272
1000 3401
1000 3466
1000 3518
1000 3845
1000 4027
1000 4302
1000 4401
1001 1231
1001 1236
1001 1448
1001 1487
1001 1598
1001 1746
1001 2215
1001 2515
1001 2651
1001 2707
1001 2921
1001 2944
1001 2988
1001 4025
1001 4466
1002 1471
1002 3468
1003 1200
1003 1213
1003 1728
1003 2138
1003 2644
1003 2984
1003 3113
1003 3167
1003 3250
1003 3370
1003 3389
1003 3523
1003 3698
1003 3894
1003 4081
1003 4411
1004 1067
1004 1095
1004 1100
1004 1190
1004 1195
1004 1229
1004 1239
1004 1382
1004 1385
1004 1408
1004 1514
1004 1830
1004 1950
1004 1983
1004 1993
1004 2038
1004 2044
1004 2046
1004 2196
1004 2206
1004 2287
1004 2309
1004 2356
1004 2372
1004 2398
1004 2459
1004 2600
1004 2672
1004 2755
1004 2758
1004 2787
1004 2794
1004 2899
1004 2910
1004 3107
1004 3135
1004 3260
1004 3293
1004 3365
1004 3408
1004 3564
1004 3604
1004 3611
1004 3685
1004 3708
1004 3724
1004 3845
1004 4080
1004 4145
1004 4167
1004 4178
1004 4294
1004 4346
1004 4398
1004 4454
1004 4461
1004 4478
1005 1058
1005 1148
1005 1154
1005 1179
1005 1184
1005 1198
1005 1206
1005 1243
1005 1249
1005 1273
1005 1300
1005 1357
1005 1359
1005 1368
1005 1376
1005 1385
1005 1399
1005 1409
1005 1414
1005 1425
1005 1446
1005 1447
1005 1452
1005 1475
1005 1496
1005 1511
1005 1575
1005 1628
1005 1638
1005 1655
1005 1682
1005 1685
1005 1712
1005 1737
1005 1766
1005 1791
1005 1801
1005 1816
1005 1826
1005 1866
1005 1884
1005 1948
1005 1977
1005 1979
1005 1983
1005 2028
1005 2037
1005 2044
1005 2071
1005 2130
1005 2241
1005 2270
1005 2334
1005 2357
1005 2391
1005 2404
1005 2430
1005 2433
1005 2453
1005 2555
1005 2565
1005 2572
1005 2583
1005 2589
1005 2592
1005 2614
1005 2628
1005 2631
1005 2649
1005 2656
1005 2751
1005 2781
1005 2830
1005 2863
1005 2919
1005 2954
1005 3010
1005 3011
1005 3017
1005 3020
1005 3023
1005 3024
1005 3034
1005 3058
1005 3082
1005 3107
1005 3131
1005 3171
1005 3178
1005 3189
1005 3194
1005 3195
1005 3213
1005 3237
1005 3265
1005 3290
1005 3321
1005 3331
1005 3385
1005 3404
1005 3405
1005 3406
1005 3436
1005 3446
1005 3501
1005 3541
1005 3565
1005 3638
1005 3654
1005 3666
1005 3678
1005 3697
1005 3742
1005 3758
1005 3762
1005 3776
1005 3837
1005 3848
1005 3875
1005 3889
1005 3908
1005 3950
1005 4076
1005 4090
1005 4124
1005 4134
1005 4139
1005 4157
1005 4181
1005 4240
1005 4242
1005 4250
1005 4272
1005 4307
1005 4309
1005 4316
1005 4326
1005 4330
1005 4331
1005 4347
1005 4360
1005 4377
1005 4410
1005 4425
1005 4431
1005 4432
1005 4434
1005 4450
1005 4470
1005 4482
1006 1078
1006 1149
1006 1211
1006 1244
1006 1484
1006 2095
1006 2392
1006 2564
1006 2698
1006 2727
1006 2846
1006 2948
1006 3113
1006 3129
1006 3187
1006 3432
1006 3708
1006 3842
1006 4194
1006 4262
1006 4469
1006 4486
1007 1054
1007 1085
1007 1087
1007 1131
1007 1136
1007 1137
1007 1193
1007 1223
1007 1294
1007 1303
1007 1325
1007 1332
1007 1386
1007 1466
1007 1520
1007 1524
1007 1594
1007 1607
1007 1771
1007 1857
1007 1865
1007 1868
1007 1934
1007 1963
1007 2013
1007 2062
1007 2129
1007 2134
1007 2198
1007 2248
1007 2273
1007 2396
1007 2507
1007 2553
1007 2637
1007 2674
1007 2682
1007 2708
1007 2789
1007 2802
1007 2866
1007 2913
1007 3015
1007 3176
1007 3317
1007 3378
1007 3402
1007 3468
1007 3531
1007 3593
1007 3603
1007 3629
1007 3633
1007 3677
1007 3682
1007 3714
1007 3745
1007 3826
1007 3836
1007 3906
1007 3910
1007 3982
1007 4135
1007 4151
1007 4166
1007 4192
1007 4227
1007 4241
1007 4266
1007 4268
1007 4310
1007 4405
1007 4421
1007 4448
1008 1431
1008 1579
1008 1668
1008 1726
1008 2259
1008 2702
1008 2739
1008 3049
1008 4172
1009 1195
1009 1271
1009 1408
1009 1423
1009 1601
1009 1624
1009 1731
1009 1830
1009 1925
1009 1983
1009 1993
1009 2046
1009 2068
1009 2184
1009 2278
1009 2358
1009 2429
1009 2495
1009 2566
1009 2617
1009 2702
1009 2787
1009 2810
1009 3038
1009 3488
1009 3569
1009 3685
1009 3696
1009 4058
1009 4145
1009 4258
1010 1073
1010 1108
1010 1188
1010 1315
1010 1334
1010 1468
1010 1482
1010 1744
1010 1767
1010 1964
1010 2197
1010 2250
1010 2266
1010 2426
1010 2463
1010 2527
1010 2543
1010 2770
1010 2835
1010 3021
1010 3320
1010 3494
1010 3639
1010 3661
1010 3938
1010 4007
1010 4019
1010 4091
1010 4093
1010 4136
1011 1064
1011 1149
1011 1152
1011 1178
1011 1185
1011 1192
1011 1251
1011 1257
1011 1298
1011 1299
1011 1326
1011 1351
1011 1373
1011 1404
1011 1424
1011 1450
1011 1480
1011 1485
1011 1537
1011 1543
1011 1582
1011 1648
1011 1682
1011 1684
1011 1702
1011 1718
1011 1747
1011 1758
1011 1775
1011 1815
1011 1864
1011 1871
1011 1954
1011 1973
1011 2098
1011 2178
1011 2205
1011 2227
1011 2238
1011 2392
1011 2414
1011 2415
1011 2420
1011 2423
1011 2496
1011 2594
1011 2598
1011 2622
1011 2652
1011 2701
1011 2805
1011 2909
1011 3061
1011 3111
1011 3113
1011 3129
1011 3170
1011 3185
1011 3187
1011 3214
1011 3273
1011 3327
1011 3349
1011 3417
1011 3478
1011 3710
1011 3715
1011 3728
1011 3737
1011 3767
1011 3784
1011 3815
1011 3850
1011 3857
1011 3893
1011 3897
1011 3955
1011 3987
1011 3998
1011 4040
1011 4042
1011 4070
1011 4090
1011 4153
1011 4202
1011 4236
1011 4262
1011 4270
1011 4290
1011 4292
1011 4298
1011 4312
1011 4313
1011 4317
1011 4370
1011 4389
1011 4422
1011 4479
1011 4486
1012 1084
1012 1137
1012 1361
1012 1373
1012 1424
1012 1450
1012 1511
1012 1543
1012 1684
1012 1737
1012 1771
1012 1786
1012 1866
1012 2032
1012 2115
1012 2155
1012 2166
1012 2171
1012 2204
1012 2356
1012 2398
1012 2501
1012 2583
1012 2592
1012 2598
1012 2600
1012 2622
1012 2628
1012 2666
1012 2726
1012 2755
1012 2802
1012 2867
1012 3131
1012 3258
1012 3265
1012 3290
1012 3478
1012 3501
1012 3519
1012 3611
1012 3615
1012 3622
1012 3638
1012 3685
1012 3697
1012 3706
1012 3742
1012 3758
1012 3784
1012 3848
1012 3897
1012 3983
1012 4008
1012 4145
1012 4185
1012 4219
1012 4242
1012 4272
1012 4309
1012 4313
1012 4330
1012 4398
1012 4486
1013 1301
1013 1776
1013 2051
1013 2695
1013 2711
1013 3468
1014 1983
1014 2488
1014 2772
1014 2999
1014 3060
1014 3174
1014 3903
1014 4009
1015 2303
1015 2350
1015 2831
1016 1440
1016 1441
1016 1567
1016 1850
1016 1951
1016 1968
1016 1992
1016 2083
1016 2112
1016 2163
1016 2168
1016 2182
1016 2272
1016 2353
1016 2440
1016 2494
1016 2529
1016 2581
1016 2684
1016 2700
1016 3237
1016 3336
1016 3468
1016 3490
1016 3575
1016 3774
1016 3892
1016 4129
1016 4449
1016 4472
1017 1078
1017 1081
1017 1091
1017 1152
1017 1176
1017 1183
1017 1186
1017 1192
1017 1233
1017 1251
1017 1299
1017 1351
1017 1373
1017 1402
1017 1406
1017 1424
1017 1450
1017 1507
1017 1543
1017 1550
1017 1554
1017 1582
1017 1651
1017 1696
1017 1730
1017 1747
1017 1751
1017 1758
1017 1786
1017 1808
1017 1815
1017 1869
1017 1871
1017 2095
1017 2115
1017 2178
1017 2182
1017 2249
1017 2285
1017 2366
1017 2385
1017 2392
1017 2420
1017 2422
1017 2450
1017 2535
1017 2564
1017 2594
1017 2598
1017 2619
1017 2652
1017 2659
1017 2666
1017 2699
1017 2726
1017 2732
1017 2801
1017 2813
1017 2855
1017 3033
1017 3061
1017 3076
1017 3111
1017 3113
1017 3129
1017 3132
1017 3175
1017 3181
1017 3191
1017 3299
1017 3311
1017 3369
1017 3392
1017 3417
1017 3430
1017 3446
1017 3452
1017 3464
1017 3478
1017 3515
1017 3528
1017 3615
1017 3647
1017 3672
1017 3710
1017 3715
1017 3728
1017 3737
1017 3767
1017 3777
1017 3782
1017 3784
1017 3812
1017 3862
1017 3878
1017 3897
1017 3961
1017 4008
1017 4021
1017 4040
1017 4042
1017 4052
1017 4090
1017 4138
1017 4142
1017 4147
1017 4153
1017 4174
1017 4185
1017 4194
1017 4236
1017 4270
1017 4290
1017 4298
1017 4319
1017 4341
1017 4352
1017 4374
1017 4383
1017 4389
1017 4422
1017 4486
1017 4488
1018 1044
1018 1222
1018 1552
1018 1598
1018 1760
1018 1918
1018 2339
1018 2668
1018 3158
1018 3308
1018 3500
1018 3793
1018 4420
1019 4015
1020 1915
1020 2277
1020 2402
1020 2568
1020 2963
1020 3134
1020 3199
1020 3811
1020 4386
1021 1847
1021 2169
1021 2340
1021 2358
1021 2480
1021 2528
1021 2658
1021 2847
1021 2859
1021 2942
1021 2973
1021 3178
1021 3221
1021 3776
1021 3906
1021 4010
1021 4041
1021 4201
1022 1037
1022 1099
1022 1221
1022 1263
1022 1377
1022 1395
1022 1432
1022 1434
1022 1650
1022 1839
1022 1860
1022 1896
1022 1907
1022 1926
1022 2042
1022 2093
1022 2281
1022 2316
1022 2354
1022 2378
1022 2380
1022 2441
1022 2468
1022 2487
1022 2520
1022 2550
1022 2804
1022 3113
1022 3271
1022 3282
1022 3351
1022 3443
1022 3471
1022 3573
1022 3924
1022 3931
1022 4100
1022 4104
1022 4169
1022 4209
1022 4327
1022 4342
1022 4381
1022 4451
1022 4457
1022 4459
1023 1135
1023 1800
1023 2489
1023 2976
1023 3113
1023 3491
1023 3814
1023 4068
1024 1231
1024 1242
1024 1412
1024 1598
1024 2258
1024 2399
1024 2502
1024 2575
1024 2654
1024 2952
1024 2985
1024 3180
1025 1242
1025 1412
1025 1436
1025 1551
1025 1659
1025 1675
1025 2014
1025 2038
1025 2399
1025 2575
1025 2931
1025 2952
1025 2973
1025 3127
1025 3679
1025 3793
1025 4102
1025 4123
1025 4247
1025 4485
1026 1855
1026 1887
1026 1969
1026 2094
1026 2181
1026 2724
1026 2947
1026 3216
1026 3574
1026 4000
1026 4015
1027 1059
1027 1210
1027 1894
1027 2117
1027 2543
1027 2986
1027 3461
1027 3917
1028 1094
1028 1170
1028 1340
1028 1830
1028 1842
1028 2005
1028 2063
1028 2183
1028 2219
1028 2222
1028 2231
1028 2341
1028 2549
1028 2669
1028 2942
1028 2957
1028 3007
1028 3014
1028 3113
1028 3280
1028 3383
1028 3630
1028 3671
1028 3808
1028 3903
1028 4039
1028 4066
1028 4077
1028 4279
1028 4362
1028 4378
1028 4412
1028 4456
1029 1253
1029 1361
1029 1678
1029 1783
1029 1813
1029 1843
1029 2511
1029 2978
1029 3074
1029 3314
1029 3915
1029 4030
1029 4336
1030 1145
1030 1214
1030 1604
1030 1870
1030 1893
1030 2231
1030 2410
1030 3266
1030 3448
1030 4015
1031 2220
1031 4015
1032 2640
1032 3445
1032 3557
1033 1151
1033 1177
1033 1284
1033 1518
1033 1567
1033 1649
1033 1695
1033 1706
1033 1927
1033 1983
1033 1992
1033 2112
1033 2163
1033 2252
1033 2272
1033 2439
1033 2440
1033 2494
1033 2753
1033 3035
1033 3077
1033 3137
1033 3335
1033 3460
1033 3774
1033 3922
1033 3999
1033 4005
1033 4054
1033 4072
1033 4129
1033 4170
1033 4399
1033 4455
1033 4472
1034 1173
1034 1231
1034 1236
1034 1288
1034 1378
1034 1438
1034 1487
1034 1565
1034 1588
1034 1598
1034 1760
1034 1904
1034 1918
1034 1941
1034 2018
1034 2024
1034 2057
1034 2059
1034 2131
1034 2170
1034 2215
1034 2323
1034 2339
1034 2437
1034 2452
1034 2500
1034 2512
1034 2515
1034 2575
1034 2585
1034 2829
1034 2921
1034 2942
1034 3000
1034 3026
1034 3158
1034 3188
1034 3193
1034 3233
1034 3239
1034 3308
1034 3364
1034 3427
1034 3441
1034 3538
1034 3734
1034 3832
1034 3952
1034 4252
1035 1169
1035 1581
1035 1851
1035 1958
1035 2137
1035 2523
1035 2642
1035 2859
1035 3374
1035 3741
1035 3796
1035 4015
1036 1138
1036 1174
1036 1652
1036 1747
1036 2519
1036 3113
1036 3114
1036 3154
1036 3367
1036 4212
1037 1070
1037 1099
1037 1221
1037 1263
1037 1377
1037 1417
1037 1432
1037 1434
1037 1480
1037 1650
1037 1839
1037 1860
1037 1907
1037 1926
1037 2093
1037 2164
1037 2230
1037 2281
1037 2316
1037 2354
1037 2378
1037 2380
1037 2441
1037 2468
1037 2487
1037 2520
1037 2685
1037 2804
1037 2808
1037 2860
1037 3113
1037 3214
1037 3271
1037 3351
1037 3355
1037 3443
1037 3471
1037 3573
1037 3767
1037 3770
1037 3924
1037 3931
1037 4100
1037 4169
1037 4289
1037 4327
1037 4342
1037 4381
1037 4451
1037 4457
1037 4459
1038 1059
1038 1073
1038 1126
1038 1264
1038 1270
1038 1321
1038 1467
1038 1468
1038 1570
1038 1595
1038 1597
1038 1818
1038 1837
1038 1964
1038 2250
1038 2312
1038 2377
1038 2543
1038 2695
1038 2835
1038 3184
1038 3314
1038 3407
1038 3494
1038 3507
1038 3818
1038 4051
1038 4091
1039 1306
1039 1757
1039 1794
1039 2940
1039 3468
1039 4014
1039 4097
1040 1098
1040 1804
1040 1990
1040 2001
1040 2106
1040 2188
1040 2514
1040 3468
1040 3919
1040 4026
1041 1557
1042 1104
1042 1263
1042 1309
1042 1393
1042 1498
1042 1504
1042 1536
1042 1539
1042 1627
1042 1665
1042 1784
1042 1831
1042 1872
1042 1874
1042 1926
1042 2025
1042 2101
1042 2121
1042 2390
1042 2484
1042 2533
1042 2579
1042 2634
1042 2676
1042 2875
1042 2997
1042 3113
1042 3157
1042 3235
1042 3285
1042 3307
1042 3598
1042 3691
1042 3749
1042 3849
1042 3973
1042 4119
1042 4387
1043 1304
1043 1394
1043 2506
1043 2752
1043 2852
1043 2902
1043 2981
1043 3208
1043 3468
1043 3682
1043 3901
1043 4098
1043 4228
1043 4310
1044 1116
1044 1231
1044 1237
1044 1487
1044 1588
1044 1636
1044 1760
1044 2018
1044 2215
1044 2339
1044 2651
1044 2921
1044 3000
1044 3308
1044 3412
1044 3422
1044 3500
1044 3793
1044 4168
1044 4466
1045 1100
1045 1179
1045 1206
1045 1234
1045 1251
1045 1327
1045 1406
1045 1424
1045 1543
1045 1737
1045 1764
1045 1766
1045 1948
1045 1983
1045 2088
1045 2149
1045 2155
1045 2166
1045 2334
1045 2398
1045 2594
1045 2751
1045 3107
1045 3113
1045 3129
1045 3187
1045 3237
1045 3365
1045 3405
1045 3478
1045 3565
1045 3682
1045 3706
1045 3767
1045 3893
1045 3897
1045 3950
1045 4023
1045 4486
1046 1306
1046 1757
1046 1794
1046 1900
1046 2035
1046 2190
1046 3040
1046 3468
1046 4014
1046 4097
1046 4253
1046 4358
1046 4436
1047 1350
1047 1419
1047 1650
1047 1829
1047 2225
1047 2313
1047 2330
1047 2609
1047 2836
1047 2848
1047 2860
1047 2879
1047 2984
1047 3041
1047 3113
1047 3250
1047 3435
1047 3450
1047 3483
1047 3526
1047 3588
1047 3670
1047 3870
1047 3872
1047 3894
1047 3967
1047 3988
1047 4084
1047 4244
1047 4339
1047 4460
1048 1317
1048 1408
1048 1983
1048 2046
1048 2297
1048 2309
1048 2459
1048 3800
1048 4145
1049 1774
1049 2220
1049 2832
1049 3044
1049 4015
1049 4029
1049 4452
1050 1203
1050 1380
1050 1453
1050 1523
1050 1622
1050 1834
1050 2262
1050 2412
1050 2618
1050 2761
1050 3212
1050 3426
1050 3462
1050 3468
1050 4361
1051 1061
1051 1235
1051 1261
1051 1340
1051 1366
1051 1557
1051 2185
1051 2331
1051 2767
1051 2823
1051 2957
1051 3093
1051 3334
1051 3459
1051 3533
1051 3561
1051 4077
1051 4195
1051 4299
1051 4435
1051 4474
1052 1891
1052 1986
1052 2486
1052 2509
1052 2543
1052 3219
1052 3582
1053 1067
1053 1092
1053 1095
1053 1100
1053 1179
1053 1195
1053 1229
1053 1286
1053 1316
1053 1382
1053 1408
1053 1443
1053 1514
1053 1546
1053 1584
1053 1660
1053 1677
1053 1798
1053 1811
1053 1916
1053 1983
1053 2003
1053 2029
1053 2046
1053 2196
1053 2206
1053 2232
1053 2287
1053 2356
1053 2372
1053 2398
1053 2499
1053 2511
1053 2600
1053 2658
1053 2755
1053 2758
1053 2776
1053 2787
1053 2794
1053 2822
1053 2833
1053 2837
1053 2856
1053 2858
1053 2899
1053 2910
1053 2918
1053 2924
1053 3107
1053 3112
1053 3138
1053 3162
1053 3237
1053 3258
1053 3272
1053 3293
1053 3386
1053 3708
1053 3724
1053 3899
1053 4023
1053 4058
1053 4080
1053 4145
1053 4154
1053 4234
1053 4259
1053 4287
1053 4294
1053 4346
1053 4398
1053 4445
1053 4454
1053 4465
1053 4478
1054 1137
1054 1223
1054 1294
1054 1303
1054 1341
1054 1449
1054 1466
1054 1709
1054 1771
1054 1868
1054 1970
1054 2129
1054 2134
1054 2273
1054 2291
1054 2394
1054 2582
1054 2632
1054 2736
1054 2789
1054 2802
1054 2847
1054 2981
1054 3095
1054 3103
1054 3244
1054 3402
1054 3468
1054 3497
1054 3593
1054 3633
1054 3677
1054 3826
1054 3937
1054 4151
1054 4214
1054 4227
1054 4268
1054 4421
1054 4448
1054 4476
1055 1557
1055 1929
1055 2341
1055 2384
1056 1456
1056 1557
1056 1833
1056 1924
1056 2177
1056 2341
1056 2384
1056 2718
1056 2823
1056 2957
1056 3150
1056 3259
1056 3352
1056 3568
1056 3700
1056 4333
1057 1115
1057 1282
1057 1626
1057 1876
1057 1965
1057 2011
1057 2237
1057 2543
1057 2647
1057 2655
1057 2936
1057 3021
1057 3676
1057 3938
1057 3992
1057 4288
1058 1095
1058 1100
1058 1153
1058 1154
1058 1179
1058 1190
1058 1195
1058 1198
1058 1249
1058 1273
1058 1286
1058 1300
1058 1357
1058 1359
1058 1368
1058 1376
1058 1399
1058 1403
1058 1425
1058 1446
1058 1447
1058 1475
1058 1496
1058 1511
1058 1535
1058 1575
1058 1579
1058 1584
1058 1628
1058 1638
1058 1655
1058 1671
1058 1685
1058 1686
1058 1712
1058 1715
1058 1737
1058 1748
1058 1766
1058 1802
1058 1866
1058 1884
1058 1956
1058 1977
1058 1979
1058 1983
1058 1999
1058 2028
1058 2037
1058 2071
1058 2114
1058 2130
1058 2155
1058 2166
1058 2241
1058 2270
1058 2287
1058 2294
1058 2300
1058 2430
1058 2455
1058 2473
1058 2555
1058 2583
1058 2592
1058 2628
1058 2631
1058 2648
1058 2649
1058 2665
1058 2686
1058 2729
1058 2735
1058 2751
1058 2771
1058 2776
1058 2830
1058 2838
1058 2858
1058 2863
1058 2867
1058 2920
1058 2950
1058 3010
1058 3017
1058 3024
1058 3038
1058 3058
1058 3082
1058 3106
1058 3107
1058 3123
1058 3131
1058 3189
1058 3194
1058 3195
1058 3237
1058 3252
1058 3265
1058 3328
1058 3331
1058 3365
1058 3369
1058 3404
1058 3405
1058 3406
1058 3413
1058 3487
1058 3501
1058 3541
1058 3565
1058 3569
1058 3583
1058 3589
1058 3611
1058 3638
1058 3654
1058 3678
1058 3697
1058 3742
1058 3758
1058 3762
1058 3769
1058 3791
1058 3837
1058 3847
1058 3848
1058 3875
1058 3908
1058 3950
1058 4023
1058 4058
1058 4061
1058 4076
1058 4090
1058 4095
1058 4145
1058 4181
1058 4234
1058 4240
1058 4250
1058 4260
1058 4272
1058 4307
1058 4309
1058 4316
1058 4326
1058 4331
1058 4347
1058 4360
1058 4377
1058 4422
1058 4432
1059 1106
1059 1210
1059 1230
1059 1482
1059 1605
1059 1684
1059 1818
1059 2016
1059 2090
1059 2250
1059 2312
1059 2509
1059 2527
1059 2715
1059 2880
1059 2933
1059 3100
1059 3347
1059 3431
1059 3507
1059 3509
1059 3630
1059 3639
1059 3664
1059 3754
1059 3861
1059 3939
1059 3984
1059 4156
1059 4229
1059 4447
1060 1110
1060 1131
1060 1229
1060 1249
1060 1263
1060 1299
1060 1361
1060 1376
1060 1575
1060 1628
1060 1747
1060 1786
1060 1791
1060 1979
1060 1983
1060 2003
1060 2032
1060 2171
1060 2182
1060 2249
1060 2270
1060 2287
1060 2501
1060 2649
1060 2656
1060 2699
1060 2751
1060 2787
1060 2804
1060 2821
1060 2833
1060 2837
1060 2863
1060 2924
1060 3011
1060 3020
1060 3024
1060 3082
1060 3113
1060 3129
1060 3138
1060 3178
1060 3213
1060 3237
1060 3260
1060 3275
1060 3611
1060 3615
1060 3706
1060 3715
1060 3724
1060 3776
1060 3782
1060 3784
1060 3910
1060 4015
1060 4147
1060 4236
1060 4425
1060 4461
1061 1094
1061 1117
1061 1181
1061 1228
1061 1444
1061 1557
1061 1929
1061 2005
1061 2027
1061 2208
1061 2329
1061 2341
1061 2447
1061 2470
1061 2474
1061 2820
1061 2917
1061 2927
1061 2957
1061 2994
1061 3007
1061 3014
1061 3043
1061 3157
1061 3241
1061 3280
1061 3502
1061 3853
1061 4029
1061 4039
1061 4143
1061 4195
1061 4279
1061 4435
1061 4474
1062 1636
1062 2539
1062 3140
1062 3236
1062 3301
1062 3342
1062 3546
1062 3555
1062 4285
1062 4445
1063 1828
1063 1943
1063 2021
1063 2075
1063 2472
1063 3716
1063 3926
1063 4015
1064 1078
1064 1091
1064 1110
1064 1129
1064 1152
1064 1192
1064 1226
1064 1268
1064 1292
1064 1298
1064 1362
1064 1405
1064 1450
1064 1485
1064 1582
1064 1702
1064 1814
1064 1877
1064 1954
1064 1973
1064 2015
1064 2098
1064 2104
1064 2115
1064 2135
1064 2178
1064 2227
1064 2249
1064 2298
1064 2387
1064 2415
1064 2422
1064 2480
1064 2496
1064 2594
1064 2805
1064 3033
1064 3061
1064 3113
1064 3129
1064 3151
1064 3185
1064 3187
1064 3299
1064 3417
1064 3432
1064 3478
1064 3485
1064 3520
1064 3562
1064 3615
1064 3728
1064 3860
1064 3893
1064 3961
1064 3977
1064 3998
1064 4008
1064 4153
1064 4193
1064 4270
1064 4290
1064 4313
1064 4319
1064 4341
1064 4370
1064 4374
1064 4383
1064 4479
1065 4285
1066 1113
1066 1889
1066 2410
1066 2775
1066 3254
1066 3502
1066 4232
1067 1095
1067 1100
1067 1151
1067 1179
1067 1195
1067 1229
1067 1286
1067 1316
1067 1382
1067 1408
1067 1443
1067 1472
1067 1506
1067 1514
1067 1820
1067 1922
1067 1951
1067 1983
1067 2003
1067 2044
1067 2046
1067 2112
1067 2196
1067 2206
1067 2252
1067 2287
1067 2356
1067 2398
1067 2439
1067 2440
1067 2494
1067 2577
1067 2658
1067 2755
1067 2758
1067 2787
1067 2794
1067 2833
1067 2837
1067 2858
1067 2899
1067 2910
1067 3077
1067 3138
1067 3162
1067 3293
1067 3569
1067 3685
1067 3708
1067 3724
1067 4005
1067 4058
1067 4072
1067 4080
1067 4154
1067 4170
1067 4287
1067 4346
1067 4398
1067 4410
1067 4440
1067 4454
1067 4461
1067 4478
1068 1336
1068 1578
1068 1623
1068 2019
1068 2210
1068 2225
1068 2848
1068 2951
1068 3001
1068 3052
1068 3091
1068 3113
1068 3523
1068 3870
1068 3894
1068 4062
1068 4064
1068 4111
1068 4411
1068 4484
1069 1198
1069 1234
1069 1268
1069 1286
1069 1292
1069 1299
1069 1328
1069 1368
1069 1424
1069 1446
1069 1450
1069 1535
1069 1543
1069 1579
1069 1712
1069 1751
1069 1797
1069 1815
1069 1866
1069 2032
1069 2088
1069 2149
1069 2166
1069 2238
1069 2298
1069 2356
1069 2357
1069 2420
1069 2592
1069 2600
1069 2726
1069 2804
1069 3100
1069 3113
1069 3123
1069 3417
1069 3501
1069 3515
1069 3520
1069 3528
1069 3638
1069 3685
1069 3742
1069 3767
1069 3782
1069 4023
1069 4058
1069 4192
1069 4236
1069 4242
1069 4312
1069 4316
1069 4330
1069 4410
1069 4465
1070 1124
1070 1171
1070 1395
1070 1407
1070 1538
1070 1571
1070 1728
1070 1754
1070 1788
1070 1839
1070 2086
1070 2099
1070 2157
1070 2164
1070 2211
1070 2274
1070 2285
1070 2325
1070 2367
1070 2378
1070 2416
1070 2468
1070 2545
1070 2550
1070 2633
1070 2664
1070 2685
1070 2728
1070 2804
1070 2893
1070 2896
1070 2943
1070 3101
1070 3113
1070 3168
1070 3351
1070 3355
1070 3388
1070 3504
1070 3553
1070 3581
1070 3770
1070 4055
1070 4100
1070 4109
1070 4114
1070 4196
1070 4289
1070 4379
1070 4404
1070 4444
1070 4459
1071 1186
1071 1233
1071 1260
1071 1503
1071 1705
1071 1732
1071 1821
1071 2301
1071 2813
1071 2911
1071 3033
1071 3113
1071 3647
1072 1354
1072 1713
1072 1983
1072 2112
1072 2910
1072 3232
1072 3295
1072 3626
1072 3828
1072 3829
1072 3899
1072 4191
1072 4294
1072 4465
1073 1108
1073 1270
1073 1334
1073 1468
1073 1482
1073 1595
1073 1744
1073 1767
1073 1964
1073 2250
1073 2312
1073 2377
1073 2389
1073 2463
1073 2527
1073 2543
1073 2835
1073 3407
1073 3494
1073 3818
1073 3938
1073 4091
1073 4413
1073 4445
1074 1397
1074 1923
1074 2228
1074 2475
1074 3470
1074 3827
1074 4424
1075 1076
1075 1330
1075 1361
1075 1557
1075 1558
1076 1233
1076 1428
1076 1497
1076 1572
1076 1752
1076 1872
1076 2341
1076 2369
1076 2656
1076 2700
1076 3159
1076 3359
1076 3610
1076 3954
1076 3983
1076 4019
1077 1169
1077 1531
1077 4015
1078 1105
1078 1110
1078 1152
1078 1186
1078 1268
1078 1292
1078 1351
1078 1362
1078 1406
1078 1422
1078 1450
1078 1507
1078 1543
1078 1672
1078 1696
1078 1747
1078 1841
1078 2049
1078 2104
1078 2115
1078 2123
1078 2135
1078 2182
1078 2227
1078 2238
1078 2249
1078 2298
1078 2366
1078 2385
1078 2422
1078 2423
1078 2450
1078 2455
1078 2535
1078 2564
1078 2622
1078 2652
1078 2659
1078 2699
1078 2701
1078 2727
1078 2740
1078 2801
1078 2805
1078 2813
1078 2834
1078 2880
1078 2992
1078 3033
1078 3076
1078 3084
1078 3111
1078 3113
1078 3132
1078 3181
1078 3185
1078 3196
1078 3299
1078 3356
1078 3357
1078 3432
1078 3446
1078 3464
1078 3521
1078 3528
1078 3728
1078 3737
1078 3767
1078 3784
1078 3842
1078 3863
1078 3897
1078 4008
1078 4020
1078 4021
1078 4153
1078 4194
1078 4262
1078 4270
1078 4292
1078 4389
1078 4486
1079 1531
1079 1668
1079 1935
1079 1958
1079 2966
1079 3571
1079 4015
1079 4305
1080 1104
1080 1263
1080 1309
1080 1377
1080 1393
1080 1627
1080 1717
1080 1723
1080 1784
1080 1831
1080 1872
1080 2025
1080 2101
1080 2351
1080 2390
1080 2540
1080 2650
1080 2684
1080 2685
1080 3063
1080 3113
1080 3235
1080 3285
1080 3309
1080 3344
1080 3424
1080 3471
1080 3481
1080 3598
1080 3691
1080 3749
1080 3874
1080 4367
1081 1095
1081 1179
1081 1198
1081 1206
1081 1229
1081 1239
1081 1328
1081 1399
1081 1447
1081 1452
1081 1543
1081 1748
1081 1808
1081 1871
1081 1925
1081 1983
1081 2628
1081 2652
1081 2659
1081 2794
1081 2804
1081 2830
1081 3020
1081 3113
1081 3187
1081 3589
1081 3611
1081 3685
1081 3697
1081 3742
1081 4134
1081 4139
1081 4242
1081 4272
1081 4316
1082 1385
1082 1399
1082 1450
1082 1806
1082 1871
1082 1979
1082 2047
1082 2071
1082 2270
1082 2309
1082 2558
1082 2628
1082 2747
1082 2904
1082 3541
1082 3615
1082 3837
1082 3897
1082 4117
1082 4250
1082 4326
1083 1120
1083 1203
1083 1622
1083 1639
1083 1928
1083 1933
1083 2126
1083 2548
1083 3048
1083 3133
1083 3204
1083 3215
1083 3316
1083 3468
1083 3780
1083 4089
1083 4159
1083 4462
1084 1088
1084 1117
1084 1129
1084 1148
1084 1260
1084 1261
1084 1398
1084 1426
1084 1444
1084 1470
1084 1503
1084 1509
1084 1557
1084 1566
1084 1590
1084 1616
1084 1729
1084 1738
1084 1743
1084 1752
1084 1770
1084 1829
1084 1873
1084 1878
1084 2005
1084 2056
1084 2063
1084 2065
1084 2086
1084 2092
1084 2123
1084 2171
1084 2183
1084 2185
1084 2208
1084 2222
1084 2233
1084 2284
1084 2285
1084 2302
1084 2331
1084 2447
1084 2470
1084 2525
1084 2537
1084 2664
1084 2669
1084 2728
1084 2767
1084 2788
1084 2804
1084 2869
1084 2934
1084 2939
1084 2943
1084 2957
1084 2990
1084 3008
1084 3014
1084 3053
1084 3076
1084 3093
1084 3113
1084 3164
1084 3210
1084 3241
1084 3327
1084 3503
1084 3540
1084 3560
1084 3561
1084 3570
1084 3625
1084 3643
1084 3648
1084 3660
1084 3712
1084 3777
1084 3782
1084 3853
1084 3934
1084 3949
1084 3991
1084 4011
1084 4039
1084 4057
1084 4109
1084 4146
1084 4210
1084 4243
1084 4265
1084 4279
1084 4331
1084 4343
1084 4378
1084 4402
1084 4412
1084 4474
1084 4475
1084 4488
1085 1087
1085 1131
1085 1136
1085 1137
1085 1193
1085 1294
1085 1325
1085 1466
1085 1594
1085 1763
1085 1857
1085 1868
1085 2040
1085 2248
1085 2273
1085 2375
1085 2490
1085 2506
1085 2611
1085 2632
1085 2637
1085 2682
1085 2789
1085 2802
1085 2913
1085 2971
1085 3015
1085 3270
1085 3317
1085 3378
1085 3468
1085 3476
1085 3497
1085 3596
1085 3603
1085 3629
1085 3633
1085 3682
1085 3836
1085 3906
1085 3953
1085 4135
1085 4151
1085 4166
1085 4192
1085 4222
1085 4241
1085 4266
1085 4405
1085 4448
1086 1367
1086 1383
1086 1658
1086 1711
1086 1914
1086 1939
1086 2108
1086 2428
1086 2571
1086 2761
1086 2974
1086 3186
1086 3292
1086 3368
1086 3468
1086 3510
1086 3658
1086 3681
1086 3759
1086 3865
1086 4024
1086 4028
1086 4083
1086 4089
1086 4220
1086 4253
1086 4436
1087 1131
1087 1136
1087 1137
1087 1277
1087 1303
1087 1325
1087 1332
1087 1386
1087 1466
1087 1594
1087 1607
1087 1763
1087 1771
1087 1781
1087 1857
1087 1865
1087 1868
1087 1963
1087 2013
1087 2030
1087 2040
1087 2129
1087 2198
1087 2248
1087 2273
1087 2375
1087 2506
1087 2553
1087 2611
1087 2632
1087 2637
1087 2682
1087 2789
1087 2800
1087 2802
1087 2866
1087 2913
1087 2971
1087 3015
1087 3027
1087 3176
1087 3244
1087 3378
1087 3402
1087 3468
1087 3497
1087 3531
1087 3596
1087 3603
1087 3629
1087 3633
1087 3677
1087 3747
1087 3826
1087 3836
1087 3910
1087 3953
1087 3997
1087 4041
1087 4135
1087 4151
1087 4166
1087 4192
1087 4214
1087 4222
1087 4266
1087 4361
1087 4405
1087 4421
1087 4438
1087 4448
1088 1117
1088 1124
1088 1129
1088 1426
1088 1509
1088 1532
1088 1566
1088 1620
1088 1752
1088 1770
1088 1789
1088 2063
1088 2092
1088 2208
1088 2233
1088 2260
1088 2284
1088 2302
1088 2303
1088 2341
1088 2370
1088 2451
1088 2470
1088 2517
1088 2521
1088 2596
1088 2603
1088 2669
1088 2788
1088 2804
1088 2875
1088 2934
1088 2990
1088 3013
1088 3113
1088 3115
1088 3164
1088 3210
1088 3291
1088 3442
1088 3503
1088 3540
1088 3560
1088 3570
1088 3648
1088 3668
1088 3816
1088 3819
1088 3882
1088 3934
1088 3949
1088 4011
1088 4055
1088 4088
1088 4114
1088 4265
1088 4343
1088 4402
1089 1135
1089 1258
1089 1666
1089 1905
1089 3060
1089 3099
1089 3113
1089 3803
1089 3939
1089 4075
1089 4248
1090 1103
1090 1175
1090 1227
1090 1361
1090 1474
1090 1720
1090 1734
1090 1779
1090 2067
1090 2406
1090 2615
1090 2691
1090 2798
1090 3543
1090 3585
1090 3895
1090 3957
1090 4217
1090 4245
1090 4382
1091 1143
1091 1149
1091 1154
1091 1176
1091 1183
1091 1233
1091 1251
1091 1326
1091 1337
1091 1351
1091 1373
1091 1402
1091 1424
1091 1470
1091 1507
1091 1550
1091 1592
1091 1643
1091 1651
1091 1696
1091 1730
1091 1747
1091 1751
1091 1758
1091 1775
1091 1786
1091 1808
1091 1815
1091 1816
1091 1864
1091 1869
1091 1973
1091 2095
1091 2098
1091 2285
1091 2294
1091 2300
1091 2305
1091 2420
1091 2450
1091 2594
1091 2619
1091 2659
1091 2678
1091 2699
1091 2726
1091 2801
1091 3076
1091 3084
1091 3113
1091 3129
1091 3151
1091 3170
1091 3181
1091 3191
1091 3264
1091 3311
1091 3354
1091 3392
1091 3417
1091 3430
1091 3446
1091 3452
1091 3478
1091 3515
1091 3647
1091 3715
1091 3736
1091 3737
1091 3739
1091 3767
1091 3782
1091 3784
1091 3791
1091 3797
1091 3812
1091 3819
1091 3878
1091 3923
1091 3975
1091 3987
1091 4008
1091 4042
1091 4043
1091 4052
1091 4056
1091 4057
1091 4113
1091 4138
1091 4147
1091 4174
1091 4185
1091 4194
1091 4236
1091 4270
1091 4290
1091 4292
1091 4298
1091 4312
1091 4319
1091 4331
1091 4352
1091 4389
1091 4422
1091 4488
1092 1095
1092 1100
1092 1177
1092 1190
1092 1195
1092 1382
1092 1472
1092 1660
1092 1725
1092 1798
1092 1882
1092 1951
1092 1983
1092 1992
1092 2003
1092 2068
1092 2083
1092 2196
1092 2206
1092 2232
1092 2287
1092 2289
1092 2398
1092 2686
1092 2702
1092 2755
1092 2758
1092 2794
1092 2833
1092 2899
1092 2918
1092 2924
1092 3035
1092 3082
1092 3106
1092 3137
1092 3138
1092 3209
1092 3260
1092 3335
1092 3425
1092 3490
1092 3569
1092 3685
1092 3706
1092 3892
1092 3970
1092 4023
1092 4037
1092 4154
1092 4219
1092 4259
1092 4346
1092 4434
1092 4440
1092 4454
1092 4461
1092 4478
1093 1983
1093 3242
1094 1117
1094 1129
1094 1170
1094 1181
1094 1228
1094 1235
1094 1261
1094 1361
1094 1444
1094 1501
1094 1557
1094 1729
1094 1738
1094 1752
1094 1813
1094 1842
1094 1873
1094 1878
1094 1929
1094 1930
1094 1967
1094 1998
1094 2063
1094 2171
1094 2183
1094 2185
1094 2208
1094 2329
1094 2331
1094 2341
1094 2447
1094 2470
1094 2474
1094 2518
1094 2690
1094 2767
1094 2804
1094 2820
1094 2939
1094 2994
1094 3007
1094 3008
1094 3014
1094 3043
1094 3073
1094 3093
1094 3157
1094 3241
1094 3280
1094 3613
1094 3630
1094 3712
1094 3778
1094 3852
1094 3853
1094 3934
1094 4039
1094 4077
1094 4137
1094 4190
1094 4210
1094 4246
1094 4279
1094 4378
1094 4402
1094 4412
1094 4456
1094 4474
1095 1100
1095 1154
1095 1179
1095 1186
1095 1190
1095 1195
1095 1229
1095 1230
1095 1239
1095 1260
1095 1286
1095 1316
1095 1317
1095 1382
1095 1403
1095 1408
1095 1429
1095 1441
1095 1443
1095 1472
1095 1503
1095 1514
1095 1546
1095 1577
1095 1584
1095 1660
1095 1677
1095 1686
1095 1693
1095 1696
1095 1715
1095 1725
1095 1731
1095 1811
1095 1816
1095 1841
1095 1882
1095 1883
1095 1885
1095 1895
1095 1916
1095 1922
1095 1925
1095 1931
1095 1983
1095 1999
1095 2003
1095 2009
1095 2029
1095 2044
1095 2046
1095 2049
1095 2113
1095 2196
1095 2206
1095 2232
1095 2287
1095 2290
1095 2309
1095 2356
1095 2368
1095 2372
1095 2398
1095 2455
1095 2473
1095 2499
1095 2524
1095 2572
1095 2600
1095 2658
1095 2686
1095 2735
1095 2755
1095 2758
1095 2776
1095 2787
1095 2794
1095 2806
1095 2822
1095 2824
1095 2833
1095 2837
1095 2838
1095 2839
1095 2856
1095 2858
1095 2869
1095 2899
1095 2910
1095 2918
1095 2924
1095 3038
1095 3082
1095 3107
1095 3112
1095 3113
1095 3138
1095 3162
1095 3232
1095 3246
1095 3258
1095 3260
1095 3293
1095 3295
1095 3354
1095 3365
1095 3386
1095 3408
1095 3425
1095 3487
1095 3505
1095 3515
1095 3564
1095 3569
1095 3590
1095 3604
1095 3611
1095 3623
1095 3643
1095 3645
1095 3685
1095 3706
1095 3708
1095 3718
1095 3724
1095 3828
1095 3829
1095 3847
1095 3854
1095 3863
1095 3899
1095 3970
1095 3996
1095 4023
1095 4037
1095 4052
1095 4057
1095 4058
1095 4080
1095 4095
1095 4142
1095 4145
1095 4146
1095 4154
1095 4178
1095 4219
1095 4234
1095 4258
1095 4259
1095 4287
1095 4294
1095 4325
1095 4331
1095 4346
1095 4398
1095 4410
1095 4454
1095 4465
1095 4478
1096 1726
1096 1898
1096 2045
1096 2091
1096 2580
1096 2591
1096 2825
1096 3113
1096 3126
1096 3128
1096 3206
1096 4158
1096 4303
1096 4392
1096 4418
1097 2875
1097 2990
1097 3113
1098 1858
1098 2001
1098 2106
1098 2315
1098 2514
1098 2761
1098 3468
1098 3965
1098 4026
1099 1221
1099 1377
1099 1393
1099 1395
1099 1432
1099 1434
1099 1650
1099 1691
1099 1860
1099 1907
1099 1926
1099 2042
1099 2230
1099 2245
1099 2313
1099 2316
1099 2330
1099 2378
1099 2468
1099 2520
1099 2650
1099 2804
1099 2984
1099 3113
1099 3282
1099 3355
1099 3389
1099 3424
1099 3443
1099 3471
1099 3553
1099 3573
1099 3670
1099 3770
1099 3870
1099 3931
1099 4100
1099 4327
1099 4342
1099 4381
1099 4451
1099 4457
1099 4459
1099 4460
1100 1154
1100 1179
1100 1190
1100 1229
1100 1230
1100 1239
1100 1286
1100 1316
1100 1317
1100 1354
1100 1382
1100 1408
1100 1443
1100 1472
1100 1514
1100 1584
1100 1624
1100 1660
1100 1677
1100 1725
1100 1811
1100 1830
1100 1841
1100 1883
1100 1916
1100 1922
1100 1925
1100 1983
1100 1999
1100 2003
1100 2009
1100 2029
1100 2044
1100 2046
1100 2083
1100 2113
1100 2194
1100 2232
1100 2259
1100 2287
1100 2290
1100 2309
1100 2356
1100 2368
1100 2398
1100 2473
1100 2499
1100 2555
1100 2572
1100 2600
1100 2649
1100 2658
1100 2686
1100 2701
1100 2702
1100 2755
1100 2758
1100 2776
1100 2787
1100 2794
1100 2810
1100 2822
1100 2833
1100 2837
1100 2858
1100 2899
1100 2918
1100 2924
1100 3038
1100 3082
1100 3107
1100 3108
1100 3138
1100 3209
1100 3246
1100 3258
1100 3293
1100 3328
1100 3343
1100 3365
1100 3386
1100 3408
1100 3446
1100 3487
1100 3564
1100 3569
1100 3604
1100 3611
1100 3623
1100 3672
1100 3685
1100 3706
1100 3708
1100 3718
1100 3724
1100 3899
1100 3970
1100 4037
1100 4080
1100 4095
1100 4118
1100 4145
1100 4154
1100 4208
1100 4234
1100 4259
1100 4272
1100 4287
1100 4294
1100 4325
1100 4346
1100 4398
1100 4410
1100 4454
1100 4461
1100 4465
1100 4478
1101 1256
1101 2220
1101 2923
1101 3143
1101 3393
1101 3591
1101 3930
1101 4015
1101 4464
1102 1242
1102 2452
1102 2575
1102 3347
1102 4247
1103 1146
1103 1175
1103 1227
1103 1361
1103 1391
1103 1474
1103 1720
1103 1734
1103 1779
1103 2067
1103 2406
1103 2615
1103 2691
1103 2798
1103 3262
1103 3543
1103 3585
1103 3895
1103 3957
1103 4217
1103 4245
1103 4382
1104 1114
1104 1221
1104 1263
1104 1278
1104 1309
1104 1377
1104 1393
1104 1434
1104 1498
1104 1504
1104 1534
1104 1539
1104 1627
1104 1650
1104 1665
1104 1717
1104 1723
1104 1769
1104 1784
1104 1831
1104 1860
1104 1872
1104 1874
1104 1897
1104 1926
1104 1982
1104 2025
1104 2101
1104 2119
1104 2121
1104 2269
1104 2316
1104 2351
1104 2378
1104 2390
1104 2436
1104 2468
1104 2484
1104 2533
1104 2540
1104 2550
1104 2579
1104 2634
1104 2650
1104 2676
1104 2684
1104 2685
1104 2997
1104 3063
1104 3113
1104 3170
1104 3235
1104 3285
1104 3307
1104 3309
1104 3344
1104 3424
1104 3481
1104 3504
1104 3535
1104 3598
1104 3606
1104 3691
1104 3723
1104 3749
1104 3754
1104 3770
1104 3816
1104 3819
1104 3849
1104 3874
1104 3924
1104 3973
1104 4094
1104 4119
1104 4128
1104 4292
1104 4387
1104 4459
1105 1110
1105 1186
1105 1192
1105 1268
1105 1292
1105 1299
1105 1326
1105 1351
1105 1424
1105 1450
1105 1454
1105 1543
1105 1592
1105 1651
1105 1684
1105 1747
1105 1814
1105 1864
1105 1871
1105 1954
1105 2088
1105 2098
1105 2104
1105 2115
1105 2123
1105 2182
1105 2226
1105 2238
1105 2249
1105 2298
1105 2392
1105 2422
1105 2450
1105 2535
1105 2594
1105 2629
1105 2698
1105 2834
1105 2992
1105 3033
1105 3111
1105 3113
1105 3151
1105 3181
1105 3196
1105 3349
1105 3392
1105 3432
1105 3478
1105 3615
1105 3647
1105 3715
1105 3737
1105 3739
1105 3782
1105 3802
1105 3977
1105 4147
1105 4153
1105 4174
1105 4196
1105 4270
1105 4312
1105 4313
1105 4370
1105 4374
1105 4383
1105 4486
1105 4488
1106 1321
1106 1597
1106 1986
1106 2454
1106 2543
1106 3582
1106 3661
1106 4207
1107 1287
1107 1401
1107 1599
1107 1701
1107 1834
1107 2050
1107 2120
1107 2360
1107 2513
1107 2538
1107 2599
1107 3079
1107 3186
1107 3231
1107 3451
1107 3468
1107 3498
1107 3609
1107 3622
1107 3820
1107 3954
1107 4002
1107 4014
1107 4103
1107 4105
1107 4471
1108 1468
1108 1597
1108 1744
1108 1767
1108 2543
1108 3242
1108 3582
1108 3938
1109 1133
1109 1465
1109 1553
1109 1661
1109 1681
1109 1983
1109 2020
1109 2169
1109 2283
1109 2493
1109 2530
1109 2686
1109 2894
1109 2964
1109 3130
1109 3218
1109 3381
1109 3518
1109 3966
1109 4027
1109 4187
1109 4401
1110 1129
1110 1152
1110 1166
1110 1186
1110 1192
1110 1251
1110 1260
1110 1268
1110 1292
1110 1326
1110 1351
1110 1450
1110 1454
1110 1457
1110 1488
1110 1543
1110 1582
1110 1647
1110 1664
1110 1679
1110 1682
1110 1684
1110 1732
1110 1747
1110 1786
1110 1814
1110 1815
1110 1841
1110 1871
1110 1877
1110 1931
1110 1954
1110 1973
1110 2015
1110 2065
1110 2069
1110 2088
1110 2098
1110 2115
1110 2123
1110 2135
1110 2178
1110 2182
1110 2205
1110 2249
1110 2298
1110 2392
1110 2414
1110 2422
1110 2442
1110 2456
1110 2491
1110 2531
1110 2535
1110 2594
1110 2598
1110 2622
1110 2629
1110 2652
1110 2660
1110 2698
1110 2735
1110 2740
1110 2784
1110 2805
1110 2821
1110 2838
1110 2855
1110 2869
1110 2881
1110 2948
1110 3033
1110 3111
1110 3113
1110 3120
1110 3129
1110 3132
1110 3147
1110 3151
1110 3185
1110 3198
1110 3220
1110 3264
1110 3299
1110 3327
1110 3430
1110 3432
1110 3464
1110 3478
1110 3485
1110 3521
1110 3615
1110 3675
1110 3728
1110 3737
1110 3739
1110 3763
1110 3767
1110 3791
1110 3819
1110 3842
1110 3847
1110 3857
1110 3862
1110 3923
1110 3961
1110 3977
1110 4020
1110 4042
1110 4147
1110 4188
1110 4193
1110 4196
1110 4262
1110 4270
1110 4290
1110 4298
1110 4312
1110 4313
1110 4341
1110 4374
1110 4383
1110 4389
1110 4479
1110 4486
1111 1508
1111 1658
1111 1704
1111 2382
1111 2791
1111 3048
1111 3297
1111 3468
1111 3594
1111 3601
1111 3925
1111 4089
1111 4239
1111 4306
1111 4361
1112 1165
1112 1182
1112 1799
1112 2033
1112 2582
1112 2791
1112 2911
1112 3004
1112 3468
1112 3846
1112 3905
1113 1231
1113 1236
1113 1585
1113 1598
1113 2024
1113 2452
1113 2512
1113 2542
1113 2819
1114 1263
1114 1309
1114 1498
1114 1723
1114 1831
1114 1872
1114 2025
1114 2101
1114 2121
1114 2351
1114 2390
1114 2436
1114 2484
1114 2650
1114 3113
1114 3235
1114 3285
1114 3307
1114 3309
1114 3344
1114 3481
1114 3598
1114 3874
1114 4094
1114 4128
1115 1876
1115 1965
1115 2489
1115 2505
1115 2543
1115 2688
1115 2778
1115 2936
1115 3346
1115 3717
1115 3992
1115 4012
1115 4365
1116 1487
1116 1565
1116 2452
1116 3158
1117 1129
1117 1235
1117 1261
1117 1398
1117 1444
1117 1557
1117 1616
1117 1729
1117 1738
1117 1873
1117 1878
1117 2053
1117 2063
1117 2092
1117 2171
1117 2185
1117 2208
1117 2229
1117 2284
1117 2302
1117 2331
1117 2341
1117 2470
1117 2521
1117 2545
1117 2664
1117 2669
1117 2767
1117 2804
1117 2887
1117 2939
1117 2943
1117 2957
1117 2990
1117 3008
1117 3014
1117 3093
1117 3113
1117 3164
1117 3241
1117 3291
1117 3503
1117 3540
1117 3613
1117 3648
1117 3660
1117 3668
1117 3822
1117 3852
1117 3934
1117 3949
1117 4011
1117 4077
1117 4088
1117 4190
1117 4195
1117 4210
1117 4243
1117 4378
1117 4402
1117 4435
1117 4456
1117 4474
1118 1172
1118 1680
1118 2393
1118 2482
1118 2709
1118 2883
1118 2898
1118 2900
1118 2928
1118 3136
1118 3177
1118 3287
1118 3421
1118 3796
1118 4001
1118 4015
1118 4016
1118 4049
1118 4165
1118 4397
1118 4447
1119 1231
1119 1236
1119 1588
1119 1612
1119 1918
1119 2215
1119 2323
1119 2437
1119 2515
1119 2587
1120 1343
1120 1347
1120 1622
1120 1700
1120 1914
1120 1933
1120 2006
1120 2514
1120 2548
1120 2731
1120 2974
1120 3048
1120 3110
1120 3212
1120 3312
1120 3316
1120 3368
1120 3403
1120 3451
1120 3468
1120 3563
1120 3609
1120 3658
1120 3694
1120 3726
1120 3773
1120 3817
1120 4069
1120 4089
1120 4253
1120 4254
1121 1290
1121 1306
1121 1757
1121 2940
1121 3468
1121 4014
1121 4097
1122 1173
1122 1504
1122 1907
1122 3786
1122 3898
1122 4160
1122 4423
1123 1212
1123 1564
1123 2355
1123 2569
1123 2725
1123 2812
1123 2931
1123 3050
1123 3652
1123 4010
1123 4101
1124 1532
1124 1590
1124 1620
1124 1643
1124 1697
1124 1754
1124 1829
1124 2088
1124 2092
1124 2160
1124 2260
1124 2303
1124 2370
1124 2496
1124 2525
1124 2588
1124 2596
1124 2633
1124 2664
1124 2788
1124 2804
1124 2916
1124 2934
1124 2996
1124 3041
1124 3076
1124 3113
1124 3185
1124 3291
1124 3504
1124 3528
1124 3648
1124 3713
1124 3816
1124 3882
1124 3934
1124 4114
1124 4244
1124 4270
1124 4290
1124 4313
1124 4343
1125 1195
1125 1239
1125 1271
1125 1317
1125 1408
1125 1423
1125 1624
1125 1671
1125 1731
1125 1768
1125 1830
1125 1925
1125 1947
1125 1983
1125 1993
1125 2003
1125 2068
1125 2179
1125 2196
1125 2206
1125 2287
1125 2290
1125 2309
1125 2495
1125 2702
1125 2721
1125 2755
1125 2787
1125 2899
1125 3038
1125 3106
1125 3138
1125 3209
1125 3246
1125 3253
1125 3260
1125 3425
1125 3569
1125 3611
1125 4095
1125 4145
1125 4219
1125 4258
1125 4346
1125 4406
1125 4461
1126 1321
1126 1467
1126 1597
1126 1694
1126 1749
1126 2090
1126 2127
1126 2197
1126 2312
1126 2409
1126 2543
1126 3507
1126 3655
1126 3818
1126 4051
1126 4173
1126 4288
1127 1266
1127 1553
1127 1608
1127 1983
1127 2283
1127 2529
1127 3219
1127 3381
1127 3641
1127 3768
1127 3798
1127 4112
1127 4366
1128 1146
1128 1361
1128 1501
1128 1741
1128 1929
1128 2341
1128 2903
1128 2994
1128 3630
1128 4086
1128 4378
1128 4402
1128 4412
1129 1186
1129 1228
1129 1257
1129 1298
1129 1299
1129 1362
1129 1444
1129 1480
1129 1485
1129 1522
1129 1537
1129 1557
1129 1566
1129 1582
1129 1616
1129 1729
1129 1752
1129 1864
1129 1877
1129 1954
1129 2053
1129 2063
1129 2086
1129 2115
1129 2135
1129 2171
1129 2176
1129 2185
1129 2208
1129 2227
1129 2229
1129 2331
1129 2341
1129 2423
1129 2447
1129 2470
1129 2664
1129 2669
1129 2683
1129 2728
1129 2788
1129 2804
1129 2805
1129 2881
1129 2934
1129 2994
1129 3007
1129 3008
1129 3033
1129 3066
1129 3093
1129 3113
1129 3164
1129 3185
1129 3214
1129 3299
1129 3349
1129 3503
1129 3540
1129 3605
1129 3613
1129 3660
1129 3767
1129 3882
1129 3934
1129 3961
1129 4011
1129 4147
1129 4190
1129 4196
1129 4270
1129 4313
1129 4374
1129 4402
1129 4474
1130 3113
1131 1136
1131 1137
1131 1193
1131 1223
1131 1277
1131 1294
1131 1303
1131 1325
1131 1332
1131 1386
1131 1466
1131 1524
1131 1594
1131 1607
1131 1763
1131 1771
1131 1841
1131 1857
1131 1868
1131 1963
1131 1985
1131 2013
1131 2030
1131 2038
1131 2040
1131 2049
1131 2089
1131 2129
1131 2198
1131 2248
1131 2368
1131 2375
1131 2400
1131 2449
1131 2632
1131 2637
1131 2682
1131 2708
1131 2789
1131 2800
1131 2802
1131 2866
1131 2913
1131 2971
1131 3015
1131 3027
1131 3147
1131 3176
1131 3317
1131 3378
1131 3402
1131 3468
1131 3476
1131 3531
1131 3596
1131 3603
1131 3629
1131 3633
1131 3673
1131 3682
1131 3745
1131 3747
1131 3791
1131 3805
1131 3826
1131 3836
1131 3863
1131 3906
1131 3910
1131 4041
1131 4090
1131 4135
1131 4151
1131 4166
1131 4192
1131 4214
1131 4241
1131 4266
1131 4268
1131 4405
1131 4421
1131 4422
1131 4430
1131 4438
1131 4475
1132 1306
1132 1374
1132 1411
1132 1754
1132 2062
1132 2210
1132 2414
1132 2478
1132 2517
1132 2532
1132 2588
1132 2596
1132 2811
1132 3113
1132 3608
1132 4289
1132 4443
1133 1266
1133 1608
1133 1637
1133 1983
1133 2043
1133 2143
1133 2347
1133 2680
1133 3179
1133 3702
1133 3768
1133 4401
1134 1266
1134 1983
1134 2020
1134 3219
1134 3381
1134 3561
1134 3768
1134 4099
1134 4366
1134 4401
1135 1265
1135 1429
1135 1710
1135 1790
1135 1800
1135 1849
1135 2139
1135 2246
1135 2826
1135 2979
1135 3113
1135 3325
1135 3468
1135 3687
1135 3803
1135 4031
1135 4248
1135 4251
1135 4300
1135 4353
1136 1137
1136 1193
1136 1277
1136 1303
1136 1325
1136 1466
1136 1524
1136 1594
1136 1607
1136 1771
1136 1781
1136 1857
1136 1863
1136 1868
1136 2013
1136 2040
1136 2198
1136 2248
1136 2273
1136 2396
1136 2632
1136 2637
1136 2682
1136 2736
1136 2789
1136 2800
1136 2802
1136 2913
1136 3015
1136 3028
1136 3176
1136 3378
1136 3402
1136 3468
1136 3476
1136 3603
1136 3629
1136 3633
1136 3747
1136 3805
1136 3826
1136 3836
1136 3906
1136 4151
1136 4166
1136 4192
1136 4241
1136 4266
1136 4405
1136 4421
1136 4448
1137 1193
1137 1291
1137 1294
1137 1300
1137 1303
1137 1325
1137 1341
1137 1386
1137 1449
1137 1466
1137 1520
1137 1524
1137 1594
1137 1607
1137 1709
1137 1763
1137 1771
1137 1857
1137 1863
1137 1868
1137 1934
1137 1963
1137 1970
1137 2013
1137 2040
1137 2089
1137 2129
1137 2134
1137 2198
1137 2235
1137 2248
1137 2273
1137 2294
1137 2368
1137 2394
1137 2396
1137 2490
1137 2506
1137 2507
1137 2553
1137 2611
1137 2632
1137 2637
1137 2660
1137 2674
1137 2682
1137 2736
1137 2744
1137 2752
1137 2768
1137 2789
1137 2802
1137 2854
1137 2864
1137 2913
1137 2971
1137 2972
1137 3015
1137 3027
1137 3067
1137 3071
1137 3095
1137 3103
1137 3176
1137 3183
1137 3244
1137 3270
1137 3317
1137 3326
1137 3369
1137 3378
1137 3402
1137 3468
1137 3497
1137 3531
1137 3595
1137 3596
1137 3603
1137 3629
1137 3633
1137 3673
1137 3677
1137 3714
1137 3745
1137 3747
1137 3805
1137 3826
1137 3836
1137 3854
1137 3906
1137 3910
1137 3923
1137 3953
1137 3987
1137 3991
1137 3997
1137 4041
1137 4057
1137 4074
1137 4131
1137 4135
1137 4151
1137 4192
1137 4214
1137 4222
1137 4227
1137 4241
1137 4266
1137 4405
1137 4421
1137 4430
1137 4438
1137 4448
1137 4476
1138 1174
1138 1652
1138 1733
1138 1747
1138 1885
1138 2298
1138 2519
1138 2846
1138 2907
1138 3113
1138 3114
1138 3154
1138 3367
1138 3510
1138 4212
1139 1190
1139 1385
1139 1651
1139 1655
1139 1747
1139 1954
1139 2071
1139 2098
1139 2356
1139 2450
1139 2589
1139 3023
1139 3038
1139 3061
1139 3082
1139 3113
1139 3178
1139 3468
1139 3589
1139 3611
1139 3678
1139 3706
1139 3710
1139 3819
1139 4076
1139 4192
1139 4298
1139 4347
1140 1168
1140 1252
1140 1262
1140 1388
1140 1603
1140 1605
1140 1875
1140 1906
1140 1908
1140 1942
1140 2026
1140 2231
1140 2275
1140 2593
1140 2779
1140 2851
1140 3156
1140 3190
1140 3283
1140 3353
1140 3376
1140 3472
1140 3473
1140 3514
1140 3522
1140 3584
1140 3962
1140 4015
1140 4149
1140 4177
1140 4301
1140 4340
1141 1252
1141 2128
1141 2165
1141 2231
1141 2482
1141 2563
1141 2692
1141 3342
1141 3371
1141 3376
1141 3512
1141 3584
1141 3835
1141 4015
1142 1735
1142 1983
1142 3073
1142 3445
1143 1149
1143 1176
1143 1233
1143 1251
1143 1320
1143 1337
1143 1351
1143 1373
1143 1402
1143 1424
1143 1507
1143 1582
1143 1651
1143 1740
1143 1747
1143 1864
1143 1869
1143 1877
1143 2098
1143 2178
1143 2285
1143 2298
1143 2442
1143 2450
1143 2476
1143 2594
1143 2652
1143 2659
1143 2698
1143 2699
1143 3033
1143 3076
1143 3111
1143 3113
1143 3129
1143 3264
1143 3417
1143 3430
1143 3452
1143 3464
1143 3478
1143 3515
1143 3647
1143 3728
1143 3782
1143 3784
1143 3812
1143 3819
1143 4113
1143 4153
1143 4174
1143 4185
1143 4270
1143 4383
1143 4389
1143 4469
1144 1329
1144 2362
1144 2595
1144 2703
1144 2874
1144 2906
1144 3152
1144 3634
1144 3795
1144 4015
1145 1604
1145 2410
1145 2710
1145 2945
1145 3266
1145 3448
1145 3473
1145 4015
1145 4159
1145 4340
1146 1175
1146 1227
1146 1361
1146 1391
1146 1474
1146 1720
1146 1734
1146 1779
1146 2406
1146 2615
1146 2691
1146 2798
1146 3262
1146 3543
1146 3585
1146 3957
1147 1158
1147 1210
1147 1270
1147 1277
1147 1333
1147 1421
1147 1482
1147 1515
1147 1856
1147 1894
1147 1964
1147 2218
1147 2250
1147 2795
1147 2820
1147 2861
1147 3344
1147 3374
1147 3494
1147 3661
1147 4088
1148 1286
1148 1361
1148 1511
1148 1751
1148 1791
1148 1797
1148 1864
1148 1956
1148 2098
1148 2208
1148 2249
1148 2298
1148 2334
1148 2356
1148 2600
1148 2628
1148 2649
1148 2666
1148 2837
1148 3113
1148 3194
1148 3487
1148 3519
1148 3589
1148 3706
1148 4020
1148 4056
1148 4377
1148 4389
1148 4478
1148 4486
1149 1152
1149 1178
1149 1183
1149 1185
1149 1192
1149 1211
1149 1226
1149 1251
1149 1257
1149 1298
1149 1299
1149 1320
1149 1326
1149 1337
1149 1351
1149 1373
1149 1445
1149 1450
1149 1485
1149 1488
1149 1507
1149 1550
1149 1554
1149 1582
1149 1592
1149 1664
1149 1679
1149 1684
1149 1702
1149 1747
1149 1751
1149 1758
1149 1786
1149 1844
1149 1864
1149 1871
1149 1880
1149 1973
1149 1982
1149 2015
1149 2095
1149 2098
1149 2104
1149 2115
1149 2178
1149 2200
1149 2285
1149 2298
1149 2387
1149 2392
1149 2414
1149 2415
1149 2420
1149 2422
1149 2450
1149 2496
1149 2564
1149 2594
1149 2619
1149 2622
1149 2652
1149 2659
1149 2678
1149 2696
1149 2698
1149 2699
1149 2726
1149 2727
1149 2728
1149 2740
1149 2765
1149 2821
1149 2838
1149 2855
1149 2880
1149 2937
1149 2977
1149 3033
1149 3061
1149 3076
1149 3111
1149 3113
1149 3129
1149 3151
1149 3187
1149 3198
1149 3264
1149 3349
1149 3392
1149 3417
1149 3430
1149 3432
1149 3478
1149 3485
1149 3515
1149 3520
1149 3615
1149 3643
1149 3710
1149 3715
1149 3728
1149 3737
1149 3767
1149 3784
1149 3791
1149 3812
1149 3815
1149 3819
1149 3850
1149 3857
1149 3860
1149 3862
1149 3878
1149 3893
1149 3897
1149 3955
1149 3975
1149 3977
1149 4008
1149 4020
1149 4021
1149 4040
1149 4042
1149 4052
1149 4056
1149 4070
1149 4132
1149 4138
1149 4185
1149 4188
1149 4193
1149 4194
1149 4236
1149 4262
1149 4270
1149 4290
1149 4312
1149 4313
1149 4422
1149 4469
1149 4475
1149 4479
1149 4483
1149 4486
1150 1152
1150 1195
1150 1298
1150 1357
1150 1382
1150 1385
1150 1399
1150 1450
1150 1677
1150 1684
1150 1882
1150 1983
1150 2028
1150 2130
1150 2270
1150 2343
1150 2430
1150 2648
1150 2699
1150 2776
1150 2804
1150 2924
1150 3113
1150 3131
1150 3231
1150 3246
1150 3252
1150 3265
1150 3365
1150 3409
1150 3468
1150 3487
1150 3565
1150 3615
1150 3697
1150 3724
1150 3733
1150 3742
1150 3762
1150 4015
1150 4020
1150 4023
1150 4250
1150 4298
1150 4313
1150 4346
1150 4383
1150 4431
1150 4450
1150 4486
1151 1284
1151 1506
1151 1567
1151 1649
1151 1695
1151 1706
1151 1927
1151 1951
1151 1953
1151 1983
1151 2153
1151 2163
1151 2252
1151 2272
1151 2388
1151 2439
1151 2440
1151 2494
1151 2577
1151 2753
1151 3035
1151 3077
1151 3137
1151 3335
1151 3550
1151 3774
1151 3829
1151 3922
1151 3999
1151 4005
1151 4054
1151 4072
1151 4129
1151 4170
1151 4281
1151 4455
1152 1178
1152 1186
1152 1251
1152 1257
1152 1260
1152 1268
1152 1292
1152 1298
1152 1299
1152 1337
1152 1351
1152 1404
1152 1405
1152 1406
1152 1450
1152 1454
1152 1480
1152 1485
1152 1507
1152 1522
1152 1543
1152 1550
1152 1582
1152 1592
1152 1684
1152 1702
1152 1705
1152 1747
1152 1751
1152 1775
1152 1808
1152 1864
1152 1871
1152 1877
1152 1931
1152 1954
1152 1973
1152 2015
1152 2047
1152 2056
1152 2088
1152 2098
1152 2104
1152 2115
1152 2123
1152 2178
1152 2227
1152 2238
1152 2249
1152 2298
1152 2392
1152 2415
1152 2420
1152 2422
1152 2423
1152 2442
1152 2450
1152 2456
1152 2480
1152 2496
1152 2535
1152 2564
1152 2594
1152 2652
1152 2698
1152 2727
1152 2740
1152 2743
1152 2801
1152 2805
1152 2821
1152 2855
1152 2901
1152 2948
1152 3033
1152 3061
1152 3066
1152 3067
1152 3111
1152 3113
1152 3129
1152 3151
1152 3170
1152 3187
1152 3198
1152 3261
1152 3299
1152 3349
1152 3392
1152 3417
1152 3430
1152 3432
1152 3478
1152 3515
1152 3528
1152 3562
1152 3586
1152 3615
1152 3647
1152 3665
1152 3715
1152 3728
1152 3737
1152 3739
1152 3767
1152 3769
1152 3784
1152 3802
1152 3850
1152 3857
1152 3878
1152 3893
1152 3897
1152 3961
1152 4008
1152 4042
1152 4092
1152 4146
1152 4147
1152 4153
1152 4174
1152 4188
1152 4193
1152 4196
1152 4236
1152 4270
1152 4290
1152 4293
1152 4298
1152 4312
1152 4313
1152 4331
1152 4334
1152 4370
1152 4383
1152 4389
1152 4479
1152 4486
1153 1399
1153 1447
1153 1511
1153 1535
1153 1979
1153 1983
1153 2028
1153 2071
1153 2130
1153 2155
1153 2334
1153 2555
1153 2589
1153 2592
1153 2631
1153 2648
1153 2830
1153 3010
1153 3024
1153 3131
1153 3189
1153 3194
1153 3237
1153 3331
1153 3405
1153 3406
1153 3541
1153 3638
1153 3908
1153 3950
1153 4139
1153 4242
1153 4272
1153 4309
1153 4326
1154 1268
1154 1317
1154 1351
1154 1414
1154 1475
1154 1628
1154 1808
1154 1871
1154 1954
1154 1979
1154 2123
1154 2166
1154 2178
1154 2309
1154 2334
1154 2357
1154 2392
1154 2450
1154 2501
1154 2648
1154 2659
1154 2755
1154 2863
1154 3010
1154 3058
1154 3100
1154 3111
1154 3113
1154 3123
1154 3129
1154 3131
1154 3187
1154 3406
1154 3417
1154 3468
1154 3611
1154 3654
1154 3715
1154 3878
1154 4095
1154 4139
1154 4145
1154 4185
1154 4219
1154 4250
1154 4410
1154 4461
1154 4478
1155 1276
1155 1342
1155 2286
1155 2923
1155 3143
1155 3149
1155 3323
1155 3493
1155 3591
1155 4015
1155 4017
1155 4447
1155 4464
1156 1843
1156 2076
1156 2539
1156 2616
1156 2705
1156 3140
1156 3157
1156 3236
1156 3301
1156 3555
1156 4285
1157 1162
1157 1557
1157 1919
1157 2369
1157 2401
1157 3102
1157 3169
1158 1468
1158 1482
1158 1505
1158 1663
1158 1744
1158 1780
1158 1894
1158 1964
1158 2197
1158 2266
1158 2543
1158 2777
1158 2811
1158 3021
1158 3320
1158 3494
1158 3664
1158 3748
1158 4156
1159 1258
1159 1477
1159 1556
1159 1569
1159 1666
1159 1726
1159 1832
1159 1898
1159 1905
1159 2045
1159 2080
1159 2091
1159 2096
1159 2817
1159 3113
1159 3128
1159 3314
1159 3844
1159 3939
1159 4075
1159 4158
1159 4303
1159 4355
1159 4392
1159 4409
1159 4418
1160 1699
1160 1794
1160 3144
1160 3581
1160 3727
1160 3963
1160 4015
1160 4110
1161 1593
1161 1602
1161 2411
1161 2741
1161 2749
1161 3173
1161 3542
1162 1557
1162 2369
1162 2401
1162 3102
1162 3169
1162 3943
1163 1216
1163 1557
1163 1833
1163 2177
1163 2341
1163 2718
1163 2815
1163 2823
1163 2957
1163 3352
1163 3568
1163 3877
1164 2653
1164 3113
1164 3582
1164 4205
1165 1182
1165 1678
1165 1799
1165 2033
1165 2711
1165 2791
1165 3358
1165 3468
1165 3846
1165 4361
1166 1179
1166 1192
1166 1298
1166 1327
1166 1414
1166 1446
1166 1557
1166 1752
1166 1871
1166 2115
1166 2120
1166 2614
1166 2622
1166 2837
1166 2924
1166 3020
1166 3024
1166 3331
1166 3417
1166 3468
1166 3564
1166 3654
1166 3678
1166 3710
1166 3737
1166 3776
1166 3837
1166 4020
1166 4056
1166 4076
1166 4145
1166 4153
1166 4240
1166 4454
1166 4465
1167 2782
1167 3096
1167 3140
1167 3342
1167 3455
1167 3914
1167 4285
1167 4445
1168 1214
1168 1262
1168 1388
1168 1469
1168 1603
1168 1605
1168 1875
1168 1893
1168 1906
1168 1908
1168 1942
1168 1975
1168 2275
1168 2410
1168 2560
1168 2692
1168 2928
1168 2945
1168 3190
1168 3283
1168 3353
1168 3376
1168 3377
1168 3472
1168 3514
1168 3522
1168 3584
1168 3920
1168 3962
1168 4015
1168 4044
1168 4049
1168 4149
1168 4177
1168 4301
1168 4397
1169 1428
1169 1458
1169 1531
1169 1581
1169 1619
1169 1707
1169 1719
1169 1772
1169 1848
1169 1851
1169 1855
1169 1935
1169 1955
1169 1958
1169 1969
1169 2048
1169 2137
1169 2181
1169 2497
1169 2642
1169 2724
1169 2811
1169 2859
1169 2871
1169 2878
1169 3094
1169 3304
1169 3374
1169 3571
1169 3574
1169 3627
1169 3716
1169 3721
1169 3741
1169 3796
1169 3840
1169 3956
1169 4015
1169 4029
1169 4110
1169 4297
1170 1361
1170 1501
1170 1741
1170 1752
1170 1813
1170 1912
1170 1929
1170 2171
1170 2183
1170 2341
1170 2458
1170 2511
1170 2669
1170 2804
1170 2957
1170 3049
1170 3059
1170 3280
1170 3359
1170 3424
1170 3630
1170 3853
1170 4039
1170 4077
1170 4279
1170 4378
1170 4402
1170 4412
1170 4456
1171 1590
1171 1650
1171 1722
1171 1788
1171 1829
1171 2313
1171 2367
1171 2423
1171 2609
1171 2623
1171 2644
1171 2728
1171 2827
1171 2875
1171 2879
1171 2943
1171 2996
1171 3041
1171 3113
1171 3168
1171 3214
1171 3336
1171 3370
1171 3388
1171 3450
1171 3483
1171 3504
1171 3605
1171 3670
1171 3698
1171 3870
1171 3882
1171 3894
1171 3967
1171 4084
1171 4122
1171 4191
1171 4339
1171 4460
1172 1680
1172 1975
1172 2482
1172 2883
1172 2898
1172 2900
1172 2928
1172 3136
1172 3421
1172 3796
1172 4001
1172 4015
1172 4016
1172 4165
1172 4447
1173 1231
1173 1288
1173 1565
1173 1588
1173 2024
1173 2437
1173 2515
1173 2999
1173 3158
1173 3193
1173 3364
1173 4025
1174 1457
1174 1652
1174 1747
1174 1885
1174 2519
1174 3113
1174 3114
1174 3154
1174 3367
1174 4212
1175 1227
1175 1361
1175 1391
1175 1474
1175 1720
1175 1734
1175 1779
1175 2067
1175 2406
1175 2615
1175 2691
1175 2798
1175 3262
1175 3585
1175 3957
1175 4217
1175 4245
1175 4382
1176 1183
1176 1251
1176 1260
1176 1326
1176 1337
1176 1351
1176 1373
1176 1402
1176 1424
1176 1507
1176 1592
1176 1643
1176 1651
1176 1705
1176 1730
1176 1733
1176 1747
1176 1751
1176 1786
1176 1808
1176 1815
1176 1864
1176 1869
1176 2095
1176 2098
1176 2178
1176 2285
1176 2305
1176 2442
1176 2476
1176 2594
1176 2619
1176 2659
1176 2678
1176 2699
1176 2726
1176 3033
1176 3076
1176 3084
1176 3111
1176 3113
1176 3129
1176 3181
1176 3264
1176 3311
1176 3392
1176 3417
1176 3430
1176 3452
1176 3478
1176 3647
1176 3715
1176 3739
1176 3767
1176 3782
1176 3784
1176 3797
1176 3812
1176 3819
1176 3878
1176 3975
1176 4008
1176 4043
1176 4056
1176 4138
1176 4174
1176 4185
1176 4194
1176 4236
1176 4270
1176 4298
1176 4312
1176 4352
1176 4383
1176 4385
1176 4389
1176 4488
1177 1506
1177 1613
1177 1695
1177 1706
1177 1820
1177 1927
1177 1951
1177 1983
1177 1992
1177 2083
1177 2112
1177 2153
1177 2163
1177 2252
1177 2272
1177 2289
1177 2388
1177 2439
1177 2440
1177 2494
1177 2577
1177 2700
1177 2753
1177 3035
1177 3137
1177 3335
1177 3338
1177 3460
1177 3490
1177 3575
1177 3892
1177 3999
1177 4005
1177 4129
1177 4399
1177 4449
1177 4455
1177 4472
1178 1185
1178 1192
1178 1226
1178 1251
1178 1257
1178 1298
1178 1299
1178 1326
1178 1337
1178 1351
1178 1373
1178 1424
1178 1450
1178 1537
1178 1550
1178 1643
1178 1747
1178 1751
1178 1758
1178 1775
1178 1864
1178 1871
1178 1954
1178 2123
1178 2238
1178 2415
1178 2422
1178 2450
1178 2496
1178 2564
1178 2594
1178 2598
1178 2699
1178 2726
1178 2780
1178 2911
1178 3061
1178 3111
1178 3113
1178 3129
1178 3187
1178 3273
1178 3349
1178 3478
1178 3520
1178 3710
1178 3715
1178 3728
1178 3737
1178 3767
1178 3784
1178 3815
1178 3850
1178 3860
1178 3893
1178 3897
1178 4008
1178 4021
1178 4040
1178 4042
1178 4052
1178 4270
1178 4290
1178 4312
1178 4383
1178 4479
1178 4486
1179 1190
1179 1198
1179 1206
1179 1229
1179 1230
1179 1234
1179 1249
1179 1273
1179 1286
1179 1316
1179 1317
1179 1327
1179 1328
1179 1359
1179 1368
1179 1376
1179 1382
1179 1385
1179 1399
1179 1403
1179 1414
1179 1425
1179 1441
1179 1446
1179 1447
1179 1452
1179 1472
1179 1475
1179 1511
1179 1575
1179 1579
1179 1584
1179 1628
1179 1638
1179 1655
1179 1660
1179 1677
1179 1679
1179 1693
1179 1696
1179 1715
1179 1737
1179 1748
1179 1764
1179 1766
1179 1791
1179 1797
1179 1801
1179 1811
1179 1866
1179 1883
1179 1916
1179 1922
1179 1948
1179 1956
1179 1977
1179 1979
1179 1983
1179 1999
1179 2003
1179 2027
1179 2028
1179 2029
1179 2037
1179 2044
1179 2071
1179 2114
1179 2130
1179 2149
1179 2155
1179 2166
1179 2196
1179 2199
1179 2205
1179 2206
1179 2232
1179 2241
1179 2259
1179 2270
1179 2287
1179 2288
1179 2290
1179 2309
1179 2356
1179 2357
1179 2368
1179 2381
1179 2398
1179 2404
1179 2430
1179 2453
1179 2473
1179 2499
1179 2501
1179 2537
1179 2555
1179 2583
1179 2589
1179 2600
1179 2614
1179 2628
1179 2631
1179 2648
1179 2649
1179 2656
1179 2672
1179 2686
1179 2689
1179 2744
1179 2751
1179 2755
1179 2771
1179 2776
1179 2781
1179 2787
1179 2794
1179 2822
1179 2830
1179 2833
1179 2837
1179 2850
1179 2858
1179 2867
1179 2869
1179 2899
1179 2901
1179 2910
1179 2918
1179 2924
1179 2954
1179 2975
1179 3010
1179 3011
1179 3017
1179 3023
1179 3024
1179 3034
1179 3038
1179 3058
1179 3064
1179 3082
1179 3106
1179 3107
1179 3108
1179 3123
1179 3124
1179 3131
1179 3138
1179 3162
1179 3170
1179 3178
1179 3194
1179 3213
1179 3225
1179 3237
1179 3246
1179 3252
1179 3258
1179 3265
1179 3275
1179 3290
1179 3327
1179 3331
1179 3354
1179 3356
1179 3365
1179 3386
1179 3404
1179 3405
1179 3406
1179 3408
1179 3413
1179 3487
1179 3501
1179 3505
1179 3541
1179 3564
1179 3565
1179 3569
1179 3583
1179 3589
1179 3611
1179 3638
1179 3654
1179 3666
1179 3678
1179 3685
1179 3697
1179 3706
1179 3724
1179 3742
1179 3758
1179 3762
1179 3776
1179 3777
1179 3837
1179 3848
1179 3875
1179 3889
1179 3908
1179 3950
1179 3970
1179 3983
1179 4023
1179 4037
1179 4058
1179 4061
1179 4076
1179 4080
1179 4095
1179 4134
1179 4145
1179 4154
1179 4219
1179 4234
1179 4240
1179 4242
1179 4250
1179 4258
1179 4259
1179 4272
1179 4293
1179 4296
1179 4309
1179 4316
1179 4326
1179 4346
1179 4347
1179 4360
1179 4377
1179 4398
1179 4406
1179 4410
1179 4425
1179 4431
1179 4432
1179 4450
1179 4454
1179 4461
1179 4465
1179 4470
1179 4475
1179 4478
1180 3811
1181 1228
1181 1261
1181 1322
1181 1366
1181 1444
1181 1557
1181 1609
1181 1634
1181 1752
1181 1813
1181 2005
1181 2063
1181 2171
1181 2329
1181 2341
1181 2447
1181 2470
1181 2620
1181 2718
1181 2804
1181 2820
1181 2917
1181 2939
1181 2994
1181 3007
1181 3008
1181 3014
1181 3099
1181 3241
1181 3280
1181 3288
1181 3397
1181 3625
1181 3630
1181 3645
1181 3853
1181 3934
1181 4039
1181 4137
1181 4143
1181 4179
1181 4195
1181 4246
1182 1301
1182 1799
1182 2033
1182 2371
1182 2582
1182 2711
1182 2791
1182 3004
1182 3358
1182 3468
1182 3846
1182 3905
1183 1233
1183 1251
1183 1326
1183 1351
1183 1373
1183 1402
1183 1424
1183 1470
1183 1507
1183 1543
1183 1550
1183 1643
1183 1651
1183 1715
1183 1740
1183 1747
1183 1786
1183 1802
1183 1808
1183 1815
1183 1869
1183 2095
1183 2098
1183 2178
1183 2182
1183 2200
1183 2238
1183 2285
1183 2305
1183 2446
1183 2450
1183 2619
1183 2652
1183 2659
1183 2666
1183 2678
1183 2698
1183 2699
1183 2726
1183 2740
1183 2880
1183 2937
1183 2948
1183 2979
1183 3051
1183 3076
1183 3084
1183 3113
1183 3129
1183 3181
1183 3311
1183 3417
1183 3452
1183 3464
1183 3478
1183 3521
1183 3615
1183 3646
1183 3692
1183 3715
1183 3728
1183 3737
1183 3767
1183 3782
1183 3784
1183 3797
1183 3812
1183 3819
1183 3854
1183 3878
1183 3897
1183 3975
1183 3991
1183 4008
1183 4043
1183 4052
1183 4056
1183 4138
1183 4153
1183 4185
1183 4194
1183 4236
1183 4270
1183 4298
1183 4383
1183 4389
1183 4433
1183 4469
1183 4486
1184 1685
1184 1764
1184 2130
1184 2391
1184 2433
1184 2919
1184 3113
1184 3131
1184 3171
1184 3385
1184 3666
1184 3685
1184 3742
1184 3767
1184 3837
1184 4242
1184 4270
1184 4377
1185 1192
1185 1226
1185 1298
1185 1405
1185 1758
1185 1864
1185 2422
1185 2496
1185 2594
1185 2652
1185 2666
1185 2780
1185 3113
1185 3273
1185 3349
1185 3430
1185 3478
1185 3520
1185 3615
1185 3710
1185 3728
1185 3782
1185 3784
1185 3815
1185 4021
1185 4040
1185 4270
1185 4479
1186 1260
1186 1268
1186 1351
1186 1503
1186 1543
1186 1666
1186 1684
1186 1705
1186 1732
1186 1751
1186 2115
1186 2123
1186 2135
1186 2182
1186 2238
1186 2301
1186 2366
1186 2422
1186 2450
1186 2535
1186 2652
1186 2732
1186 3033
1186 3113
1186 3299
1186 3528
1186 3564
1186 3784
1186 3803
1186 3882
1186 3897
1186 3961
1186 4008
1186 4147
1186 4312
1186 4341
1186 4374
1187 1264
1187 1482
1187 2250
1187 2312
1187 2389
1187 2543
1187 2578
1187 2835
1187 3184
1187 3407
1187 3818
1188 1264
1188 1315
1188 1467
1188 1482
1188 1597
1188 1744
1188 2127
1188 2191
1188 2250
1188 2266
1188 2312
1188 2348
1188 2426
1188 2463
1188 2543
1188 2750
1188 3268
1188 3320
1188 3494
1188 3580
1188 3587
1188 3639
1188 3655
1188 3661
1188 3664
1188 3818
1188 3938
1188 4019
1188 4091
1188 4093
1189 1361
1189 1491
1189 1606
1189 1736
1189 1783
1189 2511
1189 2673
1189 2742
1189 2968
1189 3047
1189 3640
1189 3856
1189 4030
1189 4066
1189 4445
1190 1195
1190 1229
1190 1230
1190 1239
1190 1286
1190 1316
1190 1317
1190 1382
1190 1403
1190 1408
1190 1472
1190 1584
1190 1624
1190 1660
1190 1671
1190 1725
1190 1731
1190 1798
1190 1811
1190 1882
1190 1916
1190 1925
1190 1983
1190 1999
1190 2003
1190 2009
1190 2029
1190 2044
1190 2046
1190 2049
1190 2068
1190 2083
1190 2113
1190 2206
1190 2232
1190 2287
1190 2290
1190 2309
1190 2356
1190 2398
1190 2473
1190 2499
1190 2617
1190 2649
1190 2672
1190 2677
1190 2686
1190 2735
1190 2755
1190 2758
1190 2776
1190 2787
1190 2794
1190 2809
1190 2822
1190 2833
1190 2837
1190 2856
1190 2858
1190 2899
1190 2910
1190 2918
1190 2924
1190 3038
1190 3082
1190 3107
1190 3112
1190 3246
1190 3258
1190 3260
1190 3293
1190 3365
1190 3386
1190 3408
1190 3425
1190 3487
1190 3505
1190 3564
1190 3569
1190 3590
1190 3611
1190 3685
1190 3706
1190 3724
1190 3791
1190 3847
1190 3899
1190 3970
1190 4023
1190 4037
1190 4060
1190 4080
1190 4095
1190 4145
1190 4146
1190 4154
1190 4178
1190 4191
1190 4219
1190 4234
1190 4258
1190 4259
1190 4346
1190 4398
1190 4410
1190 4422
1190 4454
1190 4461
1190 4465
1191 1238
1191 2938
1191 3764
1191 4285
1192 1251
1192 1257
1192 1268
1192 1298
1192 1299
1192 1326
1192 1351
1192 1373
1192 1405
1192 1424
1192 1450
1192 1480
1192 1485
1192 1537
1192 1543
1192 1550
1192 1582
1192 1592
1192 1747
1192 1751
1192 1775
1192 1864
1192 1871
1192 1954
1192 2065
1192 2098
1192 2115
1192 2123
1192 2176
1192 2368
1192 2414
1192 2415
1192 2422
1192 2423
1192 2442
1192 2450
1192 2496
1192 2594
1192 2598
1192 2622
1192 2683
1192 2780
1192 2801
1192 2838
1192 3033
1192 3061
1192 3111
1192 3113
1192 3129
1192 3151
1192 3170
1192 3185
1192 3187
1192 3191
1192 3273
1192 3349
1192 3417
1192 3430
1192 3446
1192 3478
1192 3520
1192 3521
1192 3615
1192 3710
1192 3715
1192 3728
1192 3767
1192 3784
1192 3815
1192 3819
1192 3850
1192 3857
1192 3860
1192 3862
1192 3893
1192 3897
1192 3955
1192 3998
1192 4008
1192 4021
1192 4040
1192 4042
1192 4067
1192 4153
1192 4188
1192 4193
1192 4236
1192 4260
1192 4270
1192 4290
1192 4292
1192 4298
1192 4312
1192 4313
1192 4319
1192 4383
1192 4389
1192 4479
1192 4483
1193 1303
1193 1386
1193 1466
1193 1607
1193 1763
1193 1771
1193 1857
1193 1868
1193 1934
1193 1963
1193 2013
1193 2040
1193 2129
1193 2278
1193 2632
1193 2637
1193 2682
1193 2789
1193 2802
1193 2913
1193 3015
1193 3176
1193 3317
1193 3402
1193 3468
1193 3537
1193 3603
1193 3629
1193 3682
1193 3747
1193 3826
1193 3836
1193 3906
1193 3997
1193 4151
1193 4192
1193 4241
1193 4405
1193 4421
1193 4448
1194 1223
1194 1594
1194 1781
1194 1865
1194 2030
1194 2449
1194 2506
1194 2736
1194 2752
1194 2864
1194 2866
1194 3095
1194 3468
1194 3476
1194 3531
1194 3595
1194 3596
1194 3673
1194 3910
1194 4041
1194 4135
1194 4430
1195 1229
1195 1230
1195 1239
1195 1271
1195 1286
1195 1317
1195 1408
1195 1423
1195 1441
1195 1442
1195 1443
1195 1470
1195 1472
1195 1624
1195 1671
1195 1677
1195 1731
1195 1830
1195 1882
1195 1916
1195 1922
1195 1925
1195 1947
1195 1983
1195 2003
1195 2046
1195 2068
1195 2083
1195 2179
1195 2184
1195 2196
1195 2232
1195 2287
1195 2290
1195 2294
1195 2300
1195 2309
1195 2398
1195 2429
1195 2459
1195 2495
1195 2600
1195 2617
1195 2686
1195 2702
1195 2721
1195 2744
1195 2755
1195 2758
1195 2776
1195 2787
1195 2794
1195 2810
1195 2822
1195 2837
1195 2856
1195 2858
1195 2899
1195 2924
1195 2975
1195 3038
1195 3082
1195 3106
1195 3107
1195 3112
1195 3138
1195 3209
1195 3253
1195 3293
1195 3365
1195 3386
1195 3408
1195 3425
1195 3487
1195 3505
1195 3564
1195 3569
1195 3611
1195 3685
1195 3706
1195 3724
1195 3736
1195 3899
1195 4037
1195 4057
1195 4058
1195 4060
1195 4070
1195 4095
1195 4145
1195 4219
1195 4234
1195 4258
1195 4260
1195 4293
1195 4346
1195 4398
1195 4410
1195 4454
1195 4461
1195 4478
1196 1455
1196 1971
1196 2706
1196 2777
1196 3242
1196 3489
1196 3582
1196 4126
1196 4152
1197 2156
1197 3080
1197 4285
1198 1206
1198 1234
1198 1273
1198 1327
1198 1357
1198 1359
1198 1368
1198 1376
1198 1385
1198 1446
1198 1447
1198 1452
1198 1475
1198 1511
1198 1535
1198 1575
1198 1579
1198 1628
1198 1638
1198 1712
1198 1748
1198 1764
1198 1766
1198 1791
1198 1797
1198 1801
1198 1802
1198 1866
1198 1884
1198 1948
1198 1979
1198 1982
1198 1983
1198 2028
1198 2037
1198 2071
1198 2114
1198 2130
1198 2270
1198 2288
1198 2334
1198 2357
1198 2404
1198 2430
1198 2501
1198 2524
1198 2555
1198 2583
1198 2589
1198 2592
1198 2628
1198 2631
1198 2648
1198 2656
1198 2751
1198 2830
1198 2850
1198 2863
1198 2867
1198 2901
1198 2954
1198 3011
1198 3017
1198 3020
1198 3023
1198 3024
1198 3058
1198 3081
1198 3082
1198 3131
1198 3178
1198 3189
1198 3194
1198 3195
1198 3213
1198 3237
1198 3252
1198 3290
1198 3321
1198 3406
1198 3413
1198 3501
1198 3541
1198 3638
1198 3666
1198 3678
1198 3697
1198 3742
1198 3762
1198 3776
1198 3777
1198 3791
1198 3837
1198 3847
1198 3875
1198 3908
1198 3950
1198 4076
1198 4134
1198 4139
1198 4199
1198 4240
1198 4250
1198 4272
1198 4307
1198 4309
1198 4316
1198 4326
1198 4330
1198 4347
1198 4360
1198 4377
1198 4425
1198 4431
1198 4470
1199 1291
1199 2001
1199 2006
1199 2209
1199 2412
1199 2418
1199 3016
1199 3075
1199 3339
1199 3409
1199 3434
1199 3468
1199 3620
1199 3919
1199 4235
1199 4255
1199 4264
1199 4419
1200 1213
1200 1578
1200 1829
1200 2138
1200 2313
1200 2623
1200 2644
1200 2836
1200 2848
1200 2879
1200 3041
1200 3113
1200 3250
1200 3370
1200 3483
1200 3616
1200 3870
1200 3872
1200 3894
1200 3967
1200 4081
1200 4356
1200 4411
1200 4460
1200 4484
1201 2006
1201 2349
1201 2467
1201 2626
1201 2974
1201 3016
1201 3110
1201 3303
1201 3468
1201 3792
1202 1279
1202 1463
1202 1724
1202 2412
1202 2935
1202 3039
1202 3073
1202 3231
1202 3468
1202 3609
1202 3814
1202 4141
1202 4235
1203 1311
1203 1346
1203 1380
1203 1430
1203 1486
1203 1544
1203 1622
1203 1658
1203 1799
1203 1920
1203 2006
1203 2262
1203 2412
1203 2618
1203 2761
1203 2868
1203 3462
1203 3468
1203 3750
1203 3943
1203 4083
1203 4105
1203 4254
1203 4255
1203 4256
1203 4264
1204 2154
1204 2586
1204 3428
1204 3945
1205 4015
1206 1234
1206 1249
1206 1273
1206 1327
1206 1328
1206 1357
1206 1359
1206 1368
1206 1376
1206 1385
1206 1399
1206 1414
1206 1425
1206 1440
1206 1446
1206 1447
1206 1452
1206 1475
1206 1511
1206 1535
1206 1575
1206 1579
1206 1628
1206 1638
1206 1655
1206 1682
1206 1696
1206 1712
1206 1737
1206 1748
1206 1764
1206 1766
1206 1791
1206 1797
1206 1801
1206 1825
1206 1826
1206 1866
1206 1948
1206 1956
1206 1977
1206 1979
1206 1982
1206 1983
1206 2028
1206 2037
1206 2071
1206 2114
1206 2130
1206 2149
1206 2155
1206 2166
1206 2199
1206 2241
1206 2270
1206 2288
1206 2334
1206 2357
1206 2404
1206 2430
1206 2501
1206 2555
1206 2583
1206 2589
1206 2592
1206 2614
1206 2628
1206 2631
1206 2649
1206 2656
1206 2689
1206 2735
1206 2751
1206 2771
1206 2781
1206 2830
1206 2849
1206 2850
1206 2863
1206 2867
1206 2920
1206 2950
1206 3010
1206 3011
1206 3017
1206 3020
1206 3023
1206 3024
1206 3034
1206 3058
1206 3064
1206 3082
1206 3123
1206 3131
1206 3178
1206 3189
1206 3194
1206 3195
1206 3213
1206 3225
1206 3237
1206 3252
1206 3265
1206 3275
1206 3290
1206 3321
1206 3327
1206 3331
1206 3356
1206 3404
1206 3405
1206 3406
1206 3413
1206 3420
1206 3436
1206 3444
1206 3446
1206 3501
1206 3519
1206 3541
1206 3565
1206 3589
1206 3638
1206 3654
1206 3666
1206 3678
1206 3697
1206 3742
1206 3758
1206 3762
1206 3776
1206 3777
1206 3837
1206 3848
1206 3875
1206 3889
1206 3908
1206 3950
1206 3983
1206 3991
1206 4061
1206 4076
1206 4090
1206 4095
1206 4134
1206 4139
1206 4240
1206 4242
1206 4250
1206 4272
1206 4307
1206 4309
1206 4326
1206 4330
1206 4347
1206 4360
1206 4377
1206 4425
1206 4431
1206 4432
1206 4450
1206 4470
1206 4482
1207 1635
1207 1757
1207 2268
1207 3841
1207 4127
1207 4362
1208 1722
1208 1983
1208 2114
1208 2241
1208 2288
1208 2431
1208 2555
1208 2689
1208 3194
1208 3445
1208 3578
1208 3678
1208 4240
1208 4296
1208 4326
1208 4332
1209 2076
1209 2156
1209 2681
1209 2782
1209 2842
1209 3140
1209 3222
1209 3324
1209 3455
1209 3555
1209 4285
1210 1270
1210 1467
1210 1482
1210 1597
1210 1780
1210 1894
1210 1971
1210 2117
1210 2197
1210 2250
1210 2266
1210 2312
1210 2426
1210 2463
1210 2543
1210 2773
1210 2790
1210 2986
1210 3021
1210 3494
1210 3582
1210 3655
1210 3748
1210 3917
1210 3938
1210 4091
1210 4148
1210 4156
1211 1244
1211 1507
1211 2095
1211 2564
1211 2698
1211 2727
1211 3113
1211 3187
1211 3708
1211 3842
1211 4132
1211 4194
1211 4202
1211 4262
1211 4270
1211 4290
1211 4469
1211 4486
1212 1564
1212 2355
1212 2399
1212 2569
1212 2725
1212 2812
1212 2931
1212 3026
1212 3050
1212 3652
1212 4010
1212 4101
1212 4328
1213 1578
1213 1803
1213 2138
1213 2644
1213 2951
1213 2984
1213 3113
1213 3250
1213 3370
1213 3389
1213 3483
1213 3495
1213 3757
1213 3894
1213 4081
1213 4411
1214 1252
1214 1870
1214 1908
1214 1968
1214 1975
1214 2410
1214 2779
1214 2783
1214 2883
1214 3283
1214 3748
1214 4001
1214 4015
1214 4049
1214 4149
1214 4177
1214 4340
1215 1250
1215 1331
1215 1358
1215 1906
1215 2100
1215 2133
1215 2965
1215 3006
1215 3152
1215 3731
1215 3930
1215 4015
1215 4087
1215 4373
1215 4442
1216 1557
1216 1634
1216 1721
1216 1833
1216 2177
1216 2718
1216 2957
1216 3348
1216 3840
1216 4385
1217 4285
1218 1251
1218 1260
1218 1268
1218 1292
1218 1359
1218 1376
1218 1379
1218 1446
1218 1475
1218 1758
1218 1766
1218 1977
1218 1983
1218 2098
1218 2166
1218 2206
1218 2404
1218 2594
1218 2628
1218 2669
1218 2771
1218 2781
1218 2837
1218 2948
1218 3010
1218 3011
1218 3023
1218 3113
1218 3123
1218 3178
1218 3213
1218 3258
1218 3299
1218 3565
1218 3622
1218 3728
1218 3758
1218 3784
1218 3819
1218 3893
1218 4020
1218 4037
1218 4056
1218 4242
1218 4270
1218 4298
1218 4309
1218 4326
1218 4370
1218 4425
1218 4431
1218 4478
1219 1306
1219 1430
1219 1544
1219 1645
1219 1757
1219 3255
1219 3468
1219 3547
1219 4014
1219 4097
1219 4163
1220 1451
1220 1557
1220 2004
1220 2609
1220 2718
1220 2989
1220 3008
1220 3778
1221 1263
1221 1309
1221 1377
1221 1395
1221 1432
1221 1434
1221 1538
1221 1650
1221 1860
1221 1896
1221 1907
1221 1926
1221 2025
1221 2042
1221 2093
1221 2099
1221 2157
1221 2164
1221 2211
1221 2230
1221 2281
1221 2316
1221 2354
1221 2378
1221 2441
1221 2468
1221 2487
1221 2520
1221 2550
1221 2804
1221 2860
1221 2875
1221 3101
1221 3113
1221 3271
1221 3282
1221 3351
1221 3355
1221 3424
1221 3443
1221 3471
1221 3553
1221 3573
1221 3770
1221 3819
1221 3924
1221 3931
1221 4100
1221 4104
1221 4114
1221 4169
1221 4230
1221 4327
1221 4342
1221 4379
1221 4381
1221 4451
1221 4457
1221 4459
1222 1288
1222 1378
1222 1476
1222 1565
1222 1733
1222 1853
1222 2215
1222 2500
1222 2515
1222 2654
1222 2668
1222 2844
1222 2985
1222 3158
1222 3308
1223 1466
1223 1524
1223 1607
1223 1857
1223 1865
1223 2013
1223 2506
1223 2613
1223 2637
1223 2674
1223 2708
1223 2736
1223 2864
1223 2866
1223 3176
1223 3468
1223 3476
1223 3497
1223 3531
1223 3595
1223 3596
1223 3682
1223 3714
1223 3745
1223 3910
1223 4120
1223 4135
1223 4151
1223 4438
1224 1526
1224 1531
1224 1548
1224 1629
1224 1668
1224 1827
1224 1890
1224 1958
1224 2036
1224 2075
1224 2094
1224 2193
1224 2317
1224 2327
1224 2472
1224 2795
1224 2859
1224 2933
1224 2947
1224 3031
1224 3097
1224 3272
1224 3302
1224 3741
1224 3796
1224 3804
1224 4015
1224 4082
1224 4085
1224 4189
1224 4305
1224 4395
1225 1402
1225 1507
1225 1651
1225 1747
1225 1808
1225 1869
1225 2098
1225 2305
1225 2446
1225 2619
1225 2659
1225 3033
1225 3076
1225 3113
1225 3264
1225 3452
1225 3812
1225 4389
1226 1537
1226 1543
1226 2652
1226 3113
1226 3728
1226 3932
1226 4290
1226 4370
1226 4479
1227 1361
1227 1474
1227 1720
1227 1734
1227 1779
1227 2067
1227 2406
1227 2615
1227 2691
1227 2798
1227 3262
1227 3543
1227 3585
1227 3895
1227 3957
1227 4217
1227 4245
1227 4382
1228 1235
1228 1330
1228 1340
1228 1366
1228 1444
1228 1557
1228 1634
1228 1752
1228 1842
1228 1929
1228 2005
1228 2063
1228 2118
1228 2171
1228 2208
1228 2222
1228 2329
1228 2341
1228 2470
1228 2474
1228 2518
1228 2694
1228 2804
1228 2820
1228 2823
1228 2917
1228 2939
1228 2957
1228 2994
1228 3007
1228 3008
1228 3014
1228 3043
1228 3093
1228 3280
1228 3502
1228 3625
1228 3630
1228 3853
1228 4039
1228 4137
1228 4143
1228 4195
1228 4246
1228 4412
1228 4456
1229 1230
1229 1317
1229 1382
1229 1408
1229 1441
1229 1443
1229 1472
1229 1514
1229 1584
1229 1677
1229 1798
1229 1802
1229 1882
1229 1916
1229 1922
1229 1925
1229 1983
1229 2003
1229 2029
1229 2044
1229 2046
1229 2083
1229 2113
1229 2196
1229 2206
1229 2232
1229 2287
1229 2290
1229 2309
1229 2356
1229 2499
1229 2565
1229 2572
1229 2600
1229 2658
1229 2672
1229 2755
1229 2758
1229 2776
1229 2787
1229 2794
1229 2822
1229 2833
1229 2837
1229 2856
1229 2858
1229 2899
1229 2910
1229 2924
1229 3009
1229 3038
1229 3082
1229 3107
1229 3112
1229 3138
1229 3162
1229 3175
1229 3232
1229 3234
1229 3258
1229 3293
1229 3354
1229 3386
1229 3408
1229 3467
1229 3487
1229 3505
1229 3569
1229 3590
1229 3604
1229 3611
1229 3623
1229 3643
1229 3685
1229 3706
1229 3708
1229 3718
1229 3724
1229 3777
1229 3800
1229 3899
1229 3970
1229 3987
1229 3991
1229 4023
1229 4037
1229 4058
1229 4060
1229 4080
1229 4145
1229 4154
1229 4178
1229 4219
1229 4259
1229 4287
1229 4294
1229 4346
1229 4398
1229 4410
1229 4454
1229 4461
1229 4465
1229 4478
1230 1286
1230 1316
1230 1382
1230 1408
1230 1409
1230 1472
1230 1495
1230 1577
1230 1584
1230 1597
1230 1660
1230 1725
1230 1811
1230 1883
1230 1916
1230 1922
1230 1925
1230 1983
1230 1999
1230 2029
1230 2044
1230 2068
1230 2194
1230 2206
1230 2232
1230 2287
1230 2290
1230 2309
1230 2356
1230 2381
1230 2398
1230 2473
1230 2499
1230 2600
1230 2686
1230 2755
1230 2776
1230 2787
1230 2794
1230 2809
1230 2822
1230 2833
1230 2837
1230 2856
1230 2858
1230 2899
1230 2901
1230 2910
1230 2918
1230 2924
1230 3038
1230 3064
1230 3082
1230 3107
1230 3112
1230 3138
1230 3237
1230 3246
1230 3258
1230 3327
1230 3365
1230 3369
1230 3386
1230 3408
1230 3487
1230 3505
1230 3564
1230 3590
1230 3604
1230 3611
1230 3672
1230 3685
1230 3706
1230 3718
1230 3863
1230 3899
1230 3908
1230 3923
1230 3970
1230 4023
1230 4037
1230 4061
1230 4095
1230 4145
1230 4154
1230 4219
1230 4234
1230 4259
1230 4272
1230 4287
1230 4292
1230 4294
1230 4325
1230 4346
1230 4398
1230 4410
1230 4454
1230 4461
1230 4465
1230 4478
1231 1236
1231 1288
1231 1378
1231 1412
1231 1448
1231 1487
1231 1565
1231 1588
1231 1598
1231 1675
1231 1760
1231 1904
1231 1918
1231 1941
1231 2018
1231 2024
1231 2057
1231 2131
1231 2215
1231 2307
1231 2320
1231 2339
1231 2437
1231 2500
1231 2515
1231 2542
1231 2584
1231 2587
1231 2707
1231 2942
1231 2985
1231 3000
1231 3026
1231 3158
1231 3233
1231 3239
1231 3364
1231 3832
1231 4025
1231 4150
1231 4391
1232 1689
1232 1983
1232 2877
1232 3871
1233 1306
1233 1320
1233 1369
1233 1402
1233 1424
1233 1450
1233 1592
1233 1643
1233 1740
1233 1751
1233 1800
1233 1954
1233 1973
1233 2098
1233 2115
1233 2182
1233 2195
1233 2226
1233 2249
1233 2285
1233 2442
1233 2450
1233 2678
1233 3033
1233 3076
1233 3113
1233 3129
1233 3299
1233 3392
1233 3397
1233 3464
1233 3478
1233 3715
1233 3739
1233 3782
1233 3819
1233 3897
1233 3961
1233 4008
1233 4113
1233 4153
1233 4185
1233 4319
1233 4488
1234 1249
1234 1267
1234 1273
1234 1327
1234 1328
1234 1352
1234 1357
1234 1359
1234 1368
1234 1376
1234 1385
1234 1399
1234 1409
1234 1414
1234 1425
1234 1440
1234 1446
1234 1447
1234 1452
1234 1475
1234 1511
1234 1528
1234 1535
1234 1575
1234 1628
1234 1638
1234 1655
1234 1712
1234 1737
1234 1764
1234 1766
1234 1791
1234 1797
1234 1866
1234 1899
1234 1948
1234 1956
1234 1977
1234 1979
1234 1982
1234 1983
1234 2028
1234 2037
1234 2071
1234 2130
1234 2149
1234 2155
1234 2166
1234 2270
1234 2288
1234 2334
1234 2357
1234 2404
1234 2430
1234 2455
1234 2501
1234 2555
1234 2583
1234 2589
1234 2592
1234 2614
1234 2628
1234 2631
1234 2648
1234 2649
1234 2656
1234 2734
1234 2751
1234 2771
1234 2777
1234 2781
1234 2830
1234 2838
1234 2850
1234 2863
1234 2867
1234 2922
1234 2954
1234 2961
1234 3005
1234 3009
1234 3010
1234 3017
1234 3020
1234 3023
1234 3024
1234 3034
1234 3058
1234 3064
1234 3082
1234 3123
1234 3131
1234 3178
1234 3189
1234 3194
1234 3195
1234 3202
1234 3213
1234 3225
1234 3237
1234 3252
1234 3265
1234 3275
1234 3290
1234 3321
1234 3331
1234 3356
1234 3404
1234 3405
1234 3406
1234 3413
1234 3501
1234 3541
1234 3565
1234 3583
1234 3589
1234 3638
1234 3654
1234 3666
1234 3678
1234 3697
1234 3742
1234 3762
1234 3769
1234 3776
1234 3837
1234 3863
1234 3875
1234 3908
1234 3950
1234 3983
1234 4057
1234 4076
1234 4095
1234 4134
1234 4139
1234 4142
1234 4181
1234 4240
1234 4242
1234 4250
1234 4272
1234 4307
1234 4309
1234 4316
1234 4326
1234 4330
1234 4331
1234 4347
1234 4360
1234 4377
1234 4425
1234 4431
1234 4432
1234 4475
1234 4482
1235 1261
1235 1340
1235 1366
1235 1557
1235 1729
1235 1738
1235 1752
1235 1842
1235 1873
1235 1878
1235 1929
1235 2063
1235 2171
1235 2183
1235 2208
1235 2222
1235 2341
1235 2470
1235 2474
1235 2704
1235 2767
1235 2804
1235 2917
1235 2939
1235 2957
1235 2994
1235 3007
1235 3008
1235 3014
1235 3043
1235 3093
1235 3241
1235 3280
1235 3459
1235 3540
1235 3630
1235 3853
1235 3934
1235 4039
1235 4077
1235 4137
1235 4195
1235 4246
1235 4279
1235 4456
1235 4474
1236 1288
1236 1487
1236 1565
1236 1588
1236 1598
1236 2024
1236 2131
1236 2215
1236 2320
1236 2339
1236 2437
1236 2515
1236 2542
1236 2819
1236 2908
1236 2921
1236 3000
1236 3026
1236 3193
1236 3267
1236 3308
1236 3364
1236 3832
1236 4247
1236 4261
1236 4282
1237 1551
1237 2014
1237 2464
1237 2515
1237 2654
1237 2931
1237 3180
1237 3308
1237 3707
1237 3832
1238 2938
1238 3764
1238 4285
1239 1271
1239 1286
1239 1317
1239 1382
1239 1408
1239 1409
1239 1423
1239 1441
1239 1443
1239 1472
1239 1624
1239 1731
1239 1830
1239 1882
1239 1925
1239 1983
1239 1993
1239 1999
1239 2003
1239 2046
1239 2049
1239 2068
1239 2083
1239 2179
1239 2196
1239 2206
1239 2232
1239 2287
1239 2290
1239 2309
1239 2398
1239 2455
1239 2495
1239 2499
1239 2600
1239 2672
1239 2686
1239 2702
1239 2744
1239 2755
1239 2758
1239 2776
1239 2787
1239 2794
1239 2856
1239 2899
1239 2901
1239 2911
1239 2961
1239 3038
1239 3082
1239 3112
1239 3135
1239 3138
1239 3258
1239 3260
1239 3293
1239 3327
1239 3354
1239 3365
1239 3386
1239 3408
1239 3425
1239 3487
1239 3564
1239 3569
1239 3590
1239 3611
1239 3685
1239 3718
1239 3724
1239 3791
1239 3899
1239 4023
1239 4037
1239 4060
1239 4090
1239 4095
1239 4142
1239 4145
1239 4219
1239 4234
1239 4258
1239 4317
1239 4406
1239 4461
1239 4465
1239 4475
1240 4015
1241 1459
1241 1983
1241 2066
1241 2102
1241 2147
1241 2212
1241 2342
1241 3318
1241 4092
1242 1436
1242 1659
1242 1675
1242 1782
1242 2014
1242 2258
1242 2344
1242 2399
1242 2575
1242 2654
1242 2985
1242 3000
1242 3127
1242 3180
1242 3308
1242 3412
1242 3500
1242 3679
1242 3793
1242 4102
1242 4123
1242 4247
1242 4485
1243 1263
1243 1299
1243 1326
1243 1357
1243 1361
1243 1368
1243 1376
1243 1424
1243 1446
1243 1557
1243 1712
1243 1748
1243 1752
1243 1808
1243 1866
1243 1973
1243 2037
1243 2083
1243 2123
1243 2270
1243 2637
1243 2686
1243 2771
1243 2787
1243 2804
1243 3023
1243 3024
1243 3100
1243 3131
1243 3258
1243 3331
1243 3468
1243 3611
1243 3638
1243 3678
1243 3739
1243 3837
1243 3910
1243 4134
1243 4145
1243 4181
1243 4219
1243 4270
1243 4316
1243 4326
1243 4330
1243 4470
1243 4488
1244 1405
1244 1457
1244 1512
1244 1621
1244 1807
1244 2095
1244 2221
1244 2813
1244 2979
1244 3113
1244 3329
1244 3566
1244 3646
1244 3665
1244 3708
1244 3823
1244 4132
1244 4202
1244 4469
1245 1291
1245 1486
1245 1796
1245 1819
1245 1920
1245 2209
1245 2243
1245 2912
1245 2949
1245 3203
1245 3212
1245 3468
1245 3943
1246 1396
1246 1489
1246 2128
1246 2275
1246 3018
1246 3266
1246 3512
1246 4015
1247 1274
1247 1308
1247 1333
1247 1379
1247 1383
1247 1599
1247 1701
1247 1790
1247 2050
1247 2120
1247 2151
1247 2188
1247 2204
1247 2209
1247 2257
1247 2308
1247 2332
1247 2336
1247 2343
1247 2350
1247 2419
1247 2443
1247 2514
1247 2544
1247 2597
1247 2599
1247 2608
1247 2624
1247 2641
1247 2730
1247 2738
1247 2761
1247 2769
1247 2791
1247 2826
1247 2861
1247 2868
1247 2940
1247 3048
1247 3055
1247 3070
1247 3100
1247 3204
1247 3205
1247 3217
1247 3231
1247 3238
1247 3257
1247 3277
1247 3297
1247 3325
1247 3409
1247 3434
1247 3451
1247 3468
1247 3534
1247 3609
1247 3622
1247 3642
1247 3694
1247 3732
1247 3733
1247 3750
1247 3787
1247 3820
1247 3867
1247 3868
1247 3873
1247 3925
1247 3935
1247 3954
1247 4002
1247 4089
1247 4141
1247 4171
1247 4211
1247 4255
1247 4273
1247 4306
1247 4314
1247 4471
1248 1306
1248 1622
1248 1701
1248 1704
1248 1757
1248 1759
1248 1794
1248 2006
1248 2032
1248 2188
1248 2332
1248 2349
1248 2949
1248 3045
1248 3231
1248 3429
1248 3451
1248 3468
1248 3609
1248 3750
1248 3787
1248 4014
1248 4097
1249 1273
1249 1352
1249 1359
1249 1376
1249 1399
1249 1425
1249 1440
1249 1446
1249 1475
1249 1496
1249 1511
1249 1535
1249 1655
1249 1674
1249 1693
1249 1766
1249 1791
1249 1801
1249 1802
1249 1825
1249 1866
1249 1884
1249 1931
1249 1948
1249 1977
1249 1979
1249 1983
1249 2037
1249 2114
1249 2130
1249 2155
1249 2166
1249 2200
1249 2241
1249 2357
1249 2404
1249 2430
1249 2431
1249 2453
1249 2555
1249 2589
1249 2649
1249 2656
1249 2665
1249 2689
1249 2751
1249 2781
1249 2830
1249 2867
1249 2920
1249 2922
1249 2954
1249 3017
1249 3024
1249 3058
1249 3082
1249 3123
1249 3189
1249 3194
1249 3213
1249 3225
1249 3237
1249 3252
1249 3265
1249 3290
1249 3327
1249 3420
1249 3458
1249 3578
1249 3589
1249 3621
1249 3638
1249 3666
1249 3736
1249 3742
1249 3758
1249 3776
1249 3848
1249 3875
1249 3950
1249 4067
1249 4076
1249 4095
1249 4157
1249 4181
1249 4216
1249 4240
1249 4250
1249 4293
1249 4309
1249 4316
1249 4326
1249 4347
1249 4425
1249 4437
1249 4450
1250 1276
1250 1358
1250 1573
1250 1633
1250 1906
1250 2100
1250 2133
1250 2818
1250 2923
1250 2965
1250 3152
1250 3579
1250 3731
1250 3909
1250 3930
1250 4015
1250 4087
1250 4182
1250 4349
1250 4373
1251 1257
1251 1268
1251 1292
1251 1298
1251 1299
1251 1326
1251 1337
1251 1351
1251 1373
1251 1424
1251 1450
1251 1480
1251 1507
1251 1543
1251 1550
1251 1554
1251 1582
1251 1592
1251 1647
1251 1651
1251 1684
1251 1686
1251 1702
1251 1727
1251 1747
1251 1751
1251 1758
1251 1775
1251 1786
1251 1808
1251 1815
1251 1864
1251 1869
1251 1871
1251 1880
1251 1954
1251 1973
1251 2056
1251 2061
1251 2088
1251 2095
1251 2104
1251 2115
1251 2178
1251 2182
1251 2238
1251 2249
1251 2285
1251 2363
1251 2385
1251 2392
1251 2414
1251 2415
1251 2420
1251 2422
1251 2433
1251 2435
1251 2442
1251 2450
1251 2496
1251 2535
1251 2564
1251 2594
1251 2598
1251 2619
1251 2622
1251 2652
1251 2659
1251 2666
1251 2698
1251 2699
1251 2726
1251 2740
1251 2743
1251 2780
1251 2821
1251 2888
1251 2977
1251 3033
1251 3061
1251 3076
1251 3084
1251 3092
1251 3111
1251 3113
1251 3129
1251 3151
1251 3175
1251 3187
1251 3198
1251 3264
1251 3273
1251 3299
1251 3349
1251 3392
1251 3394
1251 3417
1251 3430
1251 3444
1251 3464
1251 3478
1251 3485
1251 3515
1251 3520
1251 3556
1251 3615
1251 3647
1251 3710
1251 3715
1251 3728
1251 3737
1251 3739
1251 3767
1251 3769
1251 3772
1251 3782
1251 3784
1251 3812
1251 3815
1251 3819
1251 3850
1251 3860
1251 3878
1251 3890
1251 3893
1251 3897
1251 3977
1251 4008
1251 4020
1251 4021
1251 4040
1251 4042
1251 4043
1251 4052
1251 4056
1251 4097
1251 4138
1251 4142
1251 4153
1251 4174
1251 4185
1251 4188
1251 4193
1251 4262
1251 4270
1251 4298
1251 4312
1251 4313
1251 4319
1251 4352
1251 4370
1251 4383
1251 4389
1251 4426
1251 4469
1251 4475
1251 4479
1251 4486
1251 4488
1252 1262
1252 1388
1252 1605
1252 1908
1252 1942
1252 2898
1252 2928
1252 3177
1252 3190
1252 3353
1252 3376
1252 3514
1252 3962
1252 4015
1252 4165
1252 4177
1252 4340
1253 1361
1253 1606
1253 1783
1253 2808
1253 3424
1253 3989
1253 4030
1253 4336
1253 4456
1254 2563
1254 3216
1254 3744
1254 4015
1254 4049
1255 1361
1255 3843
1256 2060
1256 2220
1256 2870
1256 3149
1256 3393
1256 4015
1256 4464
1257 1268
1257 1298
1257 1299
1257 1326
1257 1351
1257 1362
1257 1373
1257 1404
1257 1450
1257 1480
1257 1485
1257 1522
1257 1537
1257 1554
1257 1684
1257 1747
1257 1775
1257 1815
1257 1864
1257 1954
1257 2115
1257 2176
1257 2178
1257 2227
1257 2415
1257 2450
1257 2496
1257 2594
1257 2622
1257 2659
1257 2666
1257 2683
1257 2780
1257 2805
1257 2909
1257 2977
1257 3066
1257 3113
1257 3185
1257 3187
1257 3273
1257 3349
1257 3417
1257 3478
1257 3520
1257 3615
1257 3710
1257 3728
1257 3737
1257 3767
1257 3784
1257 3815
1257 3857
1257 3893
1257 3955
1257 3975
1257 3998
1257 4021
1257 4040
1257 4042
1257 4147
1257 4153
1257 4270
1257 4290
1257 4298
1257 4319
1257 4374
1257 4383
1257 4479
1258 1477
1258 1569
1258 1832
1258 1898
1258 2080
1258 2096
1258 2817
1258 3113
1258 3329
1258 3939
1258 4075
1258 4355
1258 4384
1259 1750
1259 2315
1259 3248
1259 3303
1259 3426
1259 3468
1259 3936
1259 4184
1259 4225
1259 4467
1260 1300
1260 1320
1260 1326
1260 1337
1260 1351
1260 1406
1260 1424
1260 1503
1260 1543
1260 1582
1260 1590
1260 1592
1260 1647
1260 1666
1260 1705
1260 1732
1260 1740
1260 1747
1260 1800
1260 1808
1260 1814
1260 1877
1260 2069
1260 2088
1260 2115
1260 2123
1260 2178
1260 2182
1260 2226
1260 2249
1260 2301
1260 2420
1260 2422
1260 2442
1260 2476
1260 2480
1260 2496
1260 2524
1260 2664
1260 2699
1260 2732
1260 2784
1260 2855
1260 2975
1260 2979
1260 2992
1260 3033
1260 3076
1260 3111
1260 3113
1260 3124
1260 3129
1260 3151
1260 3181
1260 3185
1260 3264
1260 3356
1260 3392
1260 3417
1260 3436
1260 3446
1260 3464
1260 3485
1260 3521
1260 3528
1260 3586
1260 3647
1260 3692
1260 3715
1260 3739
1260 3767
1260 3782
1260 3802
1260 3803
1260 3862
1260 3961
1260 3991
1260 4008
1260 4020
1260 4113
1260 4147
1260 4188
1260 4193
1260 4270
1260 4313
1260 4341
1260 4355
1260 4370
1260 4383
1260 4488
1261 1340
1261 1361
1261 1444
1261 1501
1261 1557
1261 1729
1261 1738
1261 1752
1261 1773
1261 1842
1261 1873
1261 1929
1261 1967
1261 2005
1261 2171
1261 2183
1261 2208
1261 2222
1261 2331
1261 2341
1261 2458
1261 2470
1261 2669
1261 2939
1261 2957
1261 2994
1261 3008
1261 3014
1261 3043
1261 3049
1261 3093
1261 3459
1261 3540
1261 3613
1261 3625
1261 3630
1261 3671
1261 3816
1261 3853
1261 3934
1261 3993
1261 4039
1261 4077
1261 4190
1261 4195
1261 4279
1261 4402
1261 4412
1261 4435
1261 4456
1261 4463
1261 4474
1262 1388
1262 1603
1262 1604
1262 1605
1262 1906
1262 1908
1262 1942
1262 2214
1262 2275
1262 2593
1262 2779
1262 3018
1262 3190
1262 3353
1262 3376
1262 3472
1262 3514
1262 3522
1262 3584
1262 3962
1262 4015
1262 4149
1262 4177
1262 4340
1263 1278
1263 1300
1263 1309
1263 1377
1263 1393
1263 1395
1263 1434
1263 1498
1263 1504
1263 1534
1263 1539
1263 1627
1263 1650
1263 1665
1263 1717
1263 1723
1263 1745
1263 1769
1263 1784
1263 1831
1263 1860
1263 1872
1263 1874
1263 1896
1263 1897
1263 1926
1263 2025
1263 2093
1263 2101
1263 2119
1263 2121
1263 2269
1263 2316
1263 2321
1263 2351
1263 2378
1263 2380
1263 2390
1263 2436
1263 2484
1263 2537
1263 2540
1263 2579
1263 2634
1263 2650
1263 2669
1263 2676
1263 2684
1263 2685
1263 2804
1263 2997
1263 3063
1263 3113
1263 3235
1263 3271
1263 3285
1263 3307
1263 3309
1263 3344
1263 3351
1263 3442
1263 3446
1263 3471
1263 3481
1263 3496
1263 3535
1263 3573
1263 3598
1263 3606
1263 3691
1263 3749
1263 3770
1263 3849
1263 3924
1263 3931
1263 3973
1263 4100
1263 4119
1263 4128
1263 4169
1263 4209
1263 4230
1263 4292
1263 4367
1263 4381
1263 4387
1263 4451
1263 4457
1263 4459
1264 1467
1264 1468
1264 1482
1264 1749
1264 1964
1264 2127
1264 2250
1264 2312
1264 2377
1264 2389
1264 2463
1264 2543
1264 2835
1264 3184
1264 3494
1264 3818
1264 4148
1264 4173
1264 4413
1265 1621
1265 1790
1265 1794
1265 1799
1265 2139
1265 2246
1265 2790
1265 2826
1265 3016
1265 3029
1265 3039
1265 3083
1265 3272
1265 3281
1265 3468
1265 3510
1265 3558
1265 3814
1265 4031
1265 4175
1265 4251
1265 4300
1265 4351
1265 4359
1266 1608
1266 1637
1266 1983
1266 2283
1266 3381
1266 3641
1266 3768
1266 4099
1266 4112
1266 4282
1266 4366
1267 1425
1267 1452
1267 1528
1267 1766
1267 1899
1267 1977
1267 2115
1267 2628
1267 2734
1267 2755
1267 2850
1267 3005
1267 3131
1267 3189
1267 3202
1267 3252
1267 3468
1267 3478
1267 3611
1268 1292
1268 1299
1268 1300
1268 1326
1268 1351
1268 1406
1268 1450
1268 1454
1268 1480
1268 1485
1268 1537
1268 1543
1268 1550
1268 1672
1268 1684
1268 1686
1268 1705
1268 1747
1268 1775
1268 1844
1268 1871
1268 2015
1268 2088
1268 2095
1268 2104
1268 2115
1268 2123
1268 2135
1268 2178
1268 2238
1268 2249
1268 2294
1268 2298
1268 2392
1268 2414
1268 2450
1268 2455
1268 2456
1268 2480
1268 2535
1268 2594
1268 2598
1268 2629
1268 2698
1268 2710
1268 2801
1268 2805
1268 2834
1268 2948
1268 3033
1268 3053
1268 3061
1268 3108
1268 3113
1268 3129
1268 3151
1268 3187
1268 3196
1268 3198
1268 3220
1268 3349
1268 3397
1268 3432
1268 3478
1268 3515
1268 3528
1268 3562
1268 3710
1268 3715
1268 3728
1268 3737
1268 3767
1268 3784
1268 3819
1268 3842
1268 3893
1268 3897
1268 3961
1268 3977
1268 3998
1268 4008
1268 4020
1268 4042
1268 4147
1268 4153
1268 4188
1268 4193
1268 4196
1268 4270
1268 4290
1268 4312
1268 4313
1268 4341
1268 4370
1268 4383
1268 4469
1269 1983
1269 2729
1269 3597
1270 1334
1270 1468
1270 1482
1270 1595
1270 1837
1270 1964
1270 1986
1270 2250
1270 2266
1270 2312
1270 2389
1270 2463
1270 2543
1270 2561
1270 2773
1270 2835
1270 3021
1270 3494
1270 3748
1270 4091
1270 4413
1271 1317
1271 1408
1271 1423
1271 1601
1271 1624
1271 1731
1271 1830
1271 1925
1271 1950
1271 1983
1271 1993
1271 2003
1271 2046
1271 2068
1271 2179
1271 2184
1271 2287
1271 2290
1271 2309
1271 2358
1271 2429
1271 2459
1271 2495
1271 2566
1271 2617
1271 2665
1271 2702
1271 2755
1271 2776
1271 2787
1271 2810
1271 2877
1271 3038
1271 3246
1271 3253
1271 3260
1271 3395
1271 3408
1271 3425
1271 3487
1271 3569
1271 3611
1271 3685
1271 3933
1271 4058
1271 4060
1271 4145
1271 4258
1271 4269
1271 4287
1271 4461
1272 1650
1272 1829
1272 1991
1272 2053
1272 2144
1272 2225
1272 2364
1272 2517
1272 2609
1272 2663
1272 2848
1272 3041
1272 3052
1272 3113
1272 3163
1272 3255
1272 3450
1272 3483
1272 4084
1272 4460
1273 1300
1273 1327
1273 1328
1273 1339
1273 1357
1273 1359
1273 1368
1273 1376
1273 1385
1273 1414
1273 1425
1273 1446
1273 1447
1273 1470
1273 1475
1273 1511
1273 1535
1273 1575
1273 1648
1273 1712
1273 1737
1273 1764
1273 1766
1273 1791
1273 1801
1273 1825
1273 1866
1273 1948
1273 1977
1273 1979
1273 1983
1273 2028
1273 2037
1273 2071
1273 2114
1273 2130
1273 2149
1273 2155
1273 2166
1273 2200
1273 2270
1273 2334
1273 2357
1273 2404
1273 2430
1273 2453
1273 2555
1273 2557
1273 2583
1273 2589
1273 2592
1273 2614
1273 2628
1273 2649
1273 2751
1273 2771
1273 2781
1273 2824
1273 2830
1273 2850
1273 2863
1273 2867
1273 2888
1273 2920
1273 2954
1273 3010
1273 3011
1273 3017
1273 3020
1273 3023
1273 3024
1273 3034
1273 3058
1273 3131
1273 3178
1273 3189
1273 3191
1273 3194
1273 3195
1273 3213
1273 3237
1273 3252
1273 3265
1273 3331
1273 3343
1273 3404
1273 3405
1273 3501
1273 3519
1273 3541
1273 3565
1273 3638
1273 3675
1273 3678
1273 3697
1273 3742
1273 3758
1273 3762
1273 3776
1273 3837
1273 3875
1273 3889
1273 3908
1273 3950
1273 4037
1273 4057
1273 4076
1273 4095
1273 4134
1273 4224
1273 4234
1273 4240
1273 4250
1273 4272
1273 4293
1273 4307
1273 4309
1273 4316
1273 4326
1273 4347
1273 4360
1273 4377
1273 4425
1273 4431
1273 4432
1273 4450
1273 4470
1273 4475
1273 4482
1274 1290
1274 1308
1274 1333
1274 1349
1274 1379
1274 1547
1274 1599
1274 1790
1274 1911
1274 2084
1274 2151
1274 2203
1274 2204
1274 2332
1274 2343
1274 2443
1274 2544
1274 2597
1274 2599
1274 2608
1274 2641
1274 2730
1274 2769
1274 2826
1274 2861
1274 2940
1274 3048
1274 3055
1274 3160
1274 3204
1274 3205
1274 3231
1274 3257
1274 3297
1274 3409
1274 3434
1274 3451
1274 3468
1274 3609
1274 3612
1274 3622
1274 3642
1274 3694
1274 3732
1274 3733
1274 3750
1274 3787
1274 3820
1274 3867
1274 3873
1274 3876
1274 3925
1274 3935
1274 4141
1274 4171
1274 4211
1274 4255
1274 4314
1274 4345
1274 4393
1274 4471
1275 1421
1275 1756
1275 1978
1275 2073
1275 2142
1275 2144
1275 2162
1275 2661
1275 2784
1275 3089
1275 3135
1275 3165
1275 3384
1275 3574
1275 3644
1275 4002
1275 4226
1275 4340
1276 2286
1276 2923
1276 3591
1276 4015
1276 4017
1276 4464
1277 1291
1277 1857
1277 2273
1277 2682
1277 2913
1277 2955
1277 3027
1277 3468
1277 3531
1277 3593
1277 3677
1277 3836
1277 4041
1277 4227
1277 4295
1277 4310
1277 4405
1277 4438
1278 1534
1278 1627
1278 1665
1278 1745
1278 1831
1278 2025
1278 2101
1278 2540
1278 2684
1278 2997
1278 3113
1278 3235
1278 3285
1278 3535
1278 3598
1278 3749
1278 4457
1279 1343
1279 1349
1279 2209
1279 2731
1279 2940
1279 3468
1279 3609
1279 3726
1279 3959
1279 4141
1280 1604
1280 1755
1280 1838
1280 1975
1280 2410
1280 2621
1280 2898
1280 3796
1280 3920
1280 4015
1280 4059
1280 4340
1280 4397
1281 1621
1281 1718
1281 1800
1281 1885
1281 2139
1281 2466
1281 2862
1281 3032
1281 3113
1281 3212
1281 3224
1281 3433
1281 3468
1281 3510
1281 3628
1281 3738
1281 3794
1281 3814
1281 3823
1281 4175
1281 4251
1281 4359
1281 4416
1282 1413
1282 1468
1282 1497
1282 1530
1282 1876
1282 2011
1282 2334
1282 2377
1282 2527
1282 2545
1282 2576
1282 2655
1282 2750
1282 2828
1282 2835
1282 3351
1282 3416
1282 3494
1282 3532
1282 3567
1282 3664
1282 3887
1282 4069
1282 4091
1282 4288
1282 4308
1283 2285
1283 3113
1283 3521
1284 1506
1284 1567
1284 1649
1284 1695
1284 1927
1284 1951
1284 1953
1284 1983
1284 2112
1284 2153
1284 2163
1284 2168
1284 2252
1284 2272
1284 2388
1284 2440
1284 2494
1284 2577
1284 2753
1284 3077
1284 3137
1284 3335
1284 3460
1284 3550
1284 3774
1284 3999
1284 4005
1284 4054
1284 4072
1284 4129
1284 4170
1284 4455
1284 4472
1285 1640
1285 1658
1285 1955
1285 1980
1285 2032
1285 2054
1285 2234
1285 2419
1285 2424
1285 2428
1285 3048
1285 3226
1285 3468
1285 3558
1285 3694
1285 4028
1285 4069
1285 4089
1285 4436
1286 1382
1286 1408
1286 1441
1286 1443
1286 1472
1286 1577
1286 1584
1286 1660
1286 1731
1286 1811
1286 1883
1286 1916
1286 1925
1286 1983
1286 1999
1286 2029
1286 2044
1286 2056
1286 2113
1286 2196
1286 2206
1286 2232
1286 2239
1286 2287
1286 2290
1286 2309
1286 2398
1286 2473
1286 2491
1286 2499
1286 2686
1286 2701
1286 2702
1286 2755
1286 2758
1286 2774
1286 2776
1286 2787
1286 2794
1286 2809
1286 2822
1286 2833
1286 2837
1286 2858
1286 2899
1286 2911
1286 2918
1286 2924
1286 3038
1286 3082
1286 3107
1286 3112
1286 3120
1286 3138
1286 3147
1286 3162
1286 3232
1286 3246
1286 3258
1286 3293
1286 3356
1286 3365
1286 3386
1286 3408
1286 3420
1286 3487
1286 3564
1286 3569
1286 3611
1286 3685
1286 3706
1286 3718
1286 3724
1286 3769
1286 3854
1286 3899
1286 4023
1286 4058
1286 4080
1286 4095
1286 4145
1286 4219
1286 4234
1286 4258
1286 4259
1286 4325
1286 4346
1286 4398
1286 4410
1286 4461
1286 4465
1287 1463
1287 1559
1287 1599
1287 1834
1287 2204
1287 2513
1287 2538
1287 2761
1287 3079
1287 3100
1287 3104
1287 3277
1287 3468
1287 3622
1287 4314
1288 1438
1288 1588
1288 2024
1288 2131
1288 2215
1288 2500
1288 2515
1288 2542
1288 2654
1288 2819
1288 2921
1288 2985
1288 3026
1288 3193
1288 3308
1288 3412
1288 3538
1288 3798
1288 3832
1288 4025
1288 4247
1288 4282
1289 1338
1289 2374
1289 3255
1289 3994
1289 4213
1290 1308
1290 1349
1290 1379
1290 1488
1290 1547
1290 1790
1290 1885
1290 2007
1290 2050
1290 2120
1290 2151
1290 2204
1290 2257
1290 2421
1290 2597
1290 2599
1290 2608
1290 2624
1290 2641
1290 2730
1290 2940
1290 3016
1290 3100
1290 3125
1290 3186
1290 3204
1290 3205
1290 3231
1290 3238
1290 3281
1290 3297
1290 3340
1290 3409
1290 3429
1290 3434
1290 3468
1290 3612
1290 3622
1290 3732
1290 3733
1290 3868
1290 3873
1290 3916
1290 3925
1290 3935
1290 4002
1290 4078
1290 4171
1290 4225
1290 4315
1290 4350
1290 4393
1291 1341
1291 1386
1291 1456
1291 1709
1291 1741
1291 1763
1291 1771
1291 1963
1291 1970
1291 2093
1291 2120
1291 2138
1291 2273
1291 2297
1291 2590
1291 2611
1291 2634
1291 2637
1291 2674
1291 2736
1291 2768
1291 2866
1291 2902
1291 2953
1291 2981
1291 3052
1291 3103
1291 3188
1291 3326
1291 3454
1291 3531
1291 3593
1291 3600
1291 3629
1291 3689
1291 3690
1291 3747
1291 3910
1291 4214
1291 4222
1291 4421
1291 4448
1292 1299
1292 1337
1292 1351
1292 1406
1292 1450
1292 1480
1292 1543
1292 1647
1292 1684
1292 1702
1292 1705
1292 1747
1292 1815
1292 1871
1292 1886
1292 1973
1292 2015
1292 2088
1292 2104
1292 2115
1292 2121
1292 2123
1292 2135
1292 2226
1292 2249
1292 2298
1292 2392
1292 2414
1292 2422
1292 2423
1292 2456
1292 2524
1292 2535
1292 2598
1292 2629
1292 2698
1292 2733
1292 2784
1292 2805
1292 2821
1292 2855
1292 3033
1292 3111
1292 3113
1292 3129
1292 3151
1292 3187
1292 3198
1292 3220
1292 3299
1292 3327
1292 3417
1292 3430
1292 3432
1292 3478
1292 3506
1292 3515
1292 3528
1292 3562
1292 3615
1292 3708
1292 3728
1292 3737
1292 3767
1292 3784
1292 3893
1292 3977
1292 4008
1292 4040
1292 4042
1292 4057
1292 4132
1292 4153
1292 4188
1292 4193
1292 4196
1292 4262
1292 4290
1292 4298
1292 4312
1292 4313
1292 4370
1292 4374
1292 4383
1292 4403
1293 1361
1293 1491
1293 1563
1293 1589
1293 1606
1293 1714
1293 1736
1293 1783
1293 1813
1293 1902
1293 2023
1293 2511
1293 2534
1293 2673
1293 2742
1293 3047
1293 3074
1293 3310
1293 3592
1293 3640
1293 3856
1294 1341
1294 1449
1294 1466
1294 1524
1294 1607
1294 1709
1294 1763
1294 1771
1294 1868
1294 1963
1294 1970
1294 2129
1294 2134
1294 2291
1294 2394
1294 2507
1294 2553
1294 2708
1294 2789
1294 2802
1294 2971
1294 2972
1294 3027
1294 3103
1294 3244
1294 3270
1294 3326
1294 3402
1294 3468
1294 3595
1294 3633
1294 3677
1294 3747
1294 3826
1294 3910
1294 3953
1294 4074
1294 4192
1294 4214
1294 4227
1294 4266
1294 4268
1294 4405
1294 4438
1294 4448
1294 4476
1295 1726
1295 1957
1295 2097
1295 2519
1295 3113
1295 3814
1296 2163
1296 2253
1296 2785
1296 3551
1296 4332
1297 1724
1297 1785
1297 1809
1297 1854
1297 3339
1297 3361
1297 3440
1297 3468
1297 3681
1297 4218
1297 4251
1297 4351
1298 1299
1298 1326
1298 1351
1298 1404
1298 1450
1298 1470
1298 1480
1298 1485
1298 1537
1298 1554
1298 1582
1298 1684
1298 1696
1298 1715
1298 1747
1298 1758
1298 1775
1298 1815
1298 1864
1298 1954
1298 2115
1298 2176
1298 2205
1298 2227
1298 2238
1298 2294
1298 2368
1298 2392
1298 2415
1298 2450
1298 2524
1298 2594
1298 2622
1298 2666
1298 2683
1298 2726
1298 2780
1298 2805
1298 2821
1298 2855
1298 2909
1298 2948
1298 2977
1298 3033
1298 3061
1298 3066
1298 3113
1298 3129
1298 3147
1298 3185
1298 3187
1298 3273
1298 3349
1298 3369
1298 3394
1298 3417
1298 3461
1298 3478
1298 3520
1298 3615
1298 3643
1298 3672
1298 3710
1298 3715
1298 3728
1298 3767
1298 3784
1298 3791
1298 3815
1298 3819
1298 3862
1298 3897
1298 3955
1298 3975
1298 3987
1298 3998
1298 4021
1298 4040
1298 4042
1298 4057
1298 4153
1298 4185
1298 4199
1298 4236
1298 4262
1298 4270
1298 4290
1298 4298
1298 4312
1298 4313
1298 4317
1298 4319
1298 4383
1298 4389
1298 4479
1298 4483
1298 4486
1299 1326
1299 1337
1299 1351
1299 1362
1299 1373
1299 1404
1299 1450
1299 1454
1299 1480
1299 1485
1299 1507
1299 1522
1299 1537
1299 1543
1299 1550
1299 1582
1299 1592
1299 1651
1299 1664
1299 1684
1299 1702
1299 1747
1299 1751
1299 1758
1299 1786
1299 1808
1299 1844
1299 1864
1299 1871
1299 1954
1299 1973
1299 2015
1299 2095
1299 2104
1299 2115
1299 2123
1299 2176
1299 2195
1299 2227
1299 2238
1299 2249
1299 2298
1299 2415
1299 2422
1299 2450
1299 2496
1299 2531
1299 2535
1299 2564
1299 2594
1299 2622
1299 2652
1299 2659
1299 2666
1299 2683
1299 2698
1299 2701
1299 2726
1299 2732
1299 2740
1299 2743
1299 2744
1299 2780
1299 2801
1299 2805
1299 2821
1299 2849
1299 2855
1299 2901
1299 2909
1299 2977
1299 3061
1299 3066
1299 3111
1299 3113
1299 3120
1299 3129
1299 3151
1299 3185
1299 3187
1299 3349
1299 3369
1299 3399
1299 3417
1299 3430
1299 3478
1299 3520
1299 3528
1299 3615
1299 3647
1299 3672
1299 3710
1299 3715
1299 3728
1299 3737
1299 3767
1299 3784
1299 3791
1299 3815
1299 3819
1299 3850
1299 3857
1299 3862
1299 3878
1299 3893
1299 3897
1299 3955
1299 3977
1299 3998
1299 4008
1299 4021
1299 4040
1299 4042
1299 4052
1299 4067
1299 4138
1299 4153
1299 4174
1299 4236
1299 4262
1299 4270
1299 4290
1299 4298
1299 4312
1299 4313
1299 4319
1299 4331
1299 4370
1299 4383
1299 4422
1299 4469
1299 4479
1299 4483
1299 4486
1300 1337
1300 1376
1300 1450
1300 1638
1300 1684
1300 1712
1300 1748
1300 1764
1300 1864
1300 1983
1300 2037
1300 2123
1300 2171
1300 2249
1300 2404
1300 2450
1300 2564
1300 2622
1300 2648
1300 2652
1300 2755
1300 2802
1300 2804
1300 2954
1300 3082
1300 3138
1300 3246
1300 3258
1300 3290
1300 3408
1300 3413
1300 3468
1300 3501
1300 3685
1300 3724
1300 3742
1300 3910
1300 3934
1300 4058
1300 4095
1300 4147
1300 4185
1300 4270
1300 4272
1300 4326
1301 1776
1301 2051
1301 2711
1301 3468
1302 1582
1302 3113
1303 1325
1303 1594
1303 1607
1303 1771
1303 1857
1303 1963
1303 2013
1303 2040
1303 2134
1303 2198
1303 2273
1303 2637
1303 2682
1303 2736
1303 2802
1303 2913
1303 3015
1303 3270
1303 3317
1303 3402
1303 3468
1303 3497
1303 3596
1303 3603
1303 3629
1303 3633
1303 3677
1303 3682
1303 3805
1303 3836
1303 3906
1303 4151
1303 4166
1303 4192
1303 4241
1303 4268
1303 4421
1304 2235
1304 2852
1304 2866
1304 2902
1304 3060
1304 3208
1304 3454
1304 3468
1304 3531
1304 3901
1304 4098
1305 1875
1305 1906
1305 1942
1305 2779
1305 3353
1305 3798
1305 4015
1305 4168
1306 1643
1306 1809
1306 1900
1306 2035
1306 2190
1306 2315
1306 2322
1306 2469
1306 2601
1306 2764
1306 2817
1306 2970
1306 3006
1306 3040
1306 3153
1306 3347
1306 3372
1306 3433
1306 3703
1306 3891
1306 4006
1306 4215
1306 4358
1307 1420
1307 1576
1307 1983
1307 2352
1307 2528
1307 3106
1307 3139
1307 3632
1307 3880
1307 4224
1308 1333
1308 1349
1308 1369
1308 1379
1308 1658
1308 1790
1308 2084
1308 2151
1308 2203
1308 2204
1308 2336
1308 2343
1308 2421
1308 2443
1308 2544
1308 2599
1308 2608
1308 2641
1308 2730
1308 2769
1308 2861
1308 2940
1308 3186
1308 3204
1308 3205
1308 3231
1308 3238
1308 3257
1308 3297
1308 3409
1308 3434
1308 3468
1308 3534
1308 3612
1308 3622
1308 3642
1308 3732
1308 3733
1308 3750
1308 3868
1308 3925
1308 3935
1308 4089
1308 4141
1308 4171
1308 4350
1308 4393
1309 1377
1309 1393
1309 1395
1309 1498
1309 1504
1309 1539
1309 1627
1309 1717
1309 1723
1309 1745
1309 1784
1309 1831
1309 1860
1309 1872
1309 1874
1309 1926
1309 2025
1309 2101
1309 2119
1309 2157
1309 2269
1309 2316
1309 2351
1309 2378
1309 2390
1309 2436
1309 2484
1309 2520
1309 2533
1309 2579
1309 2634
1309 2650
1309 2669
1309 2676
1309 2684
1309 2804
1309 2997
1309 3063
1309 3101
1309 3113
1309 3235
1309 3285
1309 3307
1309 3309
1309 3439
1309 3442
1309 3481
1309 3535
1309 3553
1309 3598
1309 3606
1309 3691
1309 3749
1309 3819
1309 3849
1309 3874
1309 4094
1309 4104
1309 4119
1309 4128
1309 4367
1309 4381
1309 4387
1309 4457
1310 1381
1310 1688
1310 1949
1310 1983
1310 2729
1310 2873
1310 2876
1311 1920
1311 2618
1311 2912
1311 2949
1311 3157
1311 3212
1311 3468
1311 3943
1311 4264
1311 4462
1312 1324
1312 1810
1312 1969
1312 2021
1312 2261
1312 2745
1312 2811
1312 2831
1312 2845
1312 2890
1312 2956
1312 3117
1312 4015
1312 4110
1313 1345
1313 2327
1313 3631
1313 4417
1314 1335
1314 3582
1314 3637
1314 3834
1314 3985
1314 4015
1315 1334
1315 1421
1315 1461
1315 1468
1315 1513
1315 1744
1315 1780
1315 1837
1315 1894
1315 1952
1315 1964
1315 2159
1315 2197
1315 2250
1315 2266
1315 2348
1315 2463
1315 2527
1315 2543
1315 2750
1315 3021
1315 3268
1315 3484
1315 3494
1315 3530
1315 3639
1315 3661
1315 3861
1315 3938
1315 4013
1315 4019
1315 4091
1315 4093
1315 4156
1316 1382
1316 1506
1316 1577
1316 1584
1316 1649
1316 1660
1316 1811
1316 1820
1316 1883
1316 1916
1316 1983
1316 1992
1316 2029
1316 2083
1316 2196
1316 2206
1316 2232
1316 2287
1316 2290
1316 2309
1316 2398
1316 2454
1316 2686
1316 2755
1316 2776
1316 2794
1316 2833
1316 2837
1316 2858
1316 2899
1316 2911
1316 2924
1316 3082
1316 3107
1316 3138
1316 3258
1316 3365
1316 3604
1316 3611
1316 3623
1316 3685
1316 3695
1316 3718
1316 3911
1316 3922
1316 3999
1316 4005
1316 4023
1316 4037
1316 4095
1316 4145
1316 4259
1316 4281
1316 4325
1316 4398
1316 4410
1316 4440
1316 4449
1316 4461
1317 1382
1317 1408
1317 1423
1317 1472
1317 1624
1317 1660
1317 1731
1317 1798
1317 1811
1317 1830
1317 1882
1317 1925
1317 1983
1317 1999
1317 2003
1317 2046
1317 2068
1317 2083
1317 2113
1317 2179
1317 2206
1317 2287
1317 2290
1317 2309
1317 2398
1317 2495
1317 2524
1317 2617
1317 2649
1317 2702
1317 2755
1317 2758
1317 2787
1317 2794
1317 2810
1317 2849
1317 2856
1317 2858
1317 2899
1317 2918
1317 3009
1317 3038
1317 3082
1317 3106
1317 3107
1317 3108
1317 3138
1317 3246
1317 3258
1317 3260
1317 3293
1317 3327
1317 3365
1317 3386
1317 3394
1317 3420
1317 3425
1317 3487
1317 3569
1317 3590
1317 3611
1317 3623
1317 3643
1317 3685
1317 3708
1317 3724
1317 3899
1317 3970
1317 4023
1317 4037
1317 4058
1317 4060
1317 4061
1317 4095
1317 4145
1317 4154
1317 4219
1317 4234
1317 4258
1317 4260
1317 4317
1317 4346
1317 4398
1317 4454
1317 4461
1317 4465
1317 4478
1318 1796
1318 3032
1318 3312
1318 3468
1318 3510
1318 3558
1318 3628
1319 1683
1319 1824
1319 1958
1319 4015
1320 1326
1320 1373
1320 1406
1320 1424
1320 1450
1320 1503
1320 1543
1320 1582
1320 1592
1320 1643
1320 1705
1320 1740
1320 1751
1320 1807
1320 1814
1320 1871
1320 1973
1320 2069
1320 2098
1320 2178
1320 2182
1320 2285
1320 2387
1320 2420
1320 2442
1320 2450
1320 2535
1320 2594
1320 2699
1320 2992
1320 3033
1320 3076
1320 3113
1320 3129
1320 3264
1320 3392
1320 3417
1320 3464
1320 3478
1320 3521
1320 3528
1320 3647
1320 3715
1320 3739
1320 3782
1320 3897
1320 4008
1320 4020
1320 4043
1320 4113
1320 4147
1320 4185
1320 4188
1320 4236
1320 4270
1320 4298
1320 4383
1320 4488
1321 1597
1321 1694
1321 2090
1321 2197
1321 2266
1321 2543
1321 3661
1321 4051
1321 4148
1321 4173
1321 4207
1322 1557
1322 2239
1322 2447
1322 2704
1322 3014
1322 3157
1322 3568
1322 4143
1323 1448
1323 2077
1323 2475
1323 2707
1323 2843
1323 2983
1323 3199
1323 3350
1323 3469
1323 3482
1323 3785
1323 4176
1323 4424
1324 1371
1324 1581
1324 1619
1324 1630
1324 1719
1324 1757
1324 1810
1324 1824
1324 1944
1324 1958
1324 1969
1324 2017
1324 2122
1324 2137
1324 2219
1324 2261
1324 2642
1324 2724
1324 2745
1324 2746
1324 2797
1324 2831
1324 2947
1324 3086
1324 3117
1324 3374
1324 3548
1324 3571
1324 4015
1324 4110
1325 1466
1325 1594
1325 1607
1325 1701
1325 1857
1325 1865
1325 1868
1325 2013
1325 2040
1325 2129
1325 2198
1325 2248
1325 2273
1325 2632
1325 2637
1325 2682
1325 2708
1325 2736
1325 2802
1325 2913
1325 3015
1325 3103
1325 3176
1325 3244
1325 3317
1325 3378
1325 3402
1325 3468
1325 3474
1325 3476
1325 3497
1325 3531
1325 3629
1325 3667
1325 3673
1325 3677
1325 3682
1325 3745
1325 3763
1325 3836
1325 3906
1325 3910
1325 4120
1325 4135
1325 4151
1325 4166
1325 4192
1325 4241
1325 4268
1325 4405
1326 1351
1326 1363
1326 1373
1326 1406
1326 1424
1326 1450
1326 1454
1326 1478
1326 1480
1326 1485
1326 1503
1326 1507
1326 1522
1326 1543
1326 1550
1326 1582
1326 1651
1326 1684
1326 1740
1326 1747
1326 1751
1326 1758
1326 1786
1326 1789
1326 1808
1326 1815
1326 1841
1326 1844
1326 1864
1326 1869
1326 1871
1326 1877
1326 1895
1326 1954
1326 2041
1326 2069
1326 2088
1326 2095
1326 2098
1326 2115
1326 2123
1326 2178
1326 2226
1326 2238
1326 2249
1326 2285
1326 2392
1326 2414
1326 2415
1326 2420
1326 2422
1326 2442
1326 2450
1326 2457
1326 2476
1326 2480
1326 2491
1326 2535
1326 2556
1326 2564
1326 2594
1326 2598
1326 2612
1326 2619
1326 2622
1326 2652
1326 2659
1326 2666
1326 2678
1326 2698
1326 2699
1326 2726
1326 2740
1326 2780
1326 2784
1326 2801
1326 2806
1326 2824
1326 2855
1326 2880
1326 2948
1326 2977
1326 3033
1326 3051
1326 3061
1326 3076
1326 3113
1326 3129
1326 3147
1326 3170
1326 3175
1326 3181
1326 3185
1326 3187
1326 3198
1326 3264
1326 3311
1326 3349
1326 3392
1326 3417
1326 3430
1326 3432
1326 3478
1326 3485
1326 3520
1326 3521
1326 3528
1326 3586
1326 3615
1326 3646
1326 3647
1326 3710
1326 3715
1326 3728
1326 3737
1326 3739
1326 3767
1326 3782
1326 3784
1326 3797
1326 3802
1326 3812
1326 3815
1326 3819
1326 3847
1326 3878
1326 3897
1326 3961
1326 3975
1326 3987
1326 4008
1326 4020
1326 4042
1326 4052
1326 4056
1326 4067
1326 4090
1326 4097
1326 4113
1326 4138
1326 4147
1326 4153
1326 4185
1326 4188
1326 4193
1326 4194
1326 4236
1326 4262
1326 4270
1326 4290
1326 4298
1326 4312
1326 4313
1326 4319
1326 4370
1326 4383
1326 4389
1326 4422
1326 4469
1326 4475
1326 4479
1326 4481
1326 4486
1326 4488
1327 1359
1327 1376
1327 1385
1327 1399
1327 1414
1327 1447
1327 1452
1327 1470
1327 1475
1327 1496
1327 1575
1327 1628
1327 1712
1327 1764
1327 1766
1327 1791
1327 1797
1327 1826
1327 1866
1327 1948
1327 1956
1327 1979
1327 1982
1327 1983
1327 2028
1327 2037
1327 2130
1327 2149
1327 2270
1327 2357
1327 2430
1327 2502
1327 2555
1327 2583
1327 2589
1327 2614
1327 2628
1327 2631
1327 2649
1327 2656
1327 2751
1327 2781
1327 2830
1327 2850
1327 2863
1327 2901
1327 2954
1327 3010
1327 3011
1327 3017
1327 3020
1327 3023
1327 3024
1327 3123
1327 3178
1327 3189
1327 3194
1327 3213
1327 3237
1327 3252
1327 3275
1327 3290
1327 3321
1327 3327
1327 3331
1327 3405
1327 3436
1327 3501
1327 3506
1327 3519
1327 3541
1327 3638
1327 3654
1327 3723
1327 3742
1327 3762
1327 3837
1327 3889
1327 3950
1327 4076
1327 4134
1327 4139
1327 4242
1327 4250
1327 4260
1327 4272
1327 4307
1327 4330
1327 4347
1327 4360
1327 4377
1327 4425
1327 4431
1328 1359
1328 1368
1328 1376
1328 1385
1328 1399
1328 1414
1328 1425
1328 1440
1328 1446
1328 1447
1328 1452
1328 1475
1328 1511
1328 1575
1328 1628
1328 1638
1328 1655
1328 1679
1328 1693
1328 1748
1328 1764
1328 1766
1328 1791
1328 1797
1328 1801
1328 1866
1328 1948
1328 1956
1328 1959
1328 1979
1328 1983
1328 2028
1328 2037
1328 2071
1328 2130
1328 2166
1328 2270
1328 2288
1328 2334
1328 2368
1328 2430
1328 2431
1328 2491
1328 2501
1328 2524
1328 2555
1328 2583
1328 2589
1328 2614
1328 2628
1328 2649
1328 2656
1328 2751
1328 2806
1328 2830
1328 2850
1328 2863
1328 2867
1328 3010
1328 3011
1328 3017
1328 3020
1328 3023
1328 3058
1328 3064
1328 3082
1328 3123
1328 3131
1328 3175
1328 3178
1328 3189
1328 3194
1328 3213
1328 3225
1328 3237
1328 3258
1328 3265
1328 3331
1328 3404
1328 3405
1328 3406
1328 3420
1328 3501
1328 3541
1328 3565
1328 3638
1328 3654
1328 3666
1328 3697
1328 3742
1328 3762
1328 3837
1328 3848
1328 3908
1328 3923
1328 3983
1328 4023
1328 4076
1328 4095
1328 4115
1328 4134
1328 4240
1328 4242
1328 4250
1328 4260
1328 4272
1328 4309
1328 4326
1328 4360
1328 4377
1328 4432
1328 4482
1329 1852
1329 2362
1329 2595
1329 2703
1329 2874
1329 2906
1329 3249
1329 3284
1329 3634
1329 3699
1329 3795
1329 3978
1329 3981
1329 4015
1330 1557
1330 1813
1330 1930
1330 2675
1330 3157
1330 4143
1330 4195
1331 1358
1331 1753
1331 2100
1331 2133
1331 2965
1331 3731
1331 3909
1331 4015
1331 4349
1331 4373
1332 1594
1332 1607
1332 1771
1332 1781
1332 1857
1332 1963
1332 2040
1332 2136
1332 2507
1332 2553
1332 2637
1332 2802
1332 3176
1332 3244
1332 3402
1332 3468
1332 3476
1332 3537
1332 3629
1332 3714
1332 3747
1332 3826
1332 3836
1332 3997
1332 4041
1332 4074
1332 4192
1332 4241
1332 4405
1333 1379
1333 1790
1333 2084
1333 2151
1333 2203
1333 2204
1333 2257
1333 2308
1333 2332
1333 2336
1333 2343
1333 2350
1333 2419
1333 2443
1333 2544
1333 2599
1333 2608
1333 2641
1333 2761
1333 2769
1333 2861
1333 2940
1333 3016
1333 3204
1333 3205
1333 3231
1333 3257
1333 3297
1333 3325
1333 3434
1333 3468
1333 3534
1333 3622
1333 3642
1333 3694
1333 3732
1333 3733
1333 3925
1333 3954
1333 4089
1333 4141
1333 4171
1333 4211
1333 4255
1333 4345
1334 1421
1334 1461
1334 1468
1334 1482
1334 1513
1334 1744
1334 1767
1334 1837
1334 1964
1334 2159
1334 2197
1334 2266
1334 2328
1334 2377
1334 2426
1334 2463
1334 2527
1334 2543
1334 2770
1334 2835
1334 3021
1334 3530
1334 3639
1334 3661
1334 3680
1334 3861
1334 3938
1334 4013
1334 4019
1334 4091
1334 4093
1334 4136
1334 4173
1335 1548
1335 1555
1335 1836
1335 2000
1335 2152
1335 2511
1335 2549
1335 2946
1335 3809
1335 3834
1335 4015
1336 1623
1336 3113
1336 3523
1336 3894
1336 4062
1336 4111
1336 4484
1337 1351
1337 1373
1337 1424
1337 1507
1337 1543
1337 1550
1337 1582
1337 1592
1337 1651
1337 1684
1337 1705
1337 1747
1337 1786
1337 1808
1337 1844
1337 1869
1337 1871
1337 2095
1337 2115
1337 2123
1337 2178
1337 2238
1337 2285
1337 2301
1337 2422
1337 2442
1337 2450
1337 2455
1337 2594
1337 2619
1337 2652
1337 2659
1337 2678
1337 2699
1337 2726
1337 2740
1337 2743
1337 3076
1337 3111
1337 3113
1337 3129
1337 3181
1337 3264
1337 3273
1337 3311
1337 3392
1337 3436
1337 3457
1337 3520
1337 3647
1337 3710
1337 3715
1337 3739
1337 3767
1337 3782
1337 3784
1337 3802
1337 3812
1337 3815
1337 3893
1337 3897
1337 3987
1337 4021
1337 4042
1337 4174
1337 4185
1337 4236
1337 4270
1337 4298
1337 4312
1337 4352
1337 4486
1337 4488
1338 1978
1338 2374
1338 3255
1338 3551
1338 3994
1339 1420
1339 1494
1339 1576
1339 1821
1339 1983
1339 2352
1339 2574
1339 3106
1339 3139
1339 3632
1339 3864
1339 3879
1339 3880
1339 4224
1339 4338
1339 4432
1340 1361
1340 1557
1340 1729
1340 1738
1340 1929
1340 1930
1340 1967
1340 2005
1340 2208
1340 2329
1340 2331
1340 2341
1340 2607
1340 2803
1340 2939
1340 2957
1340 2994
1340 3007
1340 3049
1340 3093
1340 3625
1340 3630
1340 3671
1340 3852
1340 3853
1340 3877
1340 4130
1340 4190
1340 4195
1340 4378
1340 4412
1340 4435
1340 4456
1340 4463
1340 4474
1341 1449
1341 1524
1341 1709
1341 1771
1341 1970
1341 2129
1341 2134
1341 2507
1341 2637
1341 2802
1341 3027
1341 3103
1341 3244
1341 3326
1341 3402
1341 3468
1341 3593
1341 3633
1341 3677
1341 3747
1341 3826
1341 3953
1341 4074
1341 4214
1341 4227
1341 4476
1342 1654
1342 1984
1342 2286
1342 2870
1342 2923
1342 3143
1342 3149
1342 3323
1342 3493
1342 3591
1342 4015
1342 4017
1342 4464
1343 1349
1343 1383
1343 1463
1343 1508
1343 1622
1343 1639
1343 1690
1343 1701
1343 1711
1343 1759
1343 1799
1343 1914
1343 1980
1343 2032
1343 2188
1343 2204
1343 2209
1343 2234
1343 2257
1343 2332
1343 2419
1343 2424
1343 2548
1343 2626
1343 2761
1343 2974
1343 3048
1343 3204
1343 3212
1343 3231
1343 3433
1343 3468
1343 3601
1343 3609
1343 3726
1343 3732
1343 3817
1343 3954
1343 4069
1343 4089
1343 4251
1343 4361
1344 1438
1344 1552
1344 1598
1344 1722
1344 1760
1344 1782
1344 1904
1344 1941
1344 3239
1345 1610
1345 1915
1345 2277
1345 3161
1345 3415
1345 3428
1345 3631
1345 3811
1345 3843
1345 3945
1345 4417
1345 4424
1346 1410
1346 1508
1346 1591
1346 1757
1346 1804
1346 1990
1346 2209
1346 2421
1346 2730
1346 2760
1346 2940
1346 3048
1346 3204
1346 3231
1346 3274
1346 3289
1346 3468
1346 3959
1346 4255
1346 4306
1346 4436
1347 1488
1347 1804
1347 1809
1347 1911
1347 1933
1347 1939
1347 2116
1347 2418
1347 2761
1347 3125
1347 3303
1347 3316
1347 3340
1347 3403
1347 3426
1347 3468
1347 3492
1347 3620
1347 4089
1347 4105
1347 4237
1347 4306
1347 4353
1347 4415
1347 4419
1347 4467
1348 1581
1348 1750
1348 2708
1348 3071
1348 3149
1348 3184
1348 3855
1348 4235
1348 4480
1349 1367
1349 1379
1349 1547
1349 1585
1349 1707
1349 1790
1349 1804
1349 1809
1349 1911
1349 1920
1349 2007
1349 2190
1349 2204
1349 2209
1349 2315
1349 2343
1349 2353
1349 2548
1349 2608
1349 2613
1349 2641
1349 2730
1349 2940
1349 2949
1349 2974
1349 3048
1349 3205
1349 3231
1349 3297
1349 3409
1349 3434
1349 3468
1349 3534
1349 3612
1349 3622
1349 3694
1349 3726
1349 3732
1349 3748
1349 3750
1349 3876
1349 3891
1349 3943
1349 4002
1349 4141
1349 4171
1349 4255
1349 4350
1349 4393
1349 4419
1349 4471
1350 1419
1350 1650
1350 1757
1350 2138
1350 2313
1350 2367
1350 2550
1350 2860
1350 2984
1350 2999
1350 3113
1350 3119
1350 3250
1350 3279
1350 3424
1350 3616
1350 3754
1350 3770
1350 4122
1350 4460
1351 1373
1351 1402
1351 1406
1351 1422
1351 1424
1351 1450
1351 1454
1351 1470
1351 1480
1351 1507
1351 1522
1351 1543
1351 1550
1351 1554
1351 1582
1351 1585
1351 1592
1351 1651
1351 1664
1351 1682
1351 1684
1351 1702
1351 1727
1351 1740
1351 1747
1351 1751
1351 1758
1351 1775
1351 1786
1351 1802
1351 1808
1351 1815
1351 1816
1351 1844
1351 1864
1351 1869
1351 1871
1351 1877
1351 2061
1351 2069
1351 2088
1351 2095
1351 2098
1351 2115
1351 2123
1351 2135
1351 2178
1351 2182
1351 2200
1351 2226
1351 2238
1351 2249
1351 2285
1351 2300
1351 2363
1351 2366
1351 2385
1351 2387
1351 2392
1351 2414
1351 2420
1351 2422
1351 2435
1351 2442
1351 2450
1351 2457
1351 2476
1351 2480
1351 2491
1351 2496
1351 2535
1351 2564
1351 2594
1351 2619
1351 2622
1351 2633
1351 2652
1351 2659
1351 2660
1351 2666
1351 2678
1351 2696
1351 2699
1351 2726
1351 2732
1351 2740
1351 2780
1351 2801
1351 2821
1351 2855
1351 2880
1351 2888
1351 3033
1351 3061
1351 3076
1351 3084
1351 3111
1351 3113
1351 3124
1351 3129
1351 3151
1351 3170
1351 3181
1351 3187
1351 3264
1351 3299
1351 3311
1351 3356
1351 3392
1351 3417
1351 3430
1351 3436
1351 3452
1351 3478
1351 3515
1351 3520
1351 3521
1351 3528
1351 3556
1351 3615
1351 3643
1351 3647
1351 3672
1351 3675
1351 3710
1351 3715
1351 3728
1351 3737
1351 3739
1351 3767
1351 3782
1351 3784
1351 3812
1351 3815
1351 3819
1351 3850
1351 3859
1351 3860
1351 3862
1351 3878
1351 3890
1351 3897
1351 3923
1351 3961
1351 3975
1351 3998
1351 4008
1351 4021
1351 4042
1351 4043
1351 4052
1351 4056
1351 4113
1351 4138
1351 4142
1351 4153
1351 4174
1351 4185
1351 4188
1351 4194
1351 4196
1351 4199
1351 4236
1351 4262
1351 4270
1351 4298
1351 4312
1351 4313
1351 4319
1351 4352
1351 4374
1351 4383
1351 4389
1351 4469
1351 4479
1351 4486
1351 4488
1352 1376
1352 1440
1352 1674
1352 1866
1352 1983
1352 2270
1352 2357
1352 2404
1352 2430
1352 2528
1352 2555
1352 2589
1352 2649
1352 2665
1352 2689
1352 2922
1352 3024
1352 3194
1352 3213
1352 3458
1352 3578
1352 3621
1352 3638
1352 3908
1352 4023
1352 4037
1352 4181
1352 4216
1352 4240
1352 4437
1353 1428
1353 2072
1353 2296
1353 2386
1353 2590
1353 3387
1353 3705
1353 3763
1353 4015
1354 1713
1354 1983
1354 2044
1354 2910
1354 3232
1354 3295
1354 3445
1354 3626
1354 3828
1354 3829
1354 3899
1354 4294
1354 4346
1354 4410
1354 4465
1355 1481
1355 1529
1355 2403
1355 2657
1355 2793
1355 3384
1355 3445
1355 3468
1355 3825
1356 1718
1356 1726
1356 1859
1356 1957
1356 2591
1356 3113
1356 3558
1356 3794
1356 3885
1356 4132
1356 4392
1357 1368
1357 1376
1357 1399
1357 1414
1357 1425
1357 1446
1357 1447
1357 1452
1357 1475
1357 1496
1357 1511
1357 1535
1357 1575
1357 1579
1357 1628
1357 1638
1357 1655
1357 1682
1357 1712
1357 1737
1357 1764
1357 1766
1357 1791
1357 1797
1357 1825
1357 1826
1357 1866
1357 1884
1357 1948
1357 1977
1357 1979
1357 1982
1357 1983
1357 2028
1357 2037
1357 2114
1357 2130
1357 2155
1357 2166
1357 2199
1357 2270
1357 2334
1357 2357
1357 2404
1357 2430
1357 2501
1357 2537
1357 2555
1357 2583
1357 2589
1357 2592
1357 2614
1357 2628
1357 2631
1357 2648
1357 2649
1357 2656
1357 2660
1357 2689
1357 2751
1357 2771
1357 2781
1357 2830
1357 2850
1357 2863
1357 2888
1357 2920
1357 2954
1357 2975
1357 3010
1357 3011
1357 3017
1357 3020
1357 3023
1357 3024
1357 3034
1357 3058
1357 3120
1357 3131
1357 3175
1357 3178
1357 3189
1357 3194
1357 3195
1357 3213
1357 3237
1357 3252
1357 3261
1357 3265
1357 3275
1357 3290
1357 3321
1357 3327
1357 3404
1357 3501
1357 3541
1357 3565
1357 3589
1357 3638
1357 3654
1357 3666
1357 3678
1357 3697
1357 3742
1357 3758
1357 3762
1357 3776
1357 3848
1357 3875
1357 3950
1357 3983
1357 3987
1357 4061
1357 4076
1357 4131
1357 4134
1357 4139
1357 4181
1357 4240
1357 4242
1357 4250
1357 4307
1357 4309
1357 4316
1357 4326
1357 4330
1357 4347
1357 4360
1357 4377
1357 4425
1357 4431
1357 4432
1357 4450
1357 4470
1357 4482
1358 1519
1358 1573
1358 1633
1358 1753
1358 1906
1358 2100
1358 2133
1358 2965
1358 3006
1358 3579
1358 3731
1358 3775
1358 3930
1358 3952
1358 4015
1358 4087
1358 4182
1358 4349
1358 4373
1359 1376
1359 1385
1359 1399
1359 1414
1359 1425
1359 1446
1359 1447
1359 1452
1359 1475
1359 1496
1359 1511
1359 1535
1359 1575
1359 1579
1359 1628
1359 1638
1359 1682
1359 1712
1359 1737
1359 1766
1359 1791
1359 1797
1359 1801
1359 1826
1359 1866
1359 1948
1359 1956
1359 1977
1359 1979
1359 1983
1359 2028
1359 2037
1359 2071
1359 2130
1359 2205
1359 2270
1359 2334
1359 2357
1359 2404
1359 2430
1359 2453
1359 2501
1359 2511
1359 2555
1359 2583
1359 2589
1359 2592
1359 2614
1359 2628
1359 2631
1359 2648
1359 2649
1359 2656
1359 2660
1359 2744
1359 2751
1359 2781
1359 2850
1359 2863
1359 2867
1359 2954
1359 3009
1359 3010
1359 3011
1359 3017
1359 3023
1359 3024
1359 3034
1359 3058
1359 3064
1359 3082
1359 3108
1359 3123
1359 3124
1359 3131
1359 3178
1359 3189
1359 3194
1359 3195
1359 3213
1359 3237
1359 3252
1359 3265
1359 3275
1359 3290
1359 3321
1359 3331
1359 3404
1359 3406
1359 3420
1359 3501
1359 3519
1359 3541
1359 3565
1359 3638
1359 3678
1359 3697
1359 3723
1359 3742
1359 3762
1359 3777
1359 3837
1359 3875
1359 3908
1359 3950
1359 3983
1359 4057
1359 4076
1359 4115
1359 4134
1359 4139
1359 4199
1359 4240
1359 4242
1359 4250
1359 4272
1359 4309
1359 4316
1359 4326
1359 4330
1359 4347
1359 4377
1359 4425
1359 4431
1359 4432
1359 4470
1359 4482
1360 1722
1360 1894
1360 2543
1360 2790
1360 3021
1360 3494
1361 1391
1361 1445
1361 1474
1361 1491
1361 1501
1361 1557
1361 1563
1361 1572
1361 1583
1361 1589
1361 1606
1361 1648
1361 1682
1361 1696
1361 1714
1361 1720
1361 1736
1361 1741
1361 1752
1361 1773
1361 1779
1361 1783
1361 1813
1361 1816
1361 1842
1361 1902
1361 1912
1361 1929
1361 1936
1361 1967
1361 1995
1361 2023
1361 2027
1361 2041
1361 2047
1361 2063
1361 2067
1361 2107
1361 2171
1361 2172
1361 2183
1361 2189
1361 2213
1361 2222
1361 2292
1361 2300
1361 2341
1361 2406
1361 2432
1361 2458
1361 2470
1361 2534
1361 2615
1361 2669
1361 2673
1361 2691
1361 2694
1361 2742
1361 2763
1361 2774
1361 2775
1361 2798
1361 2803
1361 2804
1361 2807
1361 2849
1361 2903
1361 2939
1361 2957
1361 2968
1361 2975
1361 2978
1361 2980
1361 2994
1361 3007
1361 3014
1361 3043
1361 3046
1361 3047
1361 3049
1361 3074
1361 3078
1361 3113
1361 3121
1361 3157
1361 3159
1361 3171
1361 3191
1361 3262
1361 3280
1361 3310
1361 3327
1361 3359
1361 3369
1361 3420
1361 3424
1361 3446
1361 3543
1361 3561
1361 3572
1361 3585
1361 3592
1361 3630
1361 3640
1361 3671
1361 3736
1361 3777
1361 3790
1361 3808
1361 3816
1361 3824
1361 3838
1361 3853
1361 3856
1361 3895
1361 3915
1361 3923
1361 3957
1361 3989
1361 3991
1361 3993
1361 4030
1361 4039
1361 4066
1361 4077
1361 4086
1361 4108
1361 4115
1361 4130
1361 4146
1361 4217
1361 4245
1361 4279
1361 4282
1361 4292
1361 4336
1361 4363
1361 4378
1361 4380
1361 4382
1361 4402
1361 4412
1361 4456
1362 1405
1362 1485
1362 1522
1362 1582
1362 1775
1362 1814
1362 1864
1362 1877
1362 1954
1362 2115
1362 2123
1362 2135
1362 2176
1362 2227
1362 2242
1362 2274
1362 2298
1362 2313
1362 2422
1362 2423
1362 2480
1362 2683
1362 2728
1362 2805
1362 2948
1362 3002
1362 3061
1362 3066
1362 3113
1362 3129
1362 3185
1362 3187
1362 3299
1362 3349
1362 3417
1362 3432
1362 3520
1362 3615
1362 3728
1362 3857
1362 3961
1362 3977
1362 3998
1362 4147
1362 4153
1362 4193
1362 4202
1362 4270
1362 4313
1362 4374
1363 1478
1363 1535
1363 1871
1363 1948
1363 1983
1363 2037
1363 2041
1363 2556
1363 2612
1363 2824
1363 3010
1363 3058
1363 3685
1363 4023
1363 4095
1363 4309
1364 1983
1364 1987
1364 3242
1365 3020
1365 3680
1366 1557
1366 1634
1366 1657
1366 1752
1366 1813
1366 1833
1366 1842
1366 1878
1366 1929
1366 2171
1366 2208
1366 2222
1366 2341
1366 2470
1366 2474
1366 2620
1366 2704
1366 2767
1366 2815
1366 2823
1366 2917
1366 2927
1366 2994
1366 3007
1366 3008
1366 3014
1366 3043
1366 3200
1366 3280
1366 3334
1366 3359
1366 3533
1366 3540
1366 3613
1366 3625
1366 3630
1366 3852
1366 3853
1366 3934
1366 4039
1366 4077
1366 4137
1366 4195
1366 4246
1366 4279
1366 4299
1366 4456
1367 1547
1367 1911
1367 2012
1367 2253
1367 2360
1367 2383
1367 2477
1367 2597
1367 2624
1367 2626
1367 2826
1367 3055
1367 3100
1367 3186
1367 3205
1367 3409
1367 3468
1367 3868
1367 3876
1367 4350
1367 4351
1367 4361
1368 1376
1368 1385
1368 1399
1368 1409
1368 1425
1368 1446
1368 1447
1368 1452
1368 1475
1368 1511
1368 1535
1368 1575
1368 1579
1368 1628
1368 1638
1368 1655
1368 1664
1368 1737
1368 1748
1368 1764
1368 1766
1368 1791
1368 1797
1368 1801
1368 1826
1368 1866
1368 1884
1368 1948
1368 1956
1368 1977
1368 1979
1368 1983
1368 2028
1368 2037
1368 2071
1368 2130
1368 2149
1368 2166
1368 2199
1368 2270
1368 2334
1368 2404
1368 2430
1368 2501
1368 2537
1368 2555
1368 2583
1368 2589
1368 2592
1368 2628
1368 2631
1368 2648
1368 2649
1368 2751
1368 2771
1368 2850
1368 2863
1368 2869
1368 2954
1368 2991
1368 3010
1368 3017
1368 3023
1368 3024
1368 3034
1368 3051
1368 3058
1368 3081
1368 3082
1368 3092
1368 3123
1368 3131
1368 3178
1368 3189
1368 3194
1368 3213
1368 3225
1368 3237
1368 3252
1368 3265
1368 3275
1368 3321
1368 3331
1368 3354
1368 3404
1368 3405
1368 3406
1368 3444
1368 3501
1368 3519
1368 3541
1368 3565
1368 3583
1368 3589
1368 3638
1368 3654
1368 3666
1368 3678
1368 3697
1368 3723
1368 3742
1368 3758
1368 3762
1368 3772
1368 3776
1368 3791
1368 3848
1368 3875
1368 3889
1368 3908
1368 3950
1368 3983
1368 4076
1368 4095
1368 4134
1368 4181
1368 4240
1368 4242
1368 4250
1368 4272
1368 4296
1368 4307
1368 4309
1368 4316
1368 4326
1368 4330
1368 4347
1368 4360
1368 4377
1368 4425
1368 4426
1368 4431
1368 4432
1368 4450
1368 4482
1369 1491
1369 1725
1369 1785
1369 1823
1369 2009
1369 2114
1369 2332
1369 2590
1369 2835
1369 3246
1369 3589
1369 4118
1369 4434
1369 4484
1370 1451
1370 1557
1370 2004
1370 2359
1370 2405
1370 2425
1370 2609
1370 2715
1370 2989
1370 3400
1370 3650
1370 3778
1370 3904
1370 4143
1371 1458
1371 1531
1371 1541
1371 1581
1371 1719
1371 1726
1371 1772
1371 1810
1371 1823
1371 1827
1371 1851
1371 1943
1371 1944
1371 1958
1371 1969
1371 2075
1371 2094
1371 2122
1371 2137
1371 2472
1371 2523
1371 2642
1371 2739
1371 2745
1371 2795
1371 2831
1371 2845
1371 2859
1371 2878
1371 2947
1371 2956
1371 3031
1371 3086
1371 3254
1371 3374
1371 3716
1371 3896
1371 4015
1371 4082
1371 4110
1371 4271
1371 4304
1371 4305
1371 4337
1371 4395
1372 4015
1373 1424
1373 1450
1373 1485
1373 1507
1373 1522
1373 1550
1373 1592
1373 1651
1373 1684
1373 1686
1373 1747
1373 1758
1373 1786
1373 1808
1373 1864
1373 1869
1373 1954
1373 2115
1373 2178
1373 2182
1373 2227
1373 2238
1373 2285
1373 2366
1373 2420
1373 2422
1373 2450
1373 2496
1373 2535
1373 2564
1373 2594
1373 2619
1373 2622
1373 2652
1373 2659
1373 2678
1373 2683
1373 2699
1373 2701
1373 2726
1373 2740
1373 2780
1373 2805
1373 2961
1373 3009
1373 3061
1373 3067
1373 3076
1373 3111
1373 3113
1373 3129
1373 3175
1373 3181
1373 3185
1373 3264
1373 3299
1373 3349
1373 3392
1373 3417
1373 3430
1373 3446
1373 3520
1373 3528
1373 3615
1373 3647
1373 3728
1373 3767
1373 3782
1373 3784
1373 3812
1373 3815
1373 3847
1373 3850
1373 3862
1373 3878
1373 3893
1373 3897
1373 3923
1373 3955
1373 3975
1373 4008
1373 4021
1373 4042
1373 4056
1373 4138
1373 4142
1373 4174
1373 4185
1373 4236
1373 4270
1373 4298
1373 4312
1373 4313
1373 4331
1373 4352
1373 4370
1373 4383
1373 4422
1373 4441
1373 4479
1373 4486
1374 1411
1374 1754
1374 1756
1374 1770
1374 2210
1374 2567
1374 2588
1374 2596
1374 2996
1374 3113
1374 3608
1374 4003
1375 2931
1375 3036
1375 3159
1376 1385
1376 1399
1376 1414
1376 1425
1376 1445
1376 1446
1376 1447
1376 1452
1376 1475
1376 1511
1376 1535
1376 1575
1376 1628
1376 1638
1376 1655
1376 1712
1376 1737
1376 1764
1376 1766
1376 1791
1376 1866
1376 1884
1376 1948
1376 1977
1376 1979
1376 1983
1376 2028
1376 2037
1376 2071
1376 2114
1376 2130
1376 2155
1376 2166
1376 2199
1376 2241
1376 2270
1376 2300
1376 2357
1376 2404
1376 2430
1376 2453
1376 2501
1376 2524
1376 2555
1376 2565
1376 2583
1376 2589
1376 2592
1376 2628
1376 2631
1376 2648
1376 2649
1376 2656
1376 2660
1376 2751
1376 2771
1376 2781
1376 2830
1376 2850
1376 2863
1376 2867
1376 2869
1376 2901
1376 2920
1376 2922
1376 2954
1376 3010
1376 3011
1376 3017
1376 3020
1376 3023
1376 3024
1376 3034
1376 3058
1376 3064
1376 3067
1376 3082
1376 3131
1376 3178
1376 3189
1376 3194
1376 3195
1376 3213
1376 3237
1376 3252
1376 3265
1376 3275
1376 3290
1376 3321
1376 3327
1376 3331
1376 3343
1376 3404
1376 3406
1376 3413
1376 3446
1376 3501
1376 3519
1376 3541
1376 3565
1376 3589
1376 3654
1376 3666
1376 3672
1376 3678
1376 3697
1376 3742
1376 3758
1376 3762
1376 3776
1376 3837
1376 3848
1376 3875
1376 3908
1376 3950
1376 4076
1376 4095
1376 4115
1376 4134
1376 4139
1376 4146
1376 4181
1376 4199
1376 4216
1376 4240
1376 4242
1376 4250
1376 4272
1376 4292
1376 4307
1376 4309
1376 4316
1376 4326
1376 4330
1376 4331
1376 4347
1376 4360
1376 4377
1376 4425
1376 4431
1376 4432
1376 4450
1376 4470
1376 4481
1377 1393
1377 1395
1377 1407
1377 1432
1377 1434
1377 1650
1377 1665
1377 1723
1377 1784
1377 1831
1377 1860
1377 1862
1377 1896
1377 1897
1377 1907
1377 1926
1377 2025
1377 2034
1377 2042
1377 2093
1377 2099
1377 2121
1377 2157
1377 2230
1377 2281
1377 2316
1377 2378
1377 2390
1377 2441
1377 2468
1377 2484
1377 2487
1377 2520
1377 2804
1377 2997
1377 3113
1377 3271
1377 3282
1377 3309
1377 3443
1377 3471
1377 3553
1377 3573
1377 3598
1377 3691
1377 3924
1377 3931
1377 4100
1377 4104
1377 4114
1377 4169
1377 4327
1377 4342
1377 4381
1377 4451
1377 4457
1377 4459
1378 1565
1378 1588
1378 1598
1378 1760
1378 1904
1378 2018
1378 2215
1378 2500
1378 2515
1378 2585
1378 2668
1378 3000
1378 3155
1378 3158
1378 3272
1378 3364
1378 3538
1378 3734
1378 3832
1379 1561
1379 1599
1379 1690
1379 1790
1379 1834
1379 1911
1379 1997
1379 2084
1379 2120
1379 2151
1379 2203
1379 2204
1379 2209
1379 2257
1379 2336
1379 2343
1379 2360
1379 2418
1379 2419
1379 2443
1379 2514
1379 2538
1379 2544
1379 2597
1379 2599
1379 2608
1379 2624
1379 2626
1379 2641
1379 2730
1379 2769
1379 2901
1379 2940
1379 2975
1379 3016
1379 3048
1379 3055
1379 3100
1379 3160
1379 3183
1379 3204
1379 3205
1379 3231
1379 3257
1379 3297
1379 3366
1379 3369
1379 3409
1379 3420
1379 3434
1379 3451
1379 3468
1379 3534
1379 3594
1379 3612
1379 3622
1379 3642
1379 3694
1379 3732
1379 3733
1379 3750
1379 3787
1379 3791
1379 3847
1379 3867
1379 3868
1379 3873
1379 3876
1379 3925
1379 3935
1379 4002
1379 4078
1379 4089
1379 4141
1379 4171
1379 4211
1379 4231
1379 4255
1379 4314
1379 4393
1379 4419
1380 1508
1380 1523
1380 1561
1380 1622
1380 2054
1380 2058
1380 2262
1380 2308
1380 2618
1380 3247
1380 3426
1380 3462
1380 3468
1380 3474
1380 3609
1380 3773
1380 4256
1381 1733
1381 1983
1381 2729
1381 2873
1381 2876
1381 3267
1382 1408
1382 1409
1382 1462
1382 1472
1382 1584
1382 1660
1382 1679
1382 1725
1382 1811
1382 1816
1382 1882
1382 1883
1382 1916
1382 1922
1382 1925
1382 1983
1382 1999
1382 2003
1382 2009
1382 2029
1382 2044
1382 2046
1382 2068
1382 2083
1382 2113
1382 2200
1382 2206
1382 2232
1382 2287
1382 2290
1382 2300
1382 2309
1382 2356
1382 2398
1382 2473
1382 2499
1382 2686
1382 2689
1382 2755
1382 2758
1382 2776
1382 2787
1382 2794
1382 2809
1382 2822
1382 2833
1382 2837
1382 2856
1382 2858
1382 2899
1382 2910
1382 2918
1382 2924
1382 3038
1382 3082
1382 3106
1382 3107
1382 3138
1382 3209
1382 3246
1382 3258
1382 3260
1382 3293
1382 3327
1382 3343
1382 3365
1382 3386
1382 3408
1382 3425
1382 3487
1382 3506
1382 3564
1382 3569
1382 3590
1382 3604
1382 3611
1382 3623
1382 3685
1382 3706
1382 3718
1382 3724
1382 3800
1382 3899
1382 3970
1382 4023
1382 4037
1382 4058
1382 4060
1382 4080
1382 4095
1382 4118
1382 4145
1382 4154
1382 4178
1382 4219
1382 4234
1382 4259
1382 4260
1382 4287
1382 4325
1382 4331
1382 4346
1382 4398
1382 4410
1382 4434
1382 4454
1382 4461
1382 4465
1382 4478
1383 1463
1383 1658
1383 1692
1383 1700
1383 1911
1383 1914
1383 1933
1383 2032
1383 2058
1383 2209
1383 2308
1383 2538
1383 2548
1383 2571
1383 2599
1383 2626
1383 2791
1383 2974
1383 3048
1383 3160
1383 3215
1383 3227
1383 3339
1383 3340
1383 3368
1383 3468
1383 3658
1383 3681
1383 3694
1383 3759
1383 3873
1383 4024
1383 4089
1383 4141
1383 4253
1383 4353
1383 4436
1384 2946
1384 3486
1384 3834
1384 4015
1385 1399
1385 1414
1385 1425
1385 1446
1385 1447
1385 1452
1385 1475
1385 1496
1385 1511
1385 1535
1385 1575
1385 1579
1385 1584
1385 1628
1385 1638
1385 1655
1385 1712
1385 1737
1385 1748
1385 1764
1385 1766
1385 1801
1385 1806
1385 1825
1385 1826
1385 1866
1385 1884
1385 1931
1385 1948
1385 1956
1385 1977
1385 1979
1385 1983
1385 2028
1385 2037
1385 2047
1385 2071
1385 2114
1385 2130
1385 2149
1385 2155
1385 2166
1385 2194
1385 2241
1385 2259
1385 2270
1385 2357
1385 2368
1385 2381
1385 2404
1385 2430
1385 2453
1385 2485
1385 2501
1385 2555
1385 2558
1385 2583
1385 2589
1385 2592
1385 2614
1385 2628
1385 2631
1385 2648
1385 2649
1385 2656
1385 2660
1385 2734
1385 2747
1385 2751
1385 2771
1385 2781
1385 2830
1385 2850
1385 2863
1385 2867
1385 2904
1385 3010
1385 3011
1385 3017
1385 3020
1385 3023
1385 3024
1385 3034
1385 3058
1385 3064
1385 3082
1385 3123
1385 3131
1385 3170
1385 3178
1385 3189
1385 3194
1385 3195
1385 3213
1385 3237
1385 3252
1385 3265
1385 3275
1385 3321
1385 3331
1385 3354
1385 3369
1385 3404
1385 3405
1385 3406
1385 3413
1385 3501
1385 3506
1385 3519
1385 3541
1385 3565
1385 3589
1385 3638
1385 3654
1385 3666
1385 3678
1385 3697
1385 3742
1385 3758
1385 3762
1385 3776
1385 3837
1385 3848
1385 3875
1385 3889
1385 3908
1385 3950
1385 3983
1385 4076
1385 4095
1385 4117
1385 4134
1385 4145
1385 4240
1385 4242
1385 4250
1385 4272
1385 4307
1385 4309
1385 4316
1385 4326
1385 4330
1385 4347
1385 4360
1385 4377
1385 4425
1385 4431
1385 4432
1385 4450
1385 4482
1386 1466
1386 1763
1386 1771
1386 1781
1386 1934
1386 1963
1386 2129
1386 2248
1386 2507
1386 2553
1386 2632
1386 2637
1386 2789
1386 2802
1386 2864
1386 2913
1386 3015
1386 3095
1386 3244
1386 3270
1386 3317
1386 3378
1386 3402
1386 3461
1386 3468
1386 3497
1386 3629
1386 3633
1386 3714
1386 3747
1386 3826
1386 3836
1386 3906
1386 3997
1386 4074
1386 4214
1386 4222
1386 4430
1386 4448
1387 2953
1387 3468
1387 4400
1388 1942
1388 2275
1388 3190
1388 3353
1388 3376
1388 3584
1388 3869
1388 4015
1388 4149
1388 4177
1389 3468
1389 3806
1389 4038
1389 4371
1390 2842
1390 3080
1390 4285
1391 1734
1391 2067
1391 2615
1391 2691
1391 3262
1391 3543
1391 3957
1391 4217
1391 4382
1392 1451
1392 1557
1392 2359
1392 2405
1392 2425
1392 2609
1392 2715
1392 2989
1392 3400
1392 3778
1392 3904
1393 1498
1393 1504
1393 1536
1393 1539
1393 1627
1393 1665
1393 1784
1393 1831
1393 1860
1393 1872
1393 1907
1393 1926
1393 2025
1393 2101
1393 2281
1393 2316
1393 2351
1393 2390
1393 2436
1393 2468
1393 2533
1393 2579
1393 2650
1393 2684
1393 2997
1393 3063
1393 3101
1393 3113
1393 3235
1393 3282
1393 3285
1393 3309
1393 3535
1393 3553
1393 3598
1393 3691
1393 3749
1393 3849
1393 4119
1393 4128
1393 4244
1393 4342
1393 4367
1393 4379
1393 4381
1393 4387
1393 4457
1393 4459
1394 1520
1394 1792
1394 2271
1394 2506
1394 2679
1394 2852
1394 2902
1394 2981
1394 3211
1394 3315
1394 3468
1394 3600
1394 3682
1394 3821
1394 3901
1394 3951
1394 3982
1394 4098
1394 4204
1394 4228
1394 4295
1394 4310
1394 4428
1395 1434
1395 1650
1395 1784
1395 1831
1395 1839
1395 1860
1395 1907
1395 1926
1395 2025
1395 2093
1395 2099
1395 2157
1395 2164
1395 2230
1395 2281
1395 2316
1395 2378
1395 2468
1395 2487
1395 2550
1395 2634
1395 2804
1395 2997
1395 3101
1395 3113
1395 3282
1395 3344
1395 3351
1395 3424
1395 3471
1395 3496
1395 3553
1395 3573
1395 3691
1395 3749
1395 3924
1395 3931
1395 4100
1395 4104
1395 4114
1395 4209
1395 4327
1395 4342
1395 4381
1395 4387
1395 4451
1395 4457
1395 4459
1396 1574
1396 2231
1396 2410
1396 2945
1396 3266
1396 3744
1396 4015
1396 4340
1397 2228
1397 2475
1397 3380
1397 4424
1398 1566
1398 1590
1398 1752
1398 2211
1398 2284
1398 2325
1398 2370
1398 2521
1398 2525
1398 2603
1398 2788
1398 2804
1398 3041
1398 3113
1398 3168
1398 3210
1398 3503
1398 3540
1398 3560
1398 4055
1398 4116
1398 4289
1398 4402
1399 1414
1399 1425
1399 1446
1399 1447
1399 1452
1399 1475
1399 1496
1399 1511
1399 1535
1399 1575
1399 1579
1399 1628
1399 1638
1399 1655
1399 1686
1399 1712
1399 1737
1399 1748
1399 1764
1399 1766
1399 1791
1399 1797
1399 1801
1399 1826
1399 1866
1399 1931
1399 1948
1399 1956
1399 1977
1399 1979
1399 1983
1399 2028
1399 2037
1399 2071
1399 2114
1399 2130
1399 2149
1399 2155
1399 2270
1399 2294
1399 2300
1399 2334
1399 2385
1399 2404
1399 2430
1399 2501
1399 2555
1399 2583
1399 2589
1399 2592
1399 2628
1399 2631
1399 2648
1399 2649
1399 2656
1399 2751
1399 2771
1399 2781
1399 2830
1399 2850
1399 2863
1399 2867
1399 2901
1399 2950
1399 2954
1399 3010
1399 3011
1399 3017
1399 3020
1399 3023
1399 3024
1399 3034
1399 3058
1399 3064
1399 3123
1399 3131
1399 3170
1399 3178
1399 3189
1399 3194
1399 3195
1399 3213
1399 3237
1399 3252
1399 3265
1399 3290
1399 3321
1399 3331
1399 3369
1399 3404
1399 3405
1399 3413
1399 3501
1399 3519
1399 3541
1399 3565
1399 3589
1399 3621
1399 3638
1399 3654
1399 3666
1399 3678
1399 3697
1399 3736
1399 3742
1399 3762
1399 3776
1399 3837
1399 3875
1399 3908
1399 3923
1399 3983
1399 4067
1399 4076
1399 4090
1399 4134
1399 4139
1399 4181
1399 4240
1399 4242
1399 4250
1399 4272
1399 4307
1399 4309
1399 4316
1399 4326
1399 4330
1399 4347
1399 4360
1399 4377
1399 4422
1399 4425
1399 4431
1399 4432
1399 4470
1399 4481
1399 4482
1400 2606
1400 3113
1400 3172
1400 3207
1400 3245
1400 3797
1401 1561
1401 1599
1401 1834
1401 2513
1401 2514
1401 2538
1401 3104
1401 3110
1401 3160
1401 3468
1401 3820
1401 3954
1401 4314
1402 1450
1402 1550
1402 1651
1402 1730
1402 1751
1402 1808
1402 1869
1402 2098
1402 2182
1402 2285
1402 2305
1402 2446
1402 2619
1402 2659
1402 2699
1402 2726
1402 3033
1402 3076
1402 3084
1402 3111
1402 3113
1402 3264
1402 3299
1402 3392
1402 3417
1402 3452
1402 3715
1402 3767
1402 3782
1402 3812
1402 3878
1402 4008
1402 4052
1402 4056
1402 4138
1402 4153
1402 4174
1402 4185
1402 4236
1402 4352
1402 4383
1402 4433
1402 4488
1403 1408
1403 1737
1403 1916
1403 1977
1403 1983
1403 1998
1403 1999
1403 2003
1403 2009
1403 2232
1403 2309
1403 2473
1403 2499
1403 2649
1403 2686
1403 2776
1403 2858
1403 3082
1403 3107
1403 3258
1403 3260
1403 3365
1403 3445
1403 3487
1403 3505
1403 3569
1403 3611
1403 3718
1403 3884
1403 4023
1403 4095
1403 4145
1403 4258
1403 4259
1403 4410
1403 4465
1404 1405
1404 1522
1404 1543
1404 1747
1404 1775
1404 1864
1404 1954
1404 2227
1404 2285
1404 2422
1404 2423
1404 2442
1404 2496
1404 2594
1404 2652
1404 2666
1404 2683
1404 2805
1404 2909
1404 3069
1404 3111
1404 3113
1404 3129
1404 3151
1404 3185
1404 3187
1404 3214
1404 3273
1404 3417
1404 3615
1404 3728
1404 3767
1404 3815
1404 3819
1404 3850
1404 3857
1404 3862
1404 3893
1404 3955
1404 3998
1404 4021
1404 4153
1404 4262
1404 4270
1404 4290
1404 4370
1404 4469
1404 4479
1404 4486
1405 1512
1405 1684
1405 1775
1405 1800
1405 1871
1405 1877
1405 1954
1405 1973
1405 2098
1405 2176
1405 2227
1405 2298
1405 2423
1405 2480
1405 2496
1405 2594
1405 2652
1405 2683
1405 2728
1405 2805
1405 2909
1405 3033
1405 3113
1405 3129
1405 3151
1405 3187
1405 3214
1405 3329
1405 3417
1405 3562
1405 3586
1405 3615
1405 3646
1405 3665
1405 3708
1405 3720
1405 3728
1405 3840
1405 3857
1405 3893
1405 3955
1405 3998
1405 4132
1405 4153
1405 4174
1405 4202
1405 4270
1405 4290
1405 4334
1405 4370
1405 4479
1406 1422
1406 1424
1406 1426
1406 1450
1406 1454
1406 1507
1406 1512
1406 1543
1406 1554
1406 1647
1406 1740
1406 1751
1406 1814
1406 1877
1406 1973
1406 2015
1406 2069
1406 2088
1406 2123
1406 2178
1406 2238
1406 2242
1406 2249
1406 2298
1406 2301
1406 2366
1406 2420
1406 2422
1406 2442
1406 2450
1406 2480
1406 2524
1406 2537
1406 2564
1406 2565
1406 2629
1406 2659
1406 2727
1406 2732
1406 2813
1406 2821
1406 2838
1406 2855
1406 2880
1406 2948
1406 3033
1406 3113
1406 3129
1406 3132
1406 3151
1406 3181
1406 3187
1406 3357
1406 3392
1406 3399
1406 3432
1406 3464
1406 3515
1406 3521
1406 3528
1406 3562
1406 3586
1406 3715
1406 3728
1406 3739
1406 3782
1406 3784
1406 3791
1406 3802
1406 3842
1406 3878
1406 3893
1406 3897
1406 3961
1406 3987
1406 3998
1406 4008
1406 4020
1406 4021
1406 4052
1406 4113
1406 4142
1406 4146
1406 4147
1406 4153
1406 4188
1406 4193
1406 4196
1406 4202
1406 4262
1406 4270
1406 4290
1406 4313
1406 4370
1406 4396
1406 4469
1406 4479
1406 4486
1406 4488
1407 1538
1407 1650
1407 1860
1407 1907
1407 2157
1407 2164
1407 2224
1407 2251
1407 2378
1407 2550
1407 2804
1407 2997
1407 3101
1407 3113
1407 3355
1407 3471
1407 3553
1407 3582
1407 3770
1407 4100
1407 4379
1407 4444
1407 4451
1408 1423
1408 1443
1408 1514
1408 1584
1408 1601
1408 1624
1408 1677
1408 1679
1408 1731
1408 1811
1408 1830
1408 1916
1408 1922
1408 1925
1408 1950
1408 1983
1408 1993
1408 1999
1408 2003
1408 2029
1408 2044
1408 2046
1408 2065
1408 2068
1408 2113
1408 2179
1408 2184
1408 2206
1408 2232
1408 2276
1408 2287
1408 2290
1408 2297
1408 2309
1408 2356
1408 2358
1408 2372
1408 2398
1408 2429
1408 2459
1408 2495
1408 2499
1408 2566
1408 2572
1408 2600
1408 2617
1408 2658
1408 2672
1408 2686
1408 2702
1408 2734
1408 2755
1408 2758
1408 2776
1408 2787
1408 2794
1408 2810
1408 2822
1408 2833
1408 2837
1408 2858
1408 2899
1408 2910
1408 2924
1408 3009
1408 3038
1408 3082
1408 3107
1408 3112
1408 3138
1408 3162
1408 3225
1408 3232
1408 3237
1408 3246
1408 3258
1408 3260
1408 3293
1408 3365
1408 3369
1408 3408
1408 3425
1408 3436
1408 3467
1408 3487
1408 3564
1408 3569
1408 3590
1408 3604
1408 3611
1408 3626
1408 3685
1408 3706
1408 3708
1408 3724
1408 3777
1408 3783
1408 3800
1408 3833
1408 3899
1408 4023
1408 4058
1408 4060
1408 4080
1408 4095
1408 4145
1408 4154
1408 4178
1408 4219
1408 4223
1408 4234
1408 4258
1408 4260
1408 4287
1408 4294
1408 4296
1408 4326
1408 4346
1408 4398
1408 4410
1408 4454
1408 4461
1408 4465
1408 4478
1409 1511
1409 1550
1409 1575
1409 1752
1409 1866
1409 1871
1409 2083
1409 2341
1409 2592
1409 2649
1409 2686
1409 2863
1409 3033
1409 3113
1409 3178
1409 3189
1409 3258
1409 3265
1409 3321
1409 3405
1409 3501
1409 3611
1409 3638
1409 3697
1409 3724
1409 3837
1409 3878
1409 3910
1409 4138
1409 4154
1409 4270
1409 4309
1409 4316
1409 4347
1409 4370
1409 4410
1410 1562
1410 1591
1410 1640
1410 1990
1410 2050
1410 2209
1410 2731
1410 2760
1410 2940
1410 3048
1410 3133
1410 3204
1410 3227
1410 3289
1410 3457
1410 3468
1410 3642
1410 3694
1410 3750
1410 3799
1410 3817
1410 3959
1410 4024
1410 4069
1410 4253
1410 4255
1410 4436
1411 1586
1411 1754
1411 1770
1411 1974
1411 2210
1411 2478
1411 2532
1411 2567
1411 2588
1411 2596
1411 2603
1411 2990
1411 2996
1411 3113
1411 3608
1411 3713
1411 3932
1411 4003
1411 4443
1412 1941
1412 2575
1412 2613
1412 2886
1412 2985
1412 4247
1412 4427
1413 1952
1413 2237
1413 2543
1414 1446
1414 1447
1414 1452
1414 1470
1414 1475
1414 1496
1414 1535
1414 1575
1414 1628
1414 1655
1414 1664
1414 1679
1414 1686
1414 1712
1414 1737
1414 1764
1414 1766
1414 1791
1414 1826
1414 1866
1414 1948
1414 1956
1414 1979
1414 1983
1414 2028
1414 2037
1414 2130
1414 2155
1414 2270
1414 2288
1414 2385
1414 2404
1414 2430
1414 2485
1414 2501
1414 2537
1414 2555
1414 2583
1414 2589
1414 2628
1414 2649
1414 2656
1414 2751
1414 2771
1414 2781
1414 2830
1414 2838
1414 2850
1414 2863
1414 2867
1414 2950
1414 2954
1414 3010
1414 3011
1414 3017
1414 3023
1414 3024
1414 3034
1414 3123
1414 3131
1414 3178
1414 3189
1414 3194
1414 3195
1414 3213
1414 3225
1414 3237
1414 3246
1414 3252
1414 3265
1414 3275
1414 3290
1414 3321
1414 3331
1414 3405
1414 3406
1414 3413
1414 3436
1414 3446
1414 3501
1414 3506
1414 3541
1414 3565
1414 3589
1414 3638
1414 3654
1414 3678
1414 3742
1414 3758
1414 3762
1414 3837
1414 3854
1414 3983
1414 4023
1414 4076
1414 4095
1414 4134
1414 4157
1414 4240
1414 4250
1414 4272
1414 4309
1414 4326
1414 4330
1414 4347
1414 4377
1414 4425
1414 4431
1414 4432
1414 4481
1414 4482
1415 1856
1415 1906
1415 2201
1415 2220
1415 2376
1415 2448
1415 2581
1415 2814
1415 2895
1415 3313
1415 3322
1415 3391
1415 3684
1415 3929
1415 4015
1416 1542
1416 2076
1416 2681
1416 3140
1416 3222
1416 3324
1416 4000
1416 4285
1417 1532
1417 2144
1417 3113
1417 3214
1418 1631
1418 3160
1418 3409
1418 3468
1418 4231
1419 1697
1419 1756
1419 2138
1419 2313
1419 2827
1419 2860
1419 2915
1419 2984
1419 3113
1419 3250
1419 3279
1419 3344
1419 3483
1419 3588
1419 3616
1419 3660
1419 3670
1419 3872
1419 4084
1419 4191
1419 4339
1419 4460
1419 4487
1420 1576
1420 1853
1420 1983
1420 2352
1420 2528
1420 2574
1420 2672
1420 3106
1420 3139
1420 3253
1420 3397
1420 3632
1420 3864
1420 3879
1420 3880
1420 3976
1420 4224
1420 4338
1421 1744
1421 1780
1421 1894
1421 1964
1421 1966
1421 2159
1421 2197
1421 2250
1421 2266
1421 2312
1421 2527
1421 2543
1421 3021
1421 3484
1421 3494
1421 3639
1421 3661
1421 3748
1421 3861
1421 4013
1421 4019
1421 4093
1421 4156
1422 1424
1422 1429
1422 1512
1422 1621
1422 1718
1422 1807
1422 1937
1422 2123
1422 2135
1422 2242
1422 2366
1422 2659
1422 2696
1422 2801
1422 2907
1422 3042
1422 3113
1422 3329
1422 3399
1422 3515
1422 3521
1422 3528
1422 3564
1422 3566
1422 3646
1422 3708
1422 3720
1422 3784
1422 3794
1422 3810
1422 3866
1422 3897
1422 4075
1422 4202
1422 4384
1422 4396
1422 4409
1423 1441
1423 1601
1423 1624
1423 1731
1423 1830
1423 1925
1423 1983
1423 1993
1423 2046
1423 2068
1423 2179
1423 2196
1423 2206
1423 2276
1423 2287
1423 2290
1423 2309
1423 2429
1423 2495
1423 2555
1423 2566
1423 2617
1423 2689
1423 2702
1423 2755
1423 2787
1423 2810
1423 3038
1423 3246
1423 3425
1423 3569
1423 3685
1423 3718
1423 3724
1423 4058
1423 4145
1423 4219
1423 4258
1423 4406
1424 1450
1424 1503
1424 1507
1424 1543
1424 1592
1424 1651
1424 1682
1424 1684
1424 1696
1424 1705
1424 1730
1424 1732
1424 1740
1424 1747
1424 1751
1424 1789
1424 1808
1424 1814
1424 1869
1424 1877
1424 1886
1424 1895
1424 2069
1424 2088
1424 2115
1424 2123
1424 2178
1424 2182
1424 2205
1424 2226
1424 2249
1424 2285
1424 2301
1424 2305
1424 2414
1424 2420
1424 2442
1424 2450
1424 2476
1424 2491
1424 2594
1424 2619
1424 2678
1424 2699
1424 2735
1424 2784
1424 2813
1424 2821
1424 2849
1424 2855
1424 2901
1424 2948
1424 2992
1424 3033
1424 3061
1424 3076
1424 3111
1424 3113
1424 3129
1424 3132
1424 3170
1424 3181
1424 3264
1424 3356
1424 3379
1424 3392
1424 3417
1424 3436
1424 3452
1424 3457
1424 3464
1424 3506
1424 3515
1424 3521
1424 3528
1424 3586
1424 3643
1424 3646
1424 3647
1424 3715
1424 3723
1424 3728
1424 3739
1424 3767
1424 3782
1424 3784
1424 3791
1424 3802
1424 3812
1424 3819
1424 3854
1424 3897
1424 3961
1424 4008
1424 4020
1424 4043
1424 4056
1424 4090
1424 4113
1424 4147
1424 4153
1424 4174
1424 4185
1424 4188
1424 4270
1424 4298
1424 4313
1424 4317
1424 4352
1424 4383
1424 4422
1424 4479
1424 4488
1425 1440
1425 1446
1425 1447
1425 1452
1425 1470
1425 1475
1425 1511
1425 1528
1425 1535
1425 1628
1425 1638
1425 1655
1425 1712
1425 1737
1425 1764
1425 1766
1425 1791
1425 1797
1425 1801
1425 1866
1425 1899
1425 1948
1425 1977
1425 1979
1425 1983
1425 2028
1425 2037
1425 2065
1425 2071
1425 2114
1425 2130
1425 2155
1425 2166
1425 2200
1425 2241
1425 2270
1425 2288
1425 2294
1425 2334
1425 2357
1425 2404
1425 2430
1425 2524
1425 2555
1425 2583
1425 2589
1425 2592
1425 2628
1425 2631
1425 2649
1425 2656
1425 2660
1425 2734
1425 2751
1425 2781
1425 2830
1425 2850
1425 2863
1425 2867
1425 2950
1425 2954
1425 3005
1425 3010
1425 3017
1425 3020
1425 3023
1425 3024
1425 3058
1425 3064
1425 3082
1425 3131
1425 3147
1425 3178
1425 3189
1425 3194
1425 3195
1425 3202
1425 3213
1425 3237
1425 3252
1425 3265
1425 3404
1425 3405
1425 3406
1425 3413
1425 3461
1425 3501
1425 3519
1425 3541
1425 3565
1425 3638
1425 3654
1425 3666
1425 3678
1425 3697
1425 3742
1425 3758
1425 3762
1425 3772
1425 3776
1425 3837
1425 3847
1425 3848
1425 3863
1425 3889
1425 3908
1425 3950
1425 3983
1425 4061
1425 4076
1425 4181
1425 4240
1425 4242
1425 4250
1425 4272
1425 4292
1425 4307
1425 4309
1425 4317
1425 4326
1425 4330
1425 4331
1425 4347
1425 4360
1425 4377
1425 4425
1425 4431
1425 4432
1425 4482
1426 1566
1426 1743
1426 1829
1426 2086
1426 2092
1426 2233
1426 2302
1426 2664
1426 2669
1426 2678
1426 2693
1426 2804
1426 2934
1426 3053
1426 3113
1426 3164
1426 3210
1426 3540
1426 3560
1426 3648
1426 3802
1426 4055
1426 4109
1426 4114
1426 4116
1426 4191
1426 4265
1426 4402
1427 1626
1427 2011
1427 2237
1427 2293
1427 2543
1427 2778
1427 3743
1427 3992
1428 1581
1428 1617
1428 1619
1428 1719
1428 1726
1428 1810
1428 1848
1428 1851
1428 1958
1428 2048
1428 2122
1428 2137
1428 2386
1428 2497
1428 2590
1428 2642
1428 2746
1428 2831
1428 2859
1428 2878
1428 3374
1428 3571
1428 3581
1428 3705
1428 3721
1428 3796
1428 3804
1428 4014
1428 4015
1428 4110
1429 1569
1429 2907
1429 3113
1429 3564
1429 3646
1429 3803
1429 4392
1430 1544
1430 1645
1430 2162
1430 2667
1430 2712
1430 2905
1430 3030
1430 3056
1430 3375
1430 3453
1430 3468
1430 3511
1430 3547
1430 3937
1430 3972
1430 4263
1430 4439
1431 1437
1431 1479
1431 1600
1431 1650
1431 1678
1431 1972
1431 2078
1431 2146
1431 2160
1431 2256
1431 2318
1431 2407
1431 2547
1431 2562
1431 2796
1431 2998
1431 3025
1431 3113
1431 3229
1431 3363
1431 3390
1431 3527
1431 3536
1431 3686
1431 4206
1431 4226
1431 4446
1431 4477
1432 1434
1432 1650
1432 1860
1432 1907
1432 1926
1432 2042
1432 2378
1432 2441
1432 2550
1432 2634
1432 2695
1432 3113
1432 3282
1432 3285
1432 3471
1432 3924
1432 3931
1432 4100
1432 4169
1432 4209
1432 4327
1432 4342
1432 4381
1432 4451
1432 4459
1433 1458
1433 1848
1433 2642
1433 2745
1433 3094
1433 3796
1433 4015
1433 4271
1434 1650
1434 1860
1434 1907
1434 1926
1434 2025
1434 2230
1434 2281
1434 2354
1434 2378
1434 2441
1434 2468
1434 2550
1434 2804
1434 3113
1434 3271
1434 3471
1434 3573
1434 3924
1434 3931
1434 4100
1434 4169
1434 4209
1434 4342
1434 4381
1434 4451
1434 4457
1434 4459
1435 2038
1435 2489
1435 2541
1435 2604
1435 2987
1435 3468
1436 1551
1436 1659
1436 1675
1436 2014
1436 2399
1436 2931
1436 3127
1436 3180
1436 3793
1436 4102
1436 4123
1436 4485
1437 1479
1437 1600
1437 1972
1437 2078
1437 2146
1437 2256
1437 2318
1437 2407
1437 2547
1437 2562
1437 2796
1437 2998
1437 3025
1437 3113
1437 3229
1437 3363
1437 3390
1437 3527
1437 3536
1437 3686
1437 3729
1437 4206
1437 4226
1437 4446
1437 4477
1438 2307
1438 2452
1438 2512
1438 2942
1438 3105
1439 1661
1439 1983
1439 2043
1439 2361
1439 2488
1439 2759
1439 3174
1439 3209
1439 3218
1439 3830
1439 4035
1439 4106
1440 1475
1440 1674
1440 1712
1440 1764
1440 1766
1440 1791
1440 1866
1440 1948
1440 1979
1440 1983
1440 2114
1440 2404
1440 2555
1440 2589
1440 2649
1440 2665
1440 2689
1440 2830
1440 2850
1440 2867
1440 2922
1440 3020
1440 3023
1440 3024
1440 3058
1440 3081
1440 3131
1440 3178
1440 3194
1440 3195
1440 3237
1440 3578
1440 3621
1440 3638
1440 3654
1440 3776
1440 3786
1440 4037
1440 4134
1440 4157
1440 4181
1440 4216
1440 4232
1440 4240
1440 4250
1440 4347
1440 4377
1440 4425
1440 4437
1441 1577
1441 1584
1441 1725
1441 1925
1441 1983
1441 2046
1441 2068
1441 2083
1441 2196
1441 2206
1441 2287
1441 2290
1441 2309
1441 2398
1441 2702
1441 2776
1441 2858
1441 3017
1441 3209
1441 3258
1441 3293
1441 3425
1441 3487
1441 3564
1441 3685
1441 3706
1441 3708
1441 3718
1441 4023
1441 4060
1441 4080
1441 4095
1441 4145
1441 4234
1441 4346
1441 4398
1441 4461
1442 1624
1442 1653
1442 1667
1442 1671
1442 1677
1442 1689
1442 1713
1442 1733
1442 1795
1442 1882
1442 1983
1442 2043
1442 2304
1442 2408
1442 2686
1442 2721
1442 2748
1442 2865
1442 3209
1442 3260
1442 3286
1442 3293
1442 3328
1442 3395
1442 3467
1442 3488
1442 3604
1442 3783
1442 3800
1442 3855
1442 3871
1442 3933
1442 4023
1442 4060
1442 4208
1442 4269
1442 4287
1442 4324
1442 4407
1442 4409
1442 4461
1442 4478
1443 1514
1443 1677
1443 1811
1443 1882
1443 1916
1443 1922
1443 1950
1443 1983
1443 2003
1443 2046
1443 2206
1443 2287
1443 2309
1443 2356
1443 2381
1443 2600
1443 2658
1443 2755
1443 2758
1443 2776
1443 2787
1443 2794
1443 2858
1443 2899
1443 2910
1443 3081
1443 3112
1443 3138
1443 3162
1443 3237
1443 3293
1443 3386
1443 3611
1443 3685
1443 3708
1443 3724
1443 3800
1443 3899
1443 4023
1443 4058
1443 4060
1443 4080
1443 4145
1443 4154
1443 4234
1443 4287
1443 4294
1443 4346
1443 4398
1443 4410
1443 4454
1443 4465
1443 4478
1444 1557
1444 1616
1444 1729
1444 1738
1444 1752
1444 1842
1444 1873
1444 1878
1444 1929
1444 1930
1444 2027
1444 2063
1444 2171
1444 2185
1444 2208
1444 2222
1444 2229
1444 2331
1444 2341
1444 2447
1444 2470
1444 2804
1444 2887
1444 2939
1444 2957
1444 3007
1444 3008
1444 3014
1444 3043
1444 3093
1444 3241
1444 3269
1444 3280
1444 3613
1444 3625
1444 3630
1444 3852
1444 3853
1444 3877
1444 3993
1444 4039
1444 4159
1444 4190
1444 4210
1444 4243
1444 4279
1444 4378
1444 4412
1444 4435
1444 4456
1444 4474
1445 1446
1445 1450
1445 1507
1445 1638
1445 1766
1445 1797
1445 1979
1445 1983
1445 2029
1445 2130
1445 2149
1445 2178
1445 2309
1445 2430
1445 2659
1445 2771
1445 2830
1445 2833
1445 2850
1445 2863
1445 2948
1445 3023
1445 3111
1445 3187
1445 3468
1445 3706
1445 3742
1445 4015
1445 4192
1445 4193
1445 4262
1445 4330
1445 4482
1446 1447
1446 1452
1446 1475
1446 1496
1446 1511
1446 1535
1446 1575
1446 1579
1446 1628
1446 1638
1446 1712
1446 1737
1446 1748
1446 1764
1446 1766
1446 1791
1446 1797
1446 1826
1446 1866
1446 1931
1446 1948
1446 1956
1446 1977
1446 1979
1446 1981
1446 1983
1446 2028
1446 2037
1446 2056
1446 2071
1446 2114
1446 2130
1446 2149
1446 2155
1446 2166
1446 2200
1446 2241
1446 2270
1446 2288
1446 2334
1446 2357
1446 2385
1446 2404
1446 2430
1446 2485
1446 2501
1446 2555
1446 2583
1446 2589
1446 2592
1446 2614
1446 2628
1446 2631
1446 2648
1446 2649
1446 2656
1446 2751
1446 2771
1446 2781
1446 2830
1446 2849
1446 2850
1446 2863
1446 2867
1446 2869
1446 2954
1446 3009
1446 3010
1446 3011
1446 3017
1446 3020
1446 3023
1446 3024
1446 3034
1446 3058
1446 3082
1446 3123
1446 3131
1446 3147
1446 3178
1446 3189
1446 3194
1446 3213
1446 3225
1446 3237
1446 3252
1446 3265
1446 3275
1446 3290
1446 3321
1446 3331
1446 3356
1446 3404
1446 3405
1446 3406
1446 3413
1446 3446
1446 3501
1446 3519
1446 3541
1446 3565
1446 3583
1446 3589
1446 3638
1446 3654
1446 3666
1446 3678
1446 3697
1446 3742
1446 3758
1446 3762
1446 3791
1446 3837
1446 3848
1446 3863
1446 3875
1446 3889
1446 3908
1446 3923
1446 3983
1446 3987
1446 4067
1446 4076
1446 4134
1446 4139
1446 4157
1446 4181
1446 4240
1446 4242
1446 4250
1446 4260
1446 4272
1446 4293
1446 4309
1446 4316
1446 4326
1446 4330
1446 4347
1446 4360
1446 4377
1446 4425
1446 4431
1446 4432
1446 4450
1446 4481
1446 4482
1447 1452
1447 1475
1447 1496
1447 1511
1447 1535
1447 1575
1447 1628
1447 1638
1447 1655
1447 1674
1447 1682
1447 1686
1447 1712
1447 1737
1447 1748
1447 1764
1447 1766
1447 1791
1447 1797
1447 1802
1447 1826
1447 1841
1447 1866
1447 1884
1447 1895
1447 1948
1447 1956
1447 1977
1447 1979
1447 1982
1447 1983
1447 2028
1447 2037
1447 2071
1447 2114
1447 2130
1447 2149
1447 2155
1447 2166
1447 2199
1447 2270
1447 2288
1447 2294
1447 2334
1447 2357
1447 2363
1447 2368
1447 2404
1447 2430
1447 2501
1447 2555
1447 2583
1447 2589
1447 2592
1447 2614
1447 2628
1447 2631
1447 2648
1447 2649
1447 2656
1447 2660
1447 2733
1447 2751
1447 2771
1447 2781
1447 2830
1447 2850
1447 2863
1447 2867
1447 2869
1447 2950
1447 2954
1447 3010
1447 3011
1447 3017
1447 3020
1447 3023
1447 3024
1447 3034
1447 3058
1447 3082
1447 3123
1447 3131
1447 3178
1447 3189
1447 3194
1447 3213
1447 3225
1447 3237
1447 3252
1447 3265
1447 3275
1447 3290
1447 3321
1447 3331
1447 3404
1447 3405
1447 3406
1447 3413
1447 3458
1447 3501
1447 3519
1447 3541
1447 3565
1447 3589
1447 3621
1447 3638
1447 3654
1447 3666
1447 3678
1447 3697
1447 3742
1447 3758
1447 3762
1447 3776
1447 3837
1447 3848
1447 3875
1447 3908
1447 3950
1447 4070
1447 4076
1447 4095
1447 4134
1447 4139
1447 4181
1447 4199
1447 4216
1447 4240
1447 4242
1447 4250
1447 4272
1447 4292
1447 4293
1447 4307
1447 4309
1447 4316
1447 4326
1447 4330
1447 4347
1447 4360
1447 4377
1447 4425
1447 4426
1447 4431
1447 4432
1447 4450
1447 4482
1448 2707
1448 4025
1449 1709
1449 2134
1449 2248
1449 2273
1449 2461
1449 2708
1449 2802
1449 3028
1449 3103
1449 3468
1449 3627
1449 3677
1449 3743
1449 4192
1449 4214
1449 4227
1449 4421
1450 1454
1450 1480
1450 1543
1450 1550
1450 1554
1450 1647
1450 1684
1450 1702
1450 1747
1450 1751
1450 1758
1450 1775
1450 1786
1450 1806
1450 1808
1450 1815
1450 1844
1450 1864
1450 1871
1450 1877
1450 1973
1450 2015
1450 2047
1450 2088
1450 2095
1450 2098
1450 2104
1450 2115
1450 2123
1450 2178
1450 2182
1450 2238
1450 2249
1450 2285
1450 2298
1450 2387
1450 2392
1450 2414
1450 2415
1450 2420
1450 2422
1450 2442
1450 2450
1450 2457
1450 2485
1450 2496
1450 2535
1450 2556
1450 2558
1450 2564
1450 2594
1450 2598
1450 2619
1450 2622
1450 2652
1450 2698
1450 2699
1450 2726
1450 2740
1450 2743
1450 2747
1450 2780
1450 2805
1450 2821
1450 2855
1450 2869
1450 2901
1450 2904
1450 2975
1450 3009
1450 3033
1450 3061
1450 3076
1450 3084
1450 3111
1450 3113
1450 3129
1450 3151
1450 3181
1450 3187
1450 3198
1450 3220
1450 3264
1450 3299
1450 3327
1450 3349
1450 3392
1450 3417
1450 3430
1450 3432
1450 3464
1450 3478
1450 3485
1450 3515
1450 3520
1450 3521
1450 3528
1450 3562
1450 3615
1450 3647
1450 3710
1450 3715
1450 3723
1450 3728
1450 3737
1450 3767
1450 3782
1450 3784
1450 3812
1450 3819
1450 3850
1450 3857
1450 3860
1450 3878
1450 3893
1450 3897
1450 3955
1450 3961
1450 3977
1450 4008
1450 4020
1450 4021
1450 4040
1450 4042
1450 4052
1450 4056
1450 4057
1450 4113
1450 4117
1450 4132
1450 4138
1450 4146
1450 4153
1450 4185
1450 4188
1450 4193
1450 4196
1450 4236
1450 4262
1450 4270
1450 4290
1450 4298
1450 4312
1450 4313
1450 4319
1450 4334
1450 4370
1450 4383
1450 4389
1450 4469
1450 4479
1450 4486
1450 4488
1451 1557
1451 2082
1451 2359
1451 2405
1451 2425
1451 2609
1451 2715
1451 2989
1451 2999
1451 3400
1451 3650
1451 3778
1451 3904
1451 4071
1452 1475
1452 1496
1452 1511
1452 1528
1452 1535
1452 1575
1452 1628
1452 1638
1452 1655
1452 1674
1452 1696
1452 1712
1452 1737
1452 1748
1452 1764
1452 1766
1452 1791
1452 1797
1452 1802
1452 1825
1452 1866
1452 1884
1452 1895
1452 1899
1452 1931
1452 1948
1452 1956
1452 1979
1452 1982
1452 1983
1452 2028
1452 2037
1452 2071
1452 2130
1452 2149
1452 2166
1452 2199
1452 2241
1452 2255
1452 2270
1452 2294
1452 2300
1452 2334
1452 2357
1452 2385
1452 2404
1452 2453
1452 2491
1452 2501
1452 2537
1452 2555
1452 2565
1452 2583
1452 2589
1452 2592
1452 2614
1452 2631
1452 2648
1452 2649
1452 2656
1452 2734
1452 2735
1452 2751
1452 2771
1452 2781
1452 2830
1452 2850
1452 2863
1452 2920
1452 2954
1452 3005
1452 3010
1452 3017
1452 3020
1452 3023
1452 3024
1452 3034
1452 3058
1452 3064
1452 3067
1452 3123
1452 3131
1452 3194
1452 3195
1452 3202
1452 3213
1452 3225
1452 3237
1452 3252
1452 3275
1452 3290
1452 3321
1452 3331
1452 3404
1452 3405
1452 3406
1452 3413
1452 3501
1452 3519
1452 3541
1452 3589
1452 3638
1452 3654
1452 3666
1452 3697
1452 3742
1452 3762
1452 3875
1452 3889
1452 3908
1452 3950
1452 3983
1452 3991
1452 4076
1452 4090
1452 4115
1452 4134
1452 4139
1452 4181
1452 4216
1452 4240
1452 4242
1452 4250
1452 4272
1452 4292
1452 4307
1452 4309
1452 4316
1452 4330
1452 4347
1452 4377
1452 4425
1452 4431
1452 4432
1452 4441
1452 4450
1452 4475
1452 4481
1452 4483
1453 1463
1453 1658
1453 1704
1453 1997
1453 2032
1453 2761
1453 3226
1453 3368
1453 3468
1453 3792
1453 3817
1453 4069
1453 4254
1453 4264
1454 1485
1454 1507
1454 1512
1454 1543
1454 1550
1454 1582
1454 1664
1454 1684
1454 1747
1454 1751
1454 1841
1454 1871
1454 1877
1454 1895
1454 2049
1454 2098
1454 2115
1454 2123
1454 2178
1454 2205
1454 2226
1454 2238
1454 2249
1454 2413
1454 2422
1454 2442
1454 2450
1454 2457
1454 2480
1454 2485
1454 2524
1454 2535
1454 2594
1454 2598
1454 2622
1454 2698
1454 2726
1454 2780
1454 2784
1454 2801
1454 2821
1454 2855
1454 2901
1454 2975
1454 3033
1454 3061
1454 3111
1454 3113
1454 3129
1454 3151
1454 3187
1454 3214
1454 3392
1454 3399
1454 3430
1454 3478
1454 3528
1454 3562
1454 3586
1454 3710
1454 3728
1454 3737
1454 3739
1454 3784
1454 3819
1454 3847
1454 3857
1454 3939
1454 3961
1454 4008
1454 4042
1454 4153
1454 4193
1454 4236
1454 4260
1454 4270
1454 4293
1454 4298
1454 4312
1454 4313
1454 4370
1454 4383
1454 4396
1454 4469
1454 4479
1454 4488
1455 1971
1455 2543
1455 2706
1455 2777
1455 3242
1455 3461
1455 3489
1455 4126
1455 4152
1456 1557
1456 1614
1456 1634
1456 1721
1456 1813
1456 1833
1456 2177
1456 2341
1456 2718
1456 3150
1456 3259
1456 3288
1456 3352
1456 3700
1456 4333
1457 1488
1457 1503
1457 1582
1457 1647
1457 1684
1457 1732
1457 1844
1457 1871
1457 1880
1457 1973
1457 2015
1457 2115
1457 2226
1457 2227
1457 2422
1457 2456
1457 2483
1457 2531
1457 2535
1457 2698
1457 2821
1457 2855
1457 2880
1457 2881
1457 2948
1457 3113
1457 3154
1457 3220
1457 3311
1457 3357
1457 3485
1457 3528
1457 3708
1457 3767
1457 3812
1457 3955
1457 3975
1457 3977
1457 4020
1457 4153
1457 4194
1457 4313
1457 4341
1457 4442
1457 4469
1458 1581
1458 1772
1458 1794
1458 1848
1458 1851
1458 2137
1458 2642
1458 3374
1458 3574
1458 4015
1458 4110
1459 1983
1459 2102
1459 2147
1459 2212
1459 2342
1459 2839
1460 4015
1460 4373
1461 1468
1461 1964
1461 2266
1461 2426
1461 2427
1461 2543
1461 2630
1461 2690
1461 2770
1461 3021
1461 3530
1461 3651
1461 3655
1461 3664
1461 3938
1461 4013
1461 4019
1461 4136
1461 4308
1462 1577
1462 1811
1462 1983
1462 2009
1462 2206
1462 2686
1462 3445
1462 3685
1462 3706
1462 4118
1462 4346
1462 4398
1462 4434
1463 1559
1463 1834
1463 1932
1463 1990
1463 2006
1463 2032
1463 2089
1463 2188
1463 2204
1463 2209
1463 2308
1463 2513
1463 2538
1463 2548
1463 2599
1463 2626
1463 2761
1463 2791
1463 3016
1463 3079
1463 3100
1463 3160
1463 3312
1463 3451
1463 3468
1463 3733
1463 3787
1463 3873
1463 3954
1463 4141
1463 4436
1464 2192
1464 2719
1464 2766
1464 3019
1464 3644
1464 3779
1464 3801
1464 3918
1464 4015
1464 4034
1464 4284
1465 1983
1465 2282
1465 2503
1465 3445
1465 3641
1465 4366
1466 1594
1466 1607
1466 1763
1466 1863
1466 1868
1466 1892
1466 1963
1466 2040
1466 2129
1466 2198
1466 2248
1466 2273
1466 2300
1466 2368
1466 2375
1466 2396
1466 2507
1466 2537
1466 2611
1466 2632
1466 2637
1466 2682
1466 2789
1466 2800
1466 2802
1466 2854
1466 2864
1466 2913
1466 2971
1466 2972
1466 2975
1466 2981
1466 3015
1466 3071
1466 3095
1466 3244
1466 3270
1466 3326
1466 3378
1466 3402
1466 3468
1466 3497
1466 3596
1466 3600
1466 3629
1466 3633
1466 3672
1466 3675
1466 3745
1466 3747
1466 3777
1466 3826
1466 3836
1466 3906
1466 3910
1466 3953
1466 4092
1466 4135
1466 4151
1466 4166
1466 4192
1466 4214
1466 4222
1466 4241
1466 4266
1466 4405
1466 4421
1466 4430
1466 4448
1467 1597
1467 1694
1467 1749
1467 2090
1467 2127
1467 2312
1467 2409
1467 2543
1467 3268
1467 3494
1467 3580
1467 3655
1467 3664
1467 3818
1467 4051
1467 4148
1467 4156
1467 4173
1468 1482
1468 1744
1468 1767
1468 1818
1468 1837
1468 1894
1468 1952
1468 1964
1468 2250
1468 2266
1468 2293
1468 2312
1468 2377
1468 2463
1468 2527
1468 2543
1468 2630
1468 2690
1468 2835
1468 3021
1468 3320
1468 3407
1468 3494
1468 3639
1468 3655
1468 3664
1468 3938
1468 4013
1468 4019
1468 4091
1468 4093
1468 4308
1469 1772
1469 2275
1469 2593
1469 3190
1469 3584
1469 4015
1469 4016
1469 4149
1469 4177
1470 1557
1470 1579
1470 1655
1470 1712
1470 1752
1470 1983
1470 2025
1470 2098
1470 2155
1470 2241
1470 2334
1470 2357
1470 2392
1470 2414
1470 2420
1470 2422
1470 2592
1470 2686
1470 2755
1470 3010
1470 3023
1470 3033
1470 3058
1470 3100
1470 3113
1470 3123
1470 3252
1470 3258
1470 3321
1470 3331
1470 3404
1470 3515
1470 3519
1470 3638
1470 3654
1470 3728
1470 3733
1470 3750
1470 3776
1470 3875
1470 3908
1470 4236
1470 4287
1470 4294
1470 4347
1470 4370
1470 4432
1470 4454
1470 4459
1471 3468
1471 3510
1472 1577
1472 1725
1472 1882
1472 1947
1472 1983
1472 2003
1472 2068
1472 2083
1472 2206
1472 2287
1472 2290
1472 2398
1472 2499
1472 2686
1472 2702
1472 2755
1472 2758
1472 2776
1472 2787
1472 2790
1472 2794
1472 2856
1472 2858
1472 2899
1472 2910
1472 2924
1472 3038
1472 3082
1472 3106
1472 3112
1472 3138
1472 3162
1472 3209
1472 3246
1472 3260
1472 3293
1472 3365
1472 3386
1472 3408
1472 3425
1472 3487
1472 3564
1472 3569
1472 3590
1472 3611
1472 3685
1472 3706
1472 3708
1472 3899
1472 3970
1472 4023
1472 4037
1472 4060
1472 4080
1472 4095
1472 4118
1472 4145
1472 4154
1472 4219
1472 4234
1472 4346
1472 4398
1472 4440
1472 4454
1472 4461
1472 4465
1472 4478
1473 2690
1473 3743
1473 4015
1474 1707
1474 1720
1474 1734
1474 1779
1474 2067
1474 2189
1474 2691
1474 2798
1474 3262
1474 3543
1474 3585
1474 3895
1474 3957
1474 4217
1474 4245
1474 4382
1475 1535
1475 1575
1475 1579
1475 1628
1475 1638
1475 1655
1475 1664
1475 1682
1475 1686
1475 1712
1475 1734
1475 1737
1475 1764
1475 1766
1475 1791
1475 1797
1475 1801
1475 1825
1475 1826
1475 1866
1475 1948
1475 1977
1475 1979
1475 1982
1475 1983
1475 1993
1475 2028
1475 2037
1475 2071
1475 2114
1475 2130
1475 2149
1475 2155
1475 2166
1475 2199
1475 2241
1475 2270
1475 2288
1475 2334
1475 2357
1475 2368
1475 2404
1475 2430
1475 2453
1475 2491
1475 2501
1475 2555
1475 2583
1475 2589
1475 2592
1475 2614
1475 2628
1475 2631
1475 2648
1475 2649
1475 2656
1475 2729
1475 2744
1475 2751
1475 2771
1475 2830
1475 2850
1475 2863
1475 2867
1475 2920
1475 2954
1475 3010
1475 3011
1475 3017
1475 3020
1475 3023
1475 3024
1475 3034
1475 3058
1475 3082
1475 3120
1475 3123
1475 3131
1475 3147
1475 3178
1475 3189
1475 3194
1475 3195
1475 3213
1475 3219
1475 3237
1475 3252
1475 3265
1475 3275
1475 3321
1475 3327
1475 3331
1475 3404
1475 3406
1475 3413
1475 3420
1475 3436
1475 3501
1475 3519
1475 3541
1475 3565
1475 3583
1475 3589
1475 3638
1475 3666
1475 3678
1475 3697
1475 3742
1475 3758
1475 3762
1475 3776
1475 3798
1475 3847
1475 3875
1475 3889
1475 3908
1475 3983
1475 4076
1475 4115
1475 4131
1475 4134
1475 4181
1475 4216
1475 4240
1475 4242
1475 4250
1475 4272
1475 4292
1475 4293
1475 4307
1475 4309
1475 4316
1475 4326
1475 4330
1475 4331
1475 4347
1475 4360
1475 4377
1475 4403
1475 4425
1475 4431
1475 4432
1475 4470
1476 2215
1476 2500
1476 2515
1476 2654
1476 2668
1476 2844
1476 3308
1477 1499
1477 1569
1477 1641
1477 1726
1477 1832
1477 1898
1477 2045
1477 2080
1477 2096
1477 2364
1477 2413
1477 2591
1477 2817
1477 2907
1477 3113
1477 3206
1477 3549
1477 3844
1477 3939
1477 4075
1477 4158
1477 4303
1477 4355
1477 4392
1477 4418
1478 1535
1478 1871
1478 2037
1478 2041
1478 2556
1478 2612
1478 2824
1478 3010
1478 3058
1478 3685
1478 3742
1478 4023
1478 4309
1478 4312
1479 1972
1479 2146
1479 2160
1479 2256
1479 2562
1479 2796
1479 3113
1479 3229
1479 3363
1479 3527
1479 4226
1479 4446
1480 1522
1480 1554
1480 1684
1480 1702
1480 1747
1480 1758
1480 1786
1480 1815
1480 1862
1480 1871
1480 1954
1480 1973
1480 2088
1480 2115
1480 2227
1480 2238
1480 2330
1480 2392
1480 2414
1480 2422
1480 2470
1480 2535
1480 2564
1480 2594
1480 2622
1480 2669
1480 2683
1480 2685
1480 2698
1480 2805
1480 3033
1480 3066
1480 3111
1480 3113
1480 3129
1480 3223
1480 3299
1480 3349
1480 3417
1480 3478
1480 3504
1480 3520
1480 3615
1480 3710
1480 3728
1480 3737
1480 3767
1480 3784
1480 3819
1480 3857
1480 3862
1480 3893
1480 3897
1480 4008
1480 4021
1480 4042
1480 4055
1480 4153
1480 4244
1480 4262
1480 4270
1480 4289
1480 4312
1480 4313
1480 4486
1481 1529
1481 2793
1481 3411
1481 3468
1482 1595
1482 1744
1482 1767
1482 1837
1482 1894
1482 1952
1482 1964
1482 1971
1482 2197
1482 2250
1482 2266
1482 2312
1482 2377
1482 2409
1482 2426
1482 2454
1482 2463
1482 2527
1482 2543
1482 2647
1482 2655
1482 2690
1482 2770
1482 2773
1482 2835
1482 2986
1482 3021
1482 3494
1482 3655
1482 3661
1482 3748
1482 3917
1482 3938
1482 4019
1482 4091
1482 4093
1482 4156
1483 1557
1483 2171
1483 3109
1484 1886
1484 2259
1484 2325
1484 2657
1484 2886
1484 2944
1484 3192
1484 3193
1484 3381
1484 3505
1484 3539
1484 3878
1484 3981
1484 4024
1484 4363
1485 1522
1485 1537
1485 1582
1485 1684
1485 1747
1485 1758
1485 1815
1485 1864
1485 1954
1485 2115
1485 2176
1485 2227
1485 2415
1485 2422
1485 2496
1485 2564
1485 2594
1485 2666
1485 2683
1485 2805
1485 2909
1485 2977
1485 3061
1485 3066
1485 3113
1485 3129
1485 3151
1485 3185
1485 3187
1485 3273
1485 3349
1485 3417
1485 3430
1485 3520
1485 3728
1485 3850
1485 3857
1485 3998
1485 4040
1485 4153
1485 4193
1485 4262
1485 4270
1485 4319
1485 4374
1486 1544
1486 1692
1486 2234
1486 2791
1486 2868
1486 2912
1486 2949
1486 3016
1486 3029
1486 3212
1486 3226
1486 3296
1486 3468
1486 3943
1487 1588
1487 1598
1487 1746
1487 1760
1487 1918
1487 2024
1487 2320
1487 2437
1487 2651
1487 2654
1487 2942
1487 2988
1487 3000
1487 3026
1487 3158
1487 3308
1487 3364
1487 3412
1487 3649
1487 3707
1487 3832
1487 4466
1488 1647
1488 1652
1488 1669
1488 1684
1488 1692
1488 1880
1488 1934
1488 1939
1488 2015
1488 2298
1488 2315
1488 2353
1488 2387
1488 2392
1488 2483
1488 2531
1488 2698
1488 2727
1488 2821
1488 2855
1488 2948
1488 3113
1488 3154
1488 3198
1488 3220
1488 3303
1488 3426
1488 3468
1488 3485
1488 3609
1488 3977
1488 4020
1488 4132
1488 4153
1488 4467
1489 2625
1489 3149
1489 3448
1489 4015
1490 1707
1490 3113
1491 1563
1491 1583
1491 1589
1491 1606
1491 1714
1491 1736
1491 1783
1491 1813
1491 1902
1491 1936
1491 1995
1491 2023
1491 2292
1491 2511
1491 2534
1491 2673
1491 2742
1491 2968
1491 2980
1491 3047
1491 3074
1491 3121
1491 3310
1491 3572
1491 3592
1491 3640
1491 3856
1491 3915
1491 4030
1491 4336
1491 4363
1492 2811
1492 4285
1493 2898
1493 2900
1493 4000
1493 4015
1494 1576
1494 1853
1494 1983
1494 2352
1494 2574
1494 3139
1494 3539
1494 3879
1494 4338
1495 1811
1495 1965
1495 2057
1495 2656
1495 2856
1495 2858
1495 3246
1495 3536
1495 3641
1495 3750
1495 3825
1495 3942
1495 4234
1495 4333
1495 4349
1496 1516
1496 1535
1496 1575
1496 1628
1496 1638
1496 1712
1496 1764
1496 1766
1496 1866
1496 1983
1496 2046
1496 2130
1496 2404
1496 2501
1496 2555
1496 2589
1496 2592
1496 2631
1496 2649
1496 2675
1496 3020
1496 3023
1496 3024
1496 3058
1496 3082
1496 3131
1496 3178
1496 3189
1496 3194
1496 3213
1496 3237
1496 3252
1496 3265
1496 3331
1496 3458
1496 3541
1496 3589
1496 3638
1496 3666
1496 3742
1496 3762
1496 3776
1496 3837
1496 3908
1496 4076
1496 4134
1496 4242
1496 4272
1496 4309
1496 4316
1496 4326
1496 4347
1496 4360
1496 4425
1496 4431
1496 4432
1496 4470
1497 1754
1497 1756
1497 2092
1497 2210
1497 2417
1497 2588
1497 2990
1497 2996
1497 3113
1497 3608
1498 1627
1498 1665
1498 1717
1498 1723
1498 1745
1498 1831
1498 1862
1498 1872
1498 1897
1498 1926
1498 2025
1498 2119
1498 2121
1498 2321
1498 2351
1498 2390
1498 2436
1498 2540
1498 2550
1498 2579
1498 2634
1498 2650
1498 2684
1498 2685
1498 2997
1498 3113
1498 3271
1498 3285
1498 3307
1498 3309
1498 3344
1498 3439
1498 3481
1498 3598
1498 3691
1498 3749
1498 3816
1498 3849
1498 3874
1498 4104
1498 4119
1498 4230
1498 4367
1498 4387
1498 4451
1498 4459
1499 1569
1499 1726
1499 2413
1499 2907
1499 3060
1499 3113
1499 3516
1499 3554
1499 3842
1499 4202
1499 4290
1499 4392
1500 2005
1500 2208
1500 2470
1500 2788
1500 2900
1500 2934
1500 2943
1500 3164
1500 3179
1500 3391
1500 3424
1500 3560
1500 3591
1500 3648
1500 3686
1500 3828
1500 4402
1501 1741
1501 1752
1501 1842
1501 1929
1501 1967
1501 2063
1501 2171
1501 2183
1501 2222
1501 2341
1501 2458
1501 2470
1501 2669
1501 2694
1501 2804
1501 2957
1501 2994
1501 3007
1501 3043
1501 3280
1501 3630
1501 3816
1501 4039
1501 4066
1501 4077
1501 4086
1501 4279
1501 4378
1501 4402
1501 4412
1501 4456
1502 1585
1502 2124
1502 3104
1502 3272
1502 4408
1503 1543
1503 1666
1503 1705
1503 1732
1503 1740
1503 1808
1503 1814
1503 1877
1503 1898
1503 1954
1503 2022
1503 2069
1503 2088
1503 2115
1503 2123
1503 2182
1503 2195
1503 2226
1503 2249
1503 2285
1503 2301
1503 2326
1503 2413
1503 2476
1503 2664
1503 2699
1503 2948
1503 3033
1503 3076
1503 3084
1503 3111
1503 3113
1503 3129
1503 3132
1503 3185
1503 3392
1503 3452
1503 3521
1503 3528
1503 3615
1503 3692
1503 3739
1503 3782
1503 3803
1503 3819
1503 3842
1503 4113
1503 4147
1503 4188
1503 4313
1503 4341
1503 4383
1503 4488
1504 1536
1504 1539
1504 1627
1504 1717
1504 1784
1504 1831
1504 1872
1504 2025
1504 2101
1504 2351
1504 2390
1504 2650
1504 2676
1504 2684
1504 2997
1504 3113
1504 3235
1504 3285
1504 3307
1504 3535
1504 3598
1504 3691
1504 3749
1504 3849
1504 3874
1504 4119
1504 4128
1505 1894
1505 1964
1505 2543
1505 3461
1505 4156
1506 1695
1506 1820
1506 1951
1506 1953
1506 1983
1506 2112
1506 2163
1506 2252
1506 2272
1506 2289
1506 2439
1506 2494
1506 2577
1506 3035
1506 3077
1506 3107
1506 3460
1506 3599
1506 4054
1506 4072
1506 4170
1506 4399
1506 4449
1506 4455
1507 1550
1507 1592
1507 1643
1507 1651
1507 1705
1507 1747
1507 1786
1507 1808
1507 1815
1507 1844
1507 1864
1507 1869
1507 1871
1507 2095
1507 2123
1507 2178
1507 2182
1507 2200
1507 2285
1507 2305
1507 2392
1507 2415
1507 2422
1507 2442
1507 2446
1507 2450
1507 2476
1507 2594
1507 2619
1507 2659
1507 2666
1507 2678
1507 2698
1507 2699
1507 2726
1507 2743
1507 2744
1507 2780
1507 2813
1507 2880
1507 2975
1507 3033
1507 3076
1507 3084
1507 3111
1507 3113
1507 3129
1507 3181
1507 3264
1507 3311
1507 3392
1507 3417
1507 3420
1507 3478
1507 3515
1507 3615
1507 3643
1507 3646
1507 3647
1507 3715
1507 3728
1507 3739
1507 3767
1507 3782
1507 3784
1507 3812
1507 3819
1507 3850
1507 3862
1507 3878
1507 3893
1507 3897
1507 3955
1507 3961
1507 3975
1507 4008
1507 4021
1507 4042
1507 4043
1507 4056
1507 4138
1507 4174
1507 4185
1507 4194
1507 4236
1507 4270
1507 4298
1507 4312
1507 4313
1507 4352
1507 4389
1507 4433
1507 4441
1507 4469
1507 4488
1508 1547
1508 1658
1508 1700
1508 1701
1508 1704
1508 1790
1508 1911
1508 1990
1508 2032
1508 2120
1508 2161
1508 2175
1508 2204
1508 2234
1508 2343
1508 2350
1508 2382
1508 2597
1508 2891
1508 2969
1508 3048
1508 3100
1508 3104
1508 3160
1508 3186
1508 3204
1508 3231
1508 3238
1508 3281
1508 3297
1508 3433
1508 3451
1508 3468
1508 3492
1508 3563
1508 3594
1508 3622
1508 3750
1508 3761
1508 3868
1508 3873
1508 3876
1508 3916
1508 3925
1508 3954
1508 3965
1508 4002
1508 4069
1508 4089
1508 4103
1508 4161
1508 4306
1508 4315
1508 4361
1509 1566
1509 1620
1509 1770
1509 2063
1509 2208
1509 2284
1509 2316
1509 2370
1509 2517
1509 2521
1509 2788
1509 2804
1509 2934
1509 3113
1509 3382
1509 3503
1509 3540
1509 3570
1509 3648
1509 3934
1509 4011
1509 4055
1509 4343
1510 3116
1510 3242
1510 3656
1510 3752
1511 1535
1511 1575
1511 1579
1511 1628
1511 1638
1511 1655
1511 1674
1511 1686
1511 1712
1511 1737
1511 1766
1511 1791
1511 1797
1511 1866
1511 1884
1511 1956
1511 1977
1511 1979
1511 1983
1511 2028
1511 2049
1511 2071
1511 2103
1511 2114
1511 2155
1511 2255
1511 2270
1511 2334
1511 2357
1511 2404
1511 2430
1511 2433
1511 2453
1511 2555
1511 2583
1511 2589
1511 2592
1511 2614
1511 2628
1511 2631
1511 2648
1511 2649
1511 2689
1511 2701
1511 2744
1511 2751
1511 2771
1511 2781
1511 2830
1511 2863
1511 2920
1511 2950
1511 2954
1511 3010
1511 3011
1511 3017
1511 3023
1511 3058
1511 3064
1511 3081
1511 3082
1511 3123
1511 3131
1511 3170
1511 3178
1511 3189
1511 3191
1511 3194
1511 3237
1511 3252
1511 3265
1511 3275
1511 3290
1511 3321
1511 3331
1511 3405
1511 3406
1511 3446
1511 3458
1511 3501
1511 3519
1511 3541
1511 3565
1511 3583
1511 3589
1511 3638
1511 3654
1511 3678
1511 3697
1511 3742
1511 3758
1511 3762
1511 3848
1511 3854
1511 3875
1511 3889
1511 3890
1511 3908
1511 3950
1511 4076
1511 4134
1511 4139
1511 4181
1511 4216
1511 4232
1511 4240
1511 4242
1511 4250
1511 4272
1511 4296
1511 4307
1511 4309
1511 4316
1511 4326
1511 4332
1511 4347
1511 4360
1511 4377
1511 4425
1511 4432
1511 4450
1511 4470
1511 4473
1512 1647
1512 1807
1512 2366
1512 2413
1512 2483
1512 3113
1512 3132
1512 3399
1512 3485
1512 3515
1512 3646
1512 3708
1512 3720
1512 3794
1512 3810
1512 3866
1512 4194
1512 4396
1512 4469
1513 1744
1513 1837
1513 1964
1513 2159
1513 2197
1513 2328
1513 2348
1513 2426
1513 2543
1513 2750
1513 3021
1513 3276
1513 3530
1513 3639
1513 3661
1513 3887
1513 3938
1514 1601
1514 1677
1514 1830
1514 1922
1514 1983
1514 2029
1514 2044
1514 2046
1514 2113
1514 2287
1514 2309
1514 2356
1514 2459
1514 2499
1514 2572
1514 2600
1514 2658
1514 2672
1514 2755
1514 2758
1514 2787
1514 2899
1514 2910
1514 3135
1514 3138
1514 3162
1514 3293
1514 3365
1514 3408
1514 3488
1514 3505
1514 3604
1514 3611
1514 3685
1514 3708
1514 3724
1514 4023
1514 4058
1514 4080
1514 4145
1514 4154
1514 4287
1514 4294
1514 4346
1514 4398
1514 4406
1514 4454
1514 4478
1515 3113
1515 3928
1517 1705
1517 2115
1517 3033
1517 3113
1518 1613
1518 1695
1518 1706
1518 1927
1518 1983
1518 1992
1518 2153
1518 2252
1518 2388
1518 2440
1518 2494
1518 2577
1518 3035
1518 3137
1518 3335
1518 3338
1518 3922
1518 4005
1518 4129
1518 4281
1518 4399
1518 4455
1518 4472
1519 1753
1519 4015
1519 4349
1520 1594
1520 1771
1520 1913
1520 2030
1520 2235
1520 2271
1520 2449
1520 2506
1520 2736
1520 2752
1520 2768
1520 2802
1520 2854
1520 2864
1520 2866
1520 2981
1520 3176
1520 3326
1520 3468
1520 3531
1520 3593
1520 3596
1520 3600
1520 3633
1520 3673
1520 3682
1520 3689
1520 3745
1520 3910
1520 3982
1520 4041
1520 4098
1520 4192
1520 4204
1520 4228
1520 4295
1520 4310
1520 4430
1520 4438
1521 1785
1521 1879
1521 2012
1521 2120
1521 2204
1521 2624
1521 3403
1521 3468
1521 4078
1521 4231
1521 4467
1522 1537
1522 1543
1522 1550
1522 1684
1522 1747
1522 1775
1522 1808
1522 1864
1522 1877
1522 1954
1522 2115
1522 2176
1522 2227
1522 2496
1522 2535
1522 2594
1522 2683
1522 2726
1522 2805
1522 2909
1522 2948
1522 3033
1522 3066
1522 3113
1522 3129
1522 3185
1522 3187
1522 3349
1522 3417
1522 3430
1522 3528
1522 3562
1522 3586
1522 3615
1522 3728
1522 3739
1522 3815
1522 3850
1522 3893
1522 3955
1522 3975
1522 3998
1522 4040
1522 4147
1522 4153
1522 4193
1522 4270
1522 4298
1522 4313
1522 4319
1522 4370
1522 4374
1523 1622
1523 1885
1523 2054
1523 2120
1523 2262
1523 3070
1523 3100
1523 3303
1523 3426
1523 3462
1523 3468
1523 3773
1523 4273
1524 1607
1524 1857
1524 1865
1524 1913
1524 2273
1524 2291
1524 2394
1524 2490
1524 2637
1524 2645
1524 2708
1524 2736
1524 2913
1524 3027
1524 3103
1524 3176
1524 3378
1524 3468
1524 3476
1524 3477
1524 3531
1524 3633
1524 3677
1524 3682
1524 4074
1524 4120
1524 4191
1524 4227
1524 4268
1524 4438
1524 4476
1525 1766
1525 1801
1525 1983
1525 1993
1525 2155
1525 2649
1525 2731
1525 2837
1525 3194
1525 3848
1525 4309
1525 4347
1525 4432
1526 1541
1526 1629
1526 1668
1526 1890
1526 1958
1526 2036
1526 2193
1526 2280
1526 2551
1526 2713
1526 2859
1526 3031
1526 3094
1526 3097
1526 3254
1526 3571
1526 3740
1526 3796
1526 3804
1526 4015
1526 4082
1526 4085
1526 4189
1526 4305
1526 4395
1527 1737
1527 1751
1527 1815
1527 1973
1527 2046
1527 2285
1527 2430
1527 2589
1527 2648
1527 2755
1527 2781
1527 2855
1527 3017
1527 3181
1527 3252
1527 3275
1527 3706
1527 4193
1527 4250
1527 4287
1527 4347
1527 4454
1527 4465
1528 1535
1528 1766
1528 1899
1528 1977
1528 2115
1528 2628
1528 2734
1528 2850
1528 3005
1528 3202
1528 3252
1528 3468
1528 3478
1528 3611
1528 3685
1528 4478
1529 2064
1529 2129
1529 2259
1529 2403
1529 2657
1529 3228
1529 3384
1529 3398
1529 3454
1529 3806
1529 3825
1529 3836
1529 3853
1529 4018
1529 4038
1529 4371
1530 1980
1530 3039
1530 3468
1531 1629
1531 1668
1531 1673
1531 1890
1531 1943
1531 1958
1531 2036
1531 2081
1531 2094
1531 2173
1531 2296
1531 2306
1531 2317
1531 2395
1531 2472
1531 2551
1531 2739
1531 2859
1531 3037
1531 3548
1531 3716
1531 3741
1531 3896
1531 4015
1531 4082
1531 4337
1531 4395
1532 1620
1532 1974
1532 2063
1532 2092
1532 2260
1532 2303
1532 2370
1532 2521
1532 2545
1532 2603
1532 2664
1532 2669
1532 2788
1532 2804
1532 2916
1532 3013
1532 3113
1532 3291
1532 3382
1532 3598
1532 3648
1532 3668
1532 3816
1532 3822
1532 4011
1532 4055
1532 4114
1532 4343
1532 4404
1533 1959
1533 2216
1533 2757
1533 4198
1533 4369
1534 1538
1534 1665
1534 1717
1534 1723
1534 1745
1534 1769
1534 1831
1534 1872
1534 1897
1534 1926
1534 2025
1534 2119
1534 2121
1534 2316
1534 2351
1534 2390
1534 2484
1534 2487
1534 2511
1534 2540
1534 2634
1534 2684
1534 2997
1534 3113
1534 3235
1534 3285
1534 3439
1534 3442
1534 3481
1534 3535
1534 3598
1534 3749
1534 3849
1534 3874
1534 3973
1534 4100
1534 4128
1534 4367
1534 4381
1534 4451
1535 1575
1535 1579
1535 1628
1535 1638
1535 1655
1535 1664
1535 1682
1535 1712
1535 1737
1535 1764
1535 1766
1535 1791
1535 1801
1535 1866
1535 1948
1535 1977
1535 1979
1535 1982
1535 1983
1535 2037
1535 2041
1535 2049
1535 2130
1535 2149
1535 2155
1535 2166
1535 2255
1535 2270
1535 2334
1535 2357
1535 2404
1535 2430
1535 2501
1535 2555
1535 2556
1535 2583
1535 2589
1535 2592
1535 2612
1535 2614
1535 2628
1535 2631
1535 2648
1535 2649
1535 2660
1535 2751
1535 2771
1535 2781
1535 2824
1535 2830
1535 2850
1535 2863
1535 2954
1535 2975
1535 3010
1535 3011
1535 3017
1535 3023
1535 3024
1535 3034
1535 3058
1535 3131
1535 3178
1535 3189
1535 3194
1535 3195
1535 3213
1535 3237
1535 3252
1535 3265
1535 3275
1535 3290
1535 3321
1535 3331
1535 3394
1535 3404
1535 3413
1535 3420
1535 3501
1535 3519
1535 3541
1535 3565
1535 3638
1535 3654
1535 3666
1535 3678
1535 3697
1535 3742
1535 3758
1535 3762
1535 3776
1535 3837
1535 3863
1535 3875
1535 3890
1535 3923
1535 3950
1535 3983
1535 3991
1535 4076
1535 4134
1535 4139
1535 4240
1535 4242
1535 4250
1535 4272
1535 4307
1535 4309
1535 4316
1535 4326
1535 4330
1535 4347
1535 4360
1535 4377
1535 4403
1535 4425
1535 4431
1535 4432
1535 4450
1535 4470
1535 4475
1535 4482
1536 1539
1536 1665
1536 1717
1536 1769
1536 1784
1536 1831
1536 1872
1536 1926
1536 2101
1536 2121
1536 2321
1536 2351
1536 2484
1536 2579
1536 2650
1536 2684
1536 3113
1536 3235
1536 3285
1536 3307
1536 3309
1536 3344
1536 3598
1536 3749
1536 3849
1536 4119
1536 4128
1536 4367
1536 4387
1537 1643
1537 1647
1537 1672
1537 1775
1537 1864
1537 2115
1537 2227
1537 2415
1537 2496
1537 2564
1537 2594
1537 2629
1537 2683
1537 2698
1537 2727
1537 2780
1537 2805
1537 2909
1537 2948
1537 2977
1537 3061
1537 3066
1537 3113
1537 3151
1537 3187
1537 3220
1537 3273
1537 3349
1537 3417
1537 3515
1537 3520
1537 3615
1537 3710
1537 3728
1537 3857
1537 3893
1537 3955
1537 3998
1537 4008
1537 4040
1537 4132
1537 4153
1537 4270
1537 4290
1537 4383
1537 4479
1538 1728
1538 1926
1538 2025
1538 2099
1538 2157
1538 2164
1538 2211
1538 2251
1538 2316
1538 2487
1538 2550
1538 2804
1538 3046
1538 3101
1538 3113
1538 3235
1538 3355
1538 3553
1538 3770
1538 4100
1538 4379
1538 4444
1538 4451
1539 1627
1539 1665
1539 1784
1539 1831
1539 1872
1539 1926
1539 2025
1539 2101
1539 2121
1539 2351
1539 2436
1539 2484
1539 2533
1539 2634
1539 2684
1539 2997
1539 3113
1539 3235
1539 3285
1539 3307
1539 3598
1539 3691
1539 3749
1539 3770
1539 3849
1539 3973
1539 4119
1539 4128
1540 2156
1540 4285
1541 1890
1541 2075
1541 2193
1541 2472
1541 2859
1541 3031
1541 3037
1541 3302
1541 4015
1541 4082
1541 4189
1542 2681
1542 3140
1542 3324
1542 3914
1542 4285
1543 1550
1543 1582
1543 1647
1543 1651
1543 1664
1543 1684
1543 1693
1543 1705
1543 1730
1543 1740
1543 1747
1543 1751
1543 1808
1543 1814
1543 1815
1543 1871
1543 1877
1543 1973
1543 2015
1543 2069
1543 2088
1543 2098
1543 2115
1543 2123
1543 2135
1543 2178
1543 2182
1543 2226
1543 2237
1543 2238
1543 2249
1543 2301
1543 2366
1543 2392
1543 2414
1543 2420
1543 2422
1543 2442
1543 2450
1543 2476
1543 2480
1543 2496
1543 2557
1543 2564
1543 2594
1543 2598
1543 2622
1543 2652
1543 2659
1543 2698
1543 2732
1543 2744
1543 2784
1543 2801
1543 2821
1543 2855
1543 3033
1543 3061
1543 3067
1543 3076
1543 3111
1543 3113
1543 3129
1543 3132
1543 3147
1543 3151
1543 3181
1543 3187
1543 3264
1543 3299
1543 3369
1543 3392
1543 3417
1543 3430
1543 3432
1543 3436
1543 3452
1543 3464
1543 3478
1543 3506
1543 3515
1543 3521
1543 3528
1543 3562
1543 3586
1543 3615
1543 3675
1543 3710
1543 3715
1543 3728
1543 3737
1543 3739
1543 3767
1543 3782
1543 3784
1543 3802
1543 3812
1543 3857
1543 3862
1543 3878
1543 3893
1543 3897
1543 3923
1543 3961
1543 4008
1543 4020
1543 4042
1543 4052
1543 4056
1543 4090
1543 4147
1543 4188
1543 4196
1543 4236
1543 4270
1543 4290
1543 4298
1543 4313
1543 4370
1543 4374
1543 4389
1543 4479
1543 4488
1544 1645
1544 2667
1544 2712
1544 2905
1544 3030
1544 3056
1544 3375
1544 3453
1544 3468
1544 3511
1544 3547
1544 3905
1544 3937
1544 4439
1545 1728
1545 3113
1545 3883
1546 1981
1546 1983
1546 2029
1546 2232
1546 2356
1546 2758
1546 2794
1546 2822
1546 2837
1546 3082
1546 3112
1546 3445
1546 3474
1546 3604
1546 3685
1546 3724
1546 4219
1546 4223
1546 4410
1547 1700
1547 1790
1547 1911
1547 2007
1547 2050
1547 2120
1547 2234
1547 2343
1547 2421
1547 2597
1547 2599
1547 2641
1547 2940
1547 3100
1547 3125
1547 3186
1547 3205
1547 3231
1547 3297
1547 3409
1547 3434
1547 3468
1547 3594
1547 3612
1547 3622
1547 3732
1547 3868
1547 3873
1547 3876
1547 3916
1547 3935
1547 3954
1547 4002
1547 4103
1547 4161
1547 4171
1547 4225
1547 4315
1547 4345
1547 4350
1547 4361
1547 4393
1547 4480
1548 2287
1548 2640
1548 3226
1548 3650
1548 3910
1548 4065
1549 2201
1549 2581
1549 2814
1549 3322
1549 3391
1549 4015
1549 4385
1550 1592
1550 1651
1550 1684
1550 1747
1550 1751
1550 1758
1550 1808
1550 1815
1550 1864
1550 1869
1550 1871
1550 1954
1550 1982
1550 2095
1550 2098
1550 2115
1550 2123
1550 2178
1550 2238
1550 2305
1550 2368
1550 2385
1550 2420
1550 2422
1550 2442
1550 2450
1550 2535
1550 2594
1550 2619
1550 2659
1550 2666
1550 2699
1550 2701
1550 2726
1550 2732
1550 2740
1550 2801
1550 2948
1550 2950
1550 3051
1550 3061
1550 3076
1550 3084
1550 3111
1550 3113
1550 3151
1550 3187
1550 3264
1550 3273
1550 3299
1550 3311
1550 3369
1550 3430
1550 3478
1550 3515
1550 3528
1550 3615
1550 3647
1550 3710
1550 3715
1550 3728
1550 3737
1550 3767
1550 3784
1550 3812
1550 3819
1550 3850
1550 3859
1550 3878
1550 3897
1550 4008
1550 4042
1550 4043
1550 4052
1550 4056
1550 4138
1550 4146
1550 4174
1550 4185
1550 4236
1550 4270
1550 4298
1550 4312
1550 4352
1550 4383
1550 4389
1551 1659
1551 1675
1551 2014
1551 2224
1551 2399
1551 2931
1551 2973
1551 3127
1551 3679
1551 3793
1551 4102
1551 4123
1551 4485
1552 1588
1552 1598
1552 1760
1552 1904
1552 2215
1552 2339
1552 2437
1552 2651
1552 2921
1552 3158
1552 3255
1552 3383
1552 3513
1552 3538
1552 3734
1552 3832
1552 4420
1553 1637
1553 1983
1553 2282
1553 2554
1553 2570
1553 2686
1553 2964
1553 3130
1553 3401
1553 3466
1553 3518
1553 3845
1553 3966
1553 4027
1553 4125
1553 4302
1553 4401
1554 1727
1554 1747
1554 1786
1554 1871
1554 1973
1554 2095
1554 2115
1554 2178
1554 2442
1554 2450
1554 2456
1554 2535
1554 2564
1554 2598
1554 2666
1554 2780
1554 2880
1554 3113
1554 3151
1554 3181
1554 3187
1554 3273
1554 3349
1554 3430
1554 3478
1554 3520
1554 3710
1554 3720
1554 3737
1554 3767
1554 3815
1554 3859
1554 3860
1554 3878
1554 3897
1554 4008
1554 4021
1554 4040
1554 4262
1554 4270
1554 4298
1554 4469
1554 4486
1555 1836
1555 2000
1555 3807
1555 3809
1555 3834
1555 4015
1556 1898
1556 2096
1556 2817
1556 3113
1556 3939
1556 4303
1557 1558
1557 1572
1557 1609
1557 1614
1557 1616
1557 1634
1557 1657
1557 1686
1557 1696
1557 1721
1557 1729
1557 1734
1557 1738
1557 1752
1557 1813
1557 1822
1557 1833
1557 1842
1557 1861
1557 1873
1557 1878
1557 1919
1557 1924
1557 1929
1557 1961
1557 2004
1557 2005
1557 2063
1557 2118
1557 2171
1557 2177
1557 2183
1557 2185
1557 2208
1557 2222
1557 2229
1557 2329
1557 2331
1557 2341
1557 2359
1557 2369
1557 2384
1557 2385
1557 2401
1557 2405
1557 2425
1557 2447
1557 2458
1557 2470
1557 2474
1557 2518
1557 2545
1557 2559
1557 2605
1557 2607
1557 2609
1557 2620
1557 2646
1557 2662
1557 2693
1557 2694
1557 2704
1557 2715
1557 2718
1557 2767
1557 2804
1557 2815
1557 2820
1557 2823
1557 2887
1557 2889
1557 2917
1557 2925
1557 2927
1557 2939
1557 2957
1557 2989
1557 2994
1557 3007
1557 3008
1557 3014
1557 3043
1557 3051
1557 3065
1557 3093
1557 3102
1557 3108
1557 3109
1557 3113
1557 3148
1557 3150
1557 3159
1557 3169
1557 3200
1557 3201
1557 3241
1557 3259
1557 3261
1557 3269
1557 3280
1557 3288
1557 3334
1557 3352
1557 3359
1557 3400
1557 3436
1557 3437
1557 3446
1557 3457
1557 3459
1557 3502
1557 3506
1557 3533
1557 3540
1557 3568
1557 3610
1557 3613
1557 3625
1557 3630
1557 3650
1557 3663
1557 3669
1557 3672
1557 3700
1557 3712
1557 3778
1557 3852
1557 3853
1557 3877
1557 3886
1557 3904
1557 3923
1557 3927
1557 3934
1557 3948
1557 4004
1557 4039
1557 4071
1557 4077
1557 4090
1557 4137
1557 4143
1557 4155
1557 4179
1557 4190
1557 4195
1557 4210
1557 4243
1557 4246
1557 4279
1557 4299
1557 4333
1557 4378
1557 4412
1557 4435
1557 4441
1557 4456
1557 4463
1557 4474
1557 4483
1558 2767
1558 3280
1558 3650
1558 3934
1559 1599
1559 1834
1559 2204
1559 2513
1559 2514
1559 3059
1559 3079
1559 3100
1559 3451
1559 3468
1559 3622
1559 3733
1559 3787
1559 3820
1559 3954
1559 4314
1560 1640
1560 1799
1560 2079
1560 2188
1560 2412
1560 2511
1560 2935
1560 3039
1560 3292
1560 3438
1560 3468
1560 3759
1560 3867
1560 4140
1560 4254
1560 4264
1560 4314
1561 1562
1561 1804
1561 1980
1561 2007
1561 2209
1561 2234
1561 2350
1561 2999
1561 3048
1561 3160
1561 3231
1561 3312
1561 3468
1561 3609
1561 3732
1561 4211
1561 4255
1562 1980
1562 2489
1562 2912
1562 2949
1562 3048
1562 3468
1562 3694
1562 3750
1562 3789
1562 4254
1562 4255
1563 1583
1563 1606
1563 1714
1563 1736
1563 1773
1563 1783
1563 1813
1563 1902
1563 1995
1563 2534
1563 2673
1563 2742
1563 2968
1563 2980
1563 2994
1563 3047
1563 3121
1563 3561
1563 3572
1563 3640
1563 3856
1563 4066
1564 2355
1564 2725
1564 2812
1564 3026
1564 3652
1564 4010
1564 4101
1565 1588
1565 1598
1565 1760
1565 1904
1565 1918
1565 2018
1565 2024
1565 2059
1565 2170
1565 2215
1565 2320
1565 2339
1565 2452
1565 2500
1565 2515
1565 2585
1565 2654
1565 2695
1565 2829
1565 2921
1565 2942
1565 2944
1565 3026
1565 3155
1565 3158
1565 3188
1565 3233
1565 3364
1565 3383
1565 3427
1565 3831
1565 3832
1565 4282
1566 1752
1566 1770
1566 1959
1566 2063
1566 2260
1566 2284
1566 2303
1566 2470
1566 2517
1566 2603
1566 2788
1566 2804
1566 2934
1566 3113
1566 3164
1566 3210
1566 3291
1566 3503
1566 3540
1566 3570
1566 3660
1566 3934
1566 4011
1566 4265
1566 4343
1567 1649
1567 1706
1567 1951
1567 1983
1567 2083
1567 2112
1567 2252
1567 2440
1567 2494
1567 2753
1567 3035
1567 3077
1567 3137
1567 3335
1567 3460
1567 3575
1567 3774
1567 3999
1567 4005
1567 4054
1567 4072
1567 4129
1567 4170
1567 4472
1568 1990
1568 2828
1568 3100
1569 1641
1569 1832
1569 1898
1569 2096
1569 2413
1569 2817
1569 2907
1569 3113
1569 3128
1569 3206
1569 3564
1569 3844
1569 3939
1569 4075
1569 4158
1569 4202
1569 4303
1569 4355
1569 4392
1570 1714
1570 1870
1570 2016
1570 2095
1570 2139
1570 2527
1570 3028
1570 3107
1570 3416
1570 3651
1570 3984
1570 3985
1570 4155
1570 4229
1570 4468
1571 1751
1571 1886
1571 1969
1571 2119
1571 2894
1572 1752
1572 2694
1572 2927
1572 3159
1572 3610
1573 1906
1573 2133
1573 2965
1573 3006
1573 3342
1573 3579
1573 3731
1573 3930
1573 4015
1573 4182
1573 4349
1573 4373
1574 1617
1574 1855
1574 1917
1574 2590
1574 2841
1574 3581
1574 3727
1574 4015
1575 1579
1575 1628
1575 1638
1575 1655
1575 1686
1575 1712
1575 1764
1575 1766
1575 1791
1575 1797
1575 1801
1575 1806
1575 1816
1575 1841
1575 1866
1575 1931
1575 1948
1575 1956
1575 1977
1575 1979
1575 1983
1575 2028
1575 2037
1575 2071
1575 2114
1575 2130
1575 2149
1575 2155
1575 2166
1575 2241
1575 2270
1575 2288
1575 2334
1575 2404
1575 2430
1575 2485
1575 2501
1575 2555
1575 2583
1575 2589
1575 2592
1575 2614
1575 2628
1575 2631
1575 2648
1575 2649
1575 2656
1575 2751
1575 2771
1575 2774
1575 2781
1575 2830
1575 2838
1575 2850
1575 2863
1575 2867
1575 2901
1575 2954
1575 2961
1575 3009
1575 3010
1575 3011
1575 3017
1575 3020
1575 3023
1575 3034
1575 3058
1575 3064
1575 3082
1575 3123
1575 3131
1575 3147
1575 3178
1575 3189
1575 3194
1575 3213
1575 3237
1575 3252
1575 3265
1575 3275
1575 3290
1575 3321
1575 3331
1575 3343
1575 3394
1575 3404
1575 3405
1575 3406
1575 3413
1575 3501
1575 3506
1575 3519
1575 3541
1575 3565
1575 3638
1575 3654
1575 3666
1575 3678
1575 3697
1575 3723
1575 3742
1575 3762
1575 3777
1575 3791
1575 3837
1575 3848
1575 3875
1575 3908
1575 3950
1575 3983
1575 4057
1575 4076
1575 4134
1575 4139
1575 4146
1575 4240
1575 4242
1575 4250
1575 4260
1575 4272
1575 4309
1575 4316
1575 4326
1575 4330
1575 4347
1575 4360
1575 4377
1575 4425
1575 4431
1575 4432
1575 4470
1575 4482
1576 1853
1576 1983
1576 2352
1576 2574
1576 3139
1576 3632
1576 3879
1576 3880
1576 3976
1576 4224
1576 4338
1577 1584
1577 1725
1577 1882
1577 1883
1577 1916
1577 1922
1577 1925
1577 1983
1577 2068
1577 2206
1577 2290
1577 2309
1577 2398
1577 2600
1577 2658
1577 2776
1577 2794
1577 2899
1577 2924
1577 3038
1577 3082
1577 3246
1577 3258
1577 3260
1577 3293
1577 3487
1577 3564
1577 3685
1577 3706
1577 3718
1577 3970
1577 4023
1577 4037
1577 4060
1577 4095
1577 4154
1577 4346
1577 4410
1577 4461
1578 1623
1578 1650
1578 1728
1578 2019
1578 2313
1578 2367
1578 2623
1578 2644
1578 2836
1578 2879
1578 3041
1578 3113
1578 3250
1578 3370
1578 3483
1578 3495
1578 3523
1578 3526
1578 3870
1578 3894
1578 3967
1578 4064
1578 4122
1578 4339
1578 4356
1578 4411
1578 4460
1578 4484
1579 1638
1579 1655
1579 1712
1579 1764
1579 1766
1579 1791
1579 1797
1579 1816
1579 1866
1579 1884
1579 1948
1579 1979
1579 1983
1579 2037
1579 2114
1579 2149
1579 2199
1579 2270
1579 2404
1579 2430
1579 2455
1579 2501
1579 2555
1579 2583
1579 2614
1579 2628
1579 2631
1579 2648
1579 2649
1579 2735
1579 2751
1579 2771
1579 2781
1579 2830
1579 2850
1579 2863
1579 2991
1579 3011
1579 3017
1579 3020
1579 3023
1579 3024
1579 3034
1579 3081
1579 3131
1579 3178
1579 3183
1579 3189
1579 3194
1579 3195
1579 3213
1579 3237
1579 3251
1579 3265
1579 3321
1579 3327
1579 3354
1579 3413
1579 3501
1579 3506
1579 3519
1579 3541
1579 3565
1579 3589
1579 3654
1579 3666
1579 3678
1579 3697
1579 3762
1579 3777
1579 3837
1579 3847
1579 3848
1579 3875
1579 3950
1579 3987
1579 3991
1579 4070
1579 4076
1579 4134
1579 4142
1579 4240
1579 4250
1579 4260
1579 4272
1579 4309
1579 4316
1579 4317
1579 4326
1579 4347
1579 4377
1579 4403
1579 4422
1579 4425
1579 4431
1579 4432
1579 4470
1579 4481
1580 2337
1580 2846
1580 3113
1580 3263
1580 3306
1580 4453
1581 1719
1581 1726
1581 1772
1581 1823
1581 1824
1581 1827
1581 1851
1581 1943
1581 1944
1581 1958
1581 1969
1581 2122
1581 2137
1581 2489
1581 2497
1581 2523
1581 2551
1581 2642
1581 2671
1581 2724
1581 2745
1581 2746
1581 2797
1581 2845
1581 2859
1581 2878
1581 3086
1581 3094
1581 3374
1581 3571
1581 3716
1581 3721
1581 3741
1581 3796
1581 3896
1581 3956
1581 4015
1581 4082
1581 4085
1581 4110
1582 1647
1582 1666
1582 1684
1582 1702
1582 1732
1582 1740
1582 1747
1582 1751
1582 1786
1582 1808
1582 1814
1582 1815
1582 1871
1582 1877
1582 1954
1582 2015
1582 2098
1582 2115
1582 2123
1582 2178
1582 2182
1582 2227
1582 2249
1582 2298
1582 2301
1582 2392
1582 2414
1582 2420
1582 2422
1582 2442
1582 2450
1582 2455
1582 2476
1582 2485
1582 2531
1582 2537
1582 2564
1582 2598
1582 2652
1582 2659
1582 2821
1582 2849
1582 2855
1582 3033
1582 3061
1582 3076
1582 3111
1582 3113
1582 3129
1582 3147
1582 3151
1582 3170
1582 3185
1582 3220
1582 3264
1582 3299
1582 3343
1582 3392
1582 3417
1582 3430
1582 3478
1582 3515
1582 3521
1582 3710
1582 3728
1582 3737
1582 3739
1582 3767
1582 3782
1582 3784
1582 3862
1582 3923
1582 3961
1582 3991
1582 4008
1582 4020
1582 4042
1582 4052
1582 4056
1582 4113
1582 4138
1582 4147
1582 4153
1582 4193
1582 4270
1582 4290
1582 4293
1582 4312
1582 4313
1582 4370
1582 4383
1582 4389
1582 4422
1582 4488
1583 1589
1583 1606
1583 1714
1583 1736
1583 1783
1583 2264
1583 2968
1583 3121
1583 3640
1583 3763
1583 3807
1583 3856
1584 1660
1584 1689
1584 1693
1584 1725
1584 1798
1584 1811
1584 1882
1584 1883
1584 1916
1584 1922
1584 1983
1584 1999
1584 2003
1584 2009
1584 2029
1584 2044
1584 2083
1584 2113
1584 2194
1584 2196
1584 2206
1584 2232
1584 2259
1584 2287
1584 2290
1584 2309
1584 2381
1584 2385
1584 2398
1584 2453
1584 2473
1584 2499
1584 2537
1584 2572
1584 2600
1584 2686
1584 2755
1584 2776
1584 2787
1584 2794
1584 2822
1584 2833
1584 2837
1584 2858
1584 2899
1584 2910
1584 2911
1584 2918
1584 2924
1584 3038
1584 3082
1584 3107
1584 3138
1584 3162
1584 3225
1584 3246
1584 3258
1584 3343
1584 3365
1584 3386
1584 3408
1584 3436
1584 3487
1584 3564
1584 3604
1584 3611
1584 3685
1584 3706
1584 3718
1584 3724
1584 3791
1584 3889
1584 3899
1584 3970
1584 4005
1584 4023
1584 4080
1584 4095
1584 4118
1584 4142
1584 4145
1584 4154
1584 4259
1584 4325
1584 4346
1584 4398
1584 4410
1584 4454
1584 4461
1584 4465
1584 4478
1585 1644
1585 2059
1585 2124
1585 2185
1585 2286
1585 2542
1585 2804
1585 2886
1585 2981
1585 3127
1585 3432
1585 3735
1585 4052
1585 4063
1585 4105
1585 4408
1586 1754
1586 2210
1586 2478
1586 2588
1586 3113
1586 3608
1587 1983
1587 2287
1587 2600
1587 3474
1587 3487
1587 3510
1587 3611
1587 3768
1587 3911
1587 3942
1587 4095
1587 4283
1588 1597
1588 1598
1588 1760
1588 1904
1588 1918
1588 2018
1588 2024
1588 2057
1588 2059
1588 2131
1588 2215
1588 2339
1588 2437
1588 2452
1588 2500
1588 2512
1588 2515
1588 2585
1588 2921
1588 2942
1588 3000
1588 3155
1588 3158
1588 3188
1588 3193
1588 3233
1588 3308
1588 3364
1588 3383
1588 3412
1588 3427
1588 3734
1588 3832
1588 4252
1588 4420
1589 1606
1589 1714
1589 2023
1589 2534
1589 2673
1589 2742
1589 3047
1589 3121
1589 3310
1589 3424
1589 3592
1589 3640
1589 3840
1589 3856
1589 3915
1590 1643
1590 1687
1590 1697
1590 1754
1590 1788
1590 2086
1590 2088
1590 2123
1590 2211
1590 2325
1590 2496
1590 2525
1590 2633
1590 2664
1590 2728
1590 3041
1590 3076
1590 3113
1590 3168
1590 3185
1590 3370
1590 3504
1590 3523
1590 3528
1590 3566
1590 3605
1590 3703
1590 3713
1590 3894
1590 4073
1590 4191
1590 4244
1590 4289
1590 4313
1591 2139
1591 2209
1591 2382
1591 2760
1591 2940
1591 3227
1591 3289
1591 3468
1591 3726
1591 3799
1591 3959
1591 4255
1591 4264
1591 4436
1592 1651
1592 1664
1592 1684
1592 1705
1592 1732
1592 1740
1592 1747
1592 1758
1592 1789
1592 1802
1592 1808
1592 1815
1592 1844
1592 1864
1592 1869
1592 1871
1592 2088
1592 2115
1592 2141
1592 2178
1592 2238
1592 2249
1592 2285
1592 2300
1592 2301
1592 2366
1592 2456
1592 2476
1592 2496
1592 2594
1592 2619
1592 2652
1592 2659
1592 2699
1592 2838
1592 2948
1592 2992
1592 3061
1592 3076
1592 3113
1592 3129
1592 3151
1592 3264
1592 3417
1592 3464
1592 3478
1592 3515
1592 3643
1592 3647
1592 3715
1592 3728
1592 3737
1592 3739
1592 3767
1592 3782
1592 3784
1592 3802
1592 3812
1592 3819
1592 3850
1592 3897
1592 3955
1592 4042
1592 4070
1592 4147
1592 4153
1592 4174
1592 4185
1592 4260
1592 4270
1592 4298
1592 4313
1592 4389
1592 4422
1592 4479
1592 4488
1593 1602
1593 2160
1593 2411
1593 2741
1593 2749
1593 3173
1593 3542
1594 1607
1594 1771
1594 1857
1594 1868
1594 1913
1594 2013
1594 2040
1594 2089
1594 2129
1594 2198
1594 2248
1594 2273
1594 2375
1594 2396
1594 2611
1594 2632
1594 2682
1594 2708
1594 2736
1594 2789
1594 2800
1594 2802
1594 2864
1594 2913
1594 2971
1594 2972
1594 3015
1594 3176
1594 3244
1594 3468
1594 3531
1594 3595
1594 3596
1594 3603
1594 3629
1594 3633
1594 3673
1594 3677
1594 3745
1594 3747
1594 3836
1594 3910
1594 3953
1594 4041
1594 4135
1594 4166
1594 4192
1594 4214
1594 4241
1594 4266
1594 4405
1594 4421
1594 4438
1594 4448
1595 1964
1595 1986
1595 2250
1595 2377
1595 2454
1595 2463
1595 2543
1595 2578
1595 3494
1595 3582
1595 3818
1595 4091
1595 4413
1596 2224
1596 3468
1597 1632
1597 1694
1597 1780
1597 2016
1597 2033
1597 2090
1597 2127
1597 2197
1597 2266
1597 2312
1597 2509
1597 2520
1597 3074
1597 3276
1597 3291
1597 3507
1597 3580
1597 3587
1597 3655
1597 3661
1597 3664
1597 3755
1597 3988
1597 4051
1597 4121
1597 4148
1597 4156
1597 4207
1597 4395
1598 1644
1598 1760
1598 1904
1598 2018
1598 2059
1598 2062
1598 2215
1598 2339
1598 2437
1598 2500
1598 2512
1598 2515
1598 2542
1598 2651
1598 2654
1598 2921
1598 3000
1598 3026
1598 3155
1598 3158
1598 3180
1598 3308
1598 3364
1598 3412
1598 3414
1598 3422
1598 3427
1598 3557
1598 3832
1598 4420
1598 4424
1598 4466
1599 1834
1599 2175
1599 2204
1599 2332
1599 2350
1599 2419
1599 2443
1599 2514
1599 2538
1599 2544
1599 2608
1599 2670
1599 2826
1599 3055
1599 3070
1599 3079
1599 3160
1599 3257
1599 3277
1599 3325
1599 3451
1599 3468
1599 3534
1599 3563
1599 3609
1599 3622
1599 3773
1599 3787
1599 3799
1599 3820
1599 3873
1599 3954
1599 4103
1599 4251
1599 4314
1600 1631
1600 1972
1600 2256
1600 2318
1600 2562
1600 2796
1600 2998
1600 3025
1600 3113
1600 3229
1600 3363
1600 3527
1600 3536
1600 3686
1600 4206
1600 4226
1600 4446
1600 4477
1601 1624
1601 1731
1601 1950
1601 1983
1601 1993
1601 2068
1601 2179
1601 2184
1601 2358
1601 2429
1601 2495
1601 2617
1601 2702
1601 2787
1601 2810
1601 2922
1601 3038
1601 3135
1601 3246
1601 3305
1601 3425
1601 3685
1601 4058
1601 4167
1601 4197
1601 4258
1602 2411
1602 2741
1602 2749
1602 3173
1602 3461
1602 3542
1603 1875
1603 1908
1603 1942
1603 2563
1603 3190
1603 3283
1603 3353
1603 3376
1603 3514
1603 3522
1603 3869
1603 4015
1603 4340
1604 1755
1604 1870
1604 1975
1604 2142
1604 2275
1604 2560
1604 2621
1604 2790
1604 2928
1604 3376
1604 3472
1604 4015
1604 4059
1604 4165
1604 4301
1604 4340
1605 1646
1605 1908
1605 1975
1605 2026
1605 2214
1605 2231
1605 2275
1605 2482
1605 2593
1605 2779
1605 2851
1605 3136
1605 3156
1605 3283
1605 3377
1605 3473
1605 3522
1605 3743
1605 3869
1605 3920
1605 4015
1605 4149
1605 4165
1605 4177
1605 4301
1606 1714
1606 1736
1606 1783
1606 1813
1606 1902
1606 1936
1606 1995
1606 2023
1606 2511
1606 2534
1606 2673
1606 2742
1606 2968
1606 2978
1606 2980
1606 3047
1606 3121
1606 3310
1606 3572
1606 3592
1606 3640
1606 3856
1606 3989
1606 4066
1606 4363
1607 1763
1607 1857
1607 1865
1607 1868
1607 1934
1607 2013
1607 2040
1607 2089
1607 2273
1607 2375
1607 2637
1607 2682
1607 2736
1607 2802
1607 2866
1607 2913
1607 3104
1607 3176
1607 3270
1607 3378
1607 3402
1607 3468
1607 3476
1607 3497
1607 3531
1607 3596
1607 3629
1607 3673
1607 3677
1607 3682
1607 3836
1607 3906
1607 4135
1607 4151
1607 4166
1607 4192
1607 4214
1607 4222
1607 4241
1607 4268
1607 4405
1607 4421
1607 4438
1608 1637
1608 1983
1608 2043
1608 2169
1608 2236
1608 2282
1608 2283
1608 2481
1608 2493
1608 2529
1608 2639
1608 2680
1608 2894
1608 3012
1608 3381
1608 3641
1608 3768
1608 3798
1608 4099
1608 4112
1608 4269
1608 4366
1609 1819
1609 1821
1610 1959
1610 3415
1610 4369
1611 1728
1611 1991
1611 2245
1611 2764
1611 3001
1611 3113
1611 3698
1611 4275
1611 4372
1611 4459
1612 2587
1613 1695
1613 1706
1613 1951
1613 1983
1613 1992
1613 2252
1613 2439
1613 2494
1613 2577
1613 3137
1613 3157
1613 3335
1613 3338
1613 3490
1613 3550
1613 3575
1613 3851
1613 3922
1613 4455
1613 4472
1614 1929
1614 2027
1614 2341
1614 2925
1614 3157
1614 3877
1614 3974
1615 2216
1615 2223
1615 2277
1615 2402
1615 3142
1615 3199
1615 3350
1615 3751
1615 3811
1616 1729
1616 1878
1616 2185
1616 2229
1616 2331
1616 2939
1616 3093
1616 3613
1616 4218
1616 4243
1616 4474
1617 1663
1617 2072
1617 2386
1617 2841
1617 3705
1617 3725
1617 4015
1617 4348
1618 2215
1618 2323
1618 2437
1618 2921
1618 3026
1618 3158
1618 3649
1619 1719
1619 1772
1619 1851
1619 1958
1619 1969
1619 1986
1619 2479
1619 2497
1619 2746
1619 2878
1619 3044
1619 3117
1619 3374
1619 3721
1619 3796
1619 4015
1620 2302
1620 2303
1620 2370
1620 2521
1620 2526
1620 2669
1620 2804
1620 2916
1620 2934
1620 2976
1620 3113
1620 3291
1620 3442
1620 3503
1620 3540
1620 3648
1620 4055
1620 4114
1620 4343
1620 4404
1621 1718
1621 1832
1621 1885
1621 1898
1621 1937
1621 2466
1621 2862
1621 2868
1621 3062
1621 3113
1621 3221
1621 3329
1621 3468
1621 3566
1621 3628
1621 3814
1621 3939
1621 4075
1621 4132
1621 4202
1621 4251
1621 4359
1621 4469
1622 1639
1622 1928
1622 1933
1622 2032
1622 2079
1622 2089
1622 2188
1622 2234
1622 2262
1622 2308
1622 2382
1622 2467
1622 2548
1622 2868
1622 2941
1622 3048
1622 3133
1622 3204
1622 3230
1622 3238
1622 3274
1622 3281
1622 3368
1622 3468
1622 3563
1622 3601
1622 3750
1622 3789
1622 3954
1622 4089
1622 4144
1622 4239
1622 4251
1622 4253
1622 4462
1622 4471
1623 1650
1623 1803
1623 1829
1623 1945
1623 2313
1623 2367
1623 2623
1623 2644
1623 2836
1623 2879
1623 2951
1623 3041
1623 3113
1623 3370
1623 3483
1623 3616
1623 3870
1623 3894
1623 3967
1623 4122
1623 4356
1623 4411
1623 4460
1624 1731
1624 1830
1624 1925
1624 1983
1624 1993
1624 2003
1624 2046
1624 2068
1624 2179
1624 2184
1624 2196
1624 2287
1624 2289
1624 2290
1624 2309
1624 2358
1624 2459
1624 2495
1624 2566
1624 2617
1624 2702
1624 2787
1624 2810
1624 2858
1624 3038
1624 3246
1624 3260
1624 3425
1624 3487
1624 3569
1624 3611
1624 3685
1624 3833
1624 3899
1624 4023
1624 4058
1624 4060
1624 4145
1624 4234
1624 4258
1624 4325
1624 4461
1625 2897
1625 2952
1626 1876
1626 1965
1626 2011
1626 2237
1626 2543
1626 2546
1626 2643
1626 2688
1626 3021
1626 3532
1626 3567
1626 3765
1626 3887
1626 3992
1626 4365
1627 1650
1627 1665
1627 1784
1627 1831
1627 1872
1627 2025
1627 2101
1627 2121
1627 2351
1627 2436
1627 2484
1627 2568
1627 2634
1627 2669
1627 2676
1627 2684
1627 2860
1627 2911
1627 2997
1627 3063
1627 3113
1627 3235
1627 3282
1627 3285
1627 3307
1627 3309
1627 3481
1627 3535
1627 3598
1627 3606
1627 3749
1627 3849
1627 3874
1627 4094
1627 4128
1627 4230
1627 4381
1628 1638
1628 1655
1628 1712
1628 1737
1628 1748
1628 1764
1628 1766
1628 1791
1628 1797
1628 1801
1628 1825
1628 1826
1628 1866
1628 1948
1628 1977
1628 1979
1628 1983
1628 2028
1628 2037
1628 2049
1628 2071
1628 2114
1628 2130
1628 2149
1628 2155
1628 2166
1628 2199
1628 2241
1628 2255
1628 2270
1628 2334
1628 2357
1628 2404
1628 2430
1628 2435
1628 2455
1628 2501
1628 2555
1628 2583
1628 2589
1628 2592
1628 2614
1628 2628
1628 2631
1628 2648
1628 2649
1628 2656
1628 2735
1628 2751
1628 2771
1628 2830
1628 2850
1628 2863
1628 2867
1628 2920
1628 2954
1628 3010
1628 3011
1628 3017
1628 3020
1628 3023
1628 3024
1628 3034
1628 3058
1628 3081
1628 3108
1628 3123
1628 3131
1628 3189
1628 3194
1628 3213
1628 3237
1628 3252
1628 3261
1628 3265
1628 3275
1628 3290
1628 3321
1628 3331
1628 3354
1628 3405
1628 3406
1628 3444
1628 3501
1628 3519
1628 3541
1628 3565
1628 3583
1628 3589
1628 3638
1628 3654
1628 3666
1628 3678
1628 3697
1628 3723
1628 3742
1628 3758
1628 3762
1628 3847
1628 3848
1628 3875
1628 3950
1628 3983
1628 4076
1628 4134
1628 4139
1628 4242
1628 4250
1628 4272
1628 4307
1628 4309
1628 4326
1628 4330
1628 4347
1628 4360
1628 4377
1628 4425
1628 4431
1628 4432
1628 4450
1628 4470
1628 4482
1629 1668
1629 1673
1629 1828
1629 1958
1629 2036
1629 2075
1629 2173
1629 2317
1629 2472
1629 2551
1629 2713
1629 2859
1629 3068
1629 3094
1629 3097
1629 3122
1629 3254
1629 3740
1629 3796
1629 3804
1629 4015
1629 4082
1629 4085
1629 4133
1629 4189
1629 4305
1629 4337
1629 4395
1630 1726
1630 1917
1630 1969
1630 2724
1630 2739
1630 2746
1630 2762
1630 3117
1630 3387
1630 3517
1630 3574
1630 3896
1630 4015
1631 2245
1631 3897
1631 4043
1631 4204
1632 2931
1633 1636
1633 2133
1633 2965
1633 3579
1633 3930
1633 4015
1633 4087
1633 4182
1633 4349
1633 4373
1634 1721
1634 1752
1634 1833
1634 1924
1634 1959
1634 2171
1634 2183
1634 2331
1634 2341
1634 2384
1634 2470
1634 2620
1634 2718
1634 2823
1634 2957
1634 2994
1634 3008
1634 3272
1634 3280
1634 3288
1634 3561
1634 3630
1634 3853
1634 3943
1634 3993
1634 4039
1634 4456
1635 2527
1635 2708
1635 2742
1635 4362
1636 1674
1636 1760
1636 1904
1636 2170
1636 2202
1636 2585
1636 2750
1636 2754
1636 2942
1636 3000
1636 3188
1636 3223
1636 3383
1636 3426
1636 3427
1636 3482
1636 3557
1636 3641
1636 3751
1636 4252
1636 4258
1636 4266
1636 4420
1637 1983
1637 2282
1637 2347
1637 2964
1637 3077
1637 3240
1637 3256
1637 3768
1637 4187
1637 4323
1637 4366
1638 1655
1638 1664
1638 1679
1638 1712
1638 1737
1638 1764
1638 1766
1638 1791
1638 1797
1638 1801
1638 1866
1638 1884
1638 1977
1638 1979
1638 1983
1638 2037
1638 2071
1638 2114
1638 2130
1638 2155
1638 2199
1638 2200
1638 2270
1638 2294
1638 2404
1638 2430
1638 2485
1638 2501
1638 2555
1638 2583
1638 2589
1638 2592
1638 2628
1638 2631
1638 2648
1638 2649
1638 2656
1638 2747
1638 2751
1638 2771
1638 2781
1638 2830
1638 2850
1638 2863
1638 2954
1638 3009
1638 3010
1638 3011
1638 3017
1638 3020
1638 3023
1638 3024
1638 3034
1638 3058
1638 3064
1638 3067
1638 3082
1638 3108
1638 3123
1638 3131
1638 3178
1638 3194
1638 3195
1638 3213
1638 3234
1638 3237
1638 3252
1638 3275
1638 3321
1638 3331
1638 3406
1638 3413
1638 3501
1638 3519
1638 3541
1638 3565
1638 3589
1638 3638
1638 3654
1638 3666
1638 3678
1638 3697
1638 3742
1638 3758
1638 3762
1638 3776
1638 3837
1638 3848
1638 3875
1638 3950
1638 4076
1638 4115
1638 4134
1638 4139
1638 4146
1638 4181
1638 4216
1638 4240
1638 4242
1638 4250
1638 4272
1638 4293
1638 4307
1638 4309
1638 4316
1638 4326
1638 4330
1638 4347
1638 4360
1638 4377
1638 4425
1638 4431
1638 4432
1638 4450
1638 4470
1639 1750
1639 1914
1639 1933
1639 2209
1639 2315
1639 2548
1639 3125
1639 3204
1639 3368
1639 3468
1639 3658
1639 3750
1639 3817
1639 4024
1639 4089
1639 4253
1640 1701
1640 2050
1640 2058
1640 2079
1640 2120
1640 2350
1640 2935
1640 3133
1640 3438
1640 3468
1640 3773
1640 3789
1640 3954
1640 4140
1640 4314
1640 4415
1641 1726
1641 1898
1641 1957
1641 2364
1641 2591
1641 3113
1641 3126
1641 3206
1641 3549
1641 3844
1641 4158
1641 4218
1641 4418
1642 1752
1642 2341
1642 2915
1642 3113
1643 1651
1643 1751
1643 1808
1643 2285
1643 2450
1643 2476
1643 2619
1643 2678
1643 2699
1643 3013
1643 3033
1643 3076
1643 3113
1643 3181
1643 3417
1643 3504
1643 3782
1643 3819
1643 3860
1643 3897
1643 4008
1643 4056
1643 4153
1643 4185
1643 4352
1643 4383
1644 2345
1644 3272
1645 2667
1645 2712
1645 2905
1645 3056
1645 3375
1645 3453
1645 3468
1645 3511
1645 3547
1645 3937
1645 4263
1645 4439
1646 1875
1646 2275
1646 2593
1646 2851
1646 3156
1646 3376
1646 3472
1646 4015
1646 4177
1647 1684
1647 1732
1647 1808
1647 1844
1647 1880
1647 1955
1647 2015
1647 2115
1647 2123
1647 2178
1647 2226
1647 2285
1647 2392
1647 2414
1647 2422
1647 2450
1647 2456
1647 2531
1647 2594
1647 2598
1647 2622
1647 2698
1647 2821
1647 2855
1647 2948
1647 3033
1647 3111
1647 3113
1647 3129
1647 3154
1647 3187
1647 3198
1647 3220
1647 3311
1647 3357
1647 3485
1647 3562
1647 3767
1647 3812
1647 3842
1647 3857
1647 3862
1647 3955
1647 3961
1647 3975
1647 4020
1647 4153
1647 4193
1647 4194
1647 4248
1647 4290
1647 4312
1647 4313
1647 4341
1647 4370
1647 4383
1648 1737
1648 1791
1648 1797
1648 1977
1648 1979
1648 1983
1648 2149
1648 2178
1648 2270
1648 2357
1648 2598
1648 2619
1648 2686
1648 2794
1648 2822
1648 2940
1648 3033
1648 3113
1648 3181
1648 3468
1648 3528
1648 3685
1648 3776
1648 4008
1648 4015
1648 4153
1648 4330
1649 1706
1649 1983
1649 2112
1649 2252
1649 2289
1649 2440
1649 2494
1649 2753
1649 3137
1649 3335
1649 3460
1649 3490
1649 3575
1649 3774
1649 3922
1649 3999
1649 4005
1649 4054
1649 4072
1649 4129
1649 4170
1649 4281
1649 4449
1649 4455
1649 4472
1650 1691
1650 1728
1650 1756
1650 1788
1650 1829
1650 1839
1650 1860
1650 1896
1650 1907
1650 1926
1650 1945
1650 1991
1650 2034
1650 2042
1650 2093
1650 2146
1650 2157
1650 2230
1650 2251
1650 2313
1650 2316
1650 2318
1650 2354
1650 2367
1650 2378
1650 2407
1650 2441
1650 2468
1650 2487
1650 2520
1650 2536
1650 2550
1650 2565
1650 2623
1650 2744
1650 2764
1650 2804
1650 2827
1650 2836
1650 2879
1650 2998
1650 3041
1650 3113
1650 3168
1650 3223
1650 3271
1650 3282
1650 3336
1650 3344
1650 3351
1650 3355
1650 3369
1650 3370
1650 3389
1650 3424
1650 3443
1650 3450
1650 3471
1650 3483
1650 3504
1650 3506
1650 3523
1650 3526
1650 3535
1650 3573
1650 3588
1650 3605
1650 3819
1650 3870
1650 3894
1650 3923
1650 3924
1650 3928
1650 3931
1650 3967
1650 4073
1650 4084
1650 4100
1650 4142
1650 4169
1650 4209
1650 4244
1650 4327
1650 4339
1650 4342
1650 4356
1650 4381
1650 4422
1650 4451
1650 4457
1650 4459
1650 4460
1651 1679
1651 1705
1651 1730
1651 1740
1651 1747
1651 1758
1651 1808
1651 1869
1651 1871
1651 2095
1651 2098
1651 2123
1651 2178
1651 2285
1651 2305
1651 2420
1651 2442
1651 2444
1651 2446
1651 2450
1651 2476
1651 2537
1651 2594
1651 2619
1651 2659
1651 2678
1651 2699
1651 2726
1651 2801
1651 2948
1651 3033
1651 3076
1651 3084
1651 3111
1651 3113
1651 3129
1651 3147
1651 3181
1651 3264
1651 3302
1651 3311
1651 3392
1651 3417
1651 3430
1651 3452
1651 3464
1651 3478
1651 3647
1651 3715
1651 3739
1651 3767
1651 3782
1651 3784
1651 3812
1651 3819
1651 3878
1651 3893
1651 3955
1651 3975
1651 4008
1651 4021
1651 4043
1651 4052
1651 4056
1651 4138
1651 4163
1651 4174
1651 4185
1651 4236
1651 4270
1651 4298
1651 4312
1651 4352
1651 4383
1651 4389
1651 4422
1651 4433
1651 4488
1652 1678
1652 1747
1652 2519
1652 2846
1652 3113
1652 3114
1652 3154
1652 3615
1652 3977
1652 4212
1653 1713
1653 1742
1653 1795
1653 1805
1653 1882
1653 1983
1653 2408
1653 2686
1653 2884
1653 3286
1653 3467
1653 3488
1653 3604
1653 3619
1653 3783
1653 3800
1653 3833
1653 4124
1653 4287
1653 4324
1653 4478
1654 2055
1654 3493
1654 4015
1654 4357
1654 4464
1655 1712
1655 1737
1655 1748
1655 1766
1655 1791
1655 1826
1655 1866
1655 1895
1655 1948
1655 1979
1655 1982
1655 1983
1655 2037
1655 2065
1655 2149
1655 2155
1655 2270
1655 2300
1655 2334
1655 2368
1655 2404
1655 2430
1655 2501
1655 2555
1655 2589
1655 2628
1655 2631
1655 2648
1655 2649
1655 2656
1655 2751
1655 2771
1655 2830
1655 2850
1655 2863
1655 2867
1655 2954
1655 2991
1655 3009
1655 3010
1655 3011
1655 3017
1655 3020
1655 3023
1655 3024
1655 3034
1655 3058
1655 3082
1655 3123
1655 3131
1655 3178
1655 3189
1655 3194
1655 3213
1655 3237
1655 3252
1655 3290
1655 3321
1655 3331
1655 3394
1655 3405
1655 3420
1655 3501
1655 3519
1655 3541
1655 3565
1655 3589
1655 3638
1655 3654
1655 3666
1655 3697
1655 3723
1655 3837
1655 3848
1655 3875
1655 3908
1655 3950
1655 3983
1655 3987
1655 4057
1655 4076
1655 4139
1655 4181
1655 4242
1655 4272
1655 4307
1655 4326
1655 4347
1655 4377
1655 4422
1655 4425
1655 4431
1655 4450
1656 1960
1656 1983
1656 3218
1656 3240
1656 3674
1656 3798
1656 4035
1656 4099
1657 4299
1658 1704
1658 1711
1658 1914
1658 2108
1658 2116
1658 2428
1658 2466
1658 2571
1658 2608
1658 2730
1658 2791
1658 2974
1658 3186
1658 3215
1658 3227
1658 3368
1658 3462
1658 3468
1658 3658
1658 3681
1658 3759
1658 3773
1658 3954
1658 4024
1658 4028
1658 4069
1658 4083
1658 4089
1658 4253
1658 4264
1658 4306
1658 4436
1659 1675
1659 1678
1659 1853
1659 2014
1659 2399
1659 2575
1659 3127
1659 3180
1659 3308
1659 3679
1659 3793
1659 4102
1659 4123
1659 4485
1660 1798
1660 1811
1660 1883
1660 1916
1660 1983
1660 1999
1660 2003
1660 2029
1660 2232
1660 2287
1660 2290
1660 2309
1660 2499
1660 2686
1660 2755
1660 2776
1660 2787
1660 2794
1660 2822
1660 2833
1660 2837
1660 2856
1660 2858
1660 2899
1660 2911
1660 2918
1660 2924
1660 3082
1660 3107
1660 3138
1660 3246
1660 3258
1660 3365
1660 3408
1660 3564
1660 3569
1660 3604
1660 3611
1660 3623
1660 3685
1660 3706
1660 3970
1660 4095
1660 4145
1660 4258
1660 4259
1660 4325
1660 4398
1660 4410
1660 4440
1660 4465
1661 1681
1661 1983
1661 2020
1661 2169
1661 2493
1661 3179
1661 3218
1661 3240
1661 3381
1661 3518
1661 3768
1661 3830
1661 3946
1661 3966
1661 4027
1661 4035
1661 4187
1661 4376
1661 4478
1662 2690
1662 3113
1663 1666
1663 1758
1663 1960
1663 2279
1663 2376
1663 2448
1663 2581
1663 2768
1663 2887
1663 2915
1663 3044
1663 3228
1663 3313
1663 3322
1663 3330
1663 3704
1663 3744
1663 4245
1664 1766
1664 1791
1664 1973
1664 1977
1664 2003
1664 2032
1664 2270
1664 2290
1664 2309
1664 2356
1664 2555
1664 2583
1664 2699
1664 2751
1664 2755
1664 2802
1664 2850
1664 2940
1664 2954
1664 3011
1664 3034
1664 3082
1664 3100
1664 3111
1664 3113
1664 3151
1664 3265
1664 3413
1664 3468
1664 3520
1664 3541
1664 3615
1664 3758
1664 3878
1664 3893
1664 3908
1664 4153
1664 4192
1664 4240
1664 4250
1664 4270
1664 4313
1664 4347
1664 4410
1664 4488
1665 1717
1665 1723
1665 1778
1665 1784
1665 1831
1665 1860
1665 1872
1665 1926
1665 2025
1665 2101
1665 2121
1665 2157
1665 2316
1665 2325
1665 2351
1665 2436
1665 2441
1665 2484
1665 2533
1665 2650
1665 2669
1665 2684
1665 2804
1665 2997
1665 3063
1665 3101
1665 3113
1665 3285
1665 3307
1665 3442
1665 3481
1665 3553
1665 3598
1665 3691
1665 3749
1665 3816
1665 3849
1665 3934
1665 4119
1665 4128
1665 4451
1665 4457
1666 1705
1666 1726
1666 1732
1666 1832
1666 2096
1666 2110
1666 2182
1666 2301
1666 2364
1666 2422
1666 2732
1666 3033
1666 3052
1666 3113
1666 3185
1666 3206
1666 3521
1666 3549
1666 3939
1666 4075
1666 4147
1666 4355
1666 4488
1667 1671
1667 1689
1667 1713
1667 1882
1667 1983
1667 2010
1667 2304
1667 2665
1667 2686
1667 2721
1667 2748
1667 2865
1667 2877
1667 3098
1667 3395
1667 3488
1667 3539
1667 3783
1667 3800
1667 3933
1667 4167
1667 4269
1667 4287
1667 4407
1667 4461
1667 4478
1668 1673
1668 1828
1668 1958
1668 2036
1668 2075
1668 2094
1668 2280
1668 2317
1668 2551
1668 2713
1668 2795
1668 2859
1668 2933
1668 3031
1668 3037
1668 3094
1668 3097
1668 3122
1668 3254
1668 3571
1668 3740
1668 3741
1668 3796
1668 3804
1668 3896
1668 4015
1668 4082
1668 4085
1668 4189
1668 4305
1668 4337
1668 4395
1669 1750
1669 1799
1669 1845
1669 1879
1669 1889
1669 1939
1669 1980
1669 2032
1669 2054
1669 2058
1669 2087
1669 2175
1669 2308
1669 2438
1669 2717
1669 2882
1669 2974
1669 3054
1669 3217
1669 3230
1669 3247
1669 3248
1669 3303
1669 3332
1669 3426
1669 3468
1669 3525
1669 3759
1669 3773
1669 4239
1669 4256
1669 4273
1669 4277
1669 4322
1669 4467
1670 1962
1670 2167
1670 3898
1671 1689
1671 1713
1671 1731
1671 1768
1671 1882
1671 1925
1671 1947
1671 1983
1671 2003
1671 2010
1671 2068
1671 2287
1671 2304
1671 2431
1671 2528
1671 2665
1671 2686
1671 2721
1671 2748
1671 2755
1671 2865
1671 3106
1671 3138
1671 3209
1671 3219
1671 3253
1671 3302
1671 3365
1671 3425
1671 3487
1671 3539
1671 4023
1671 4058
1671 4167
1671 4219
1671 4272
1671 4461
1672 1705
1672 2115
1672 2480
1672 3061
1672 3113
1672 3784
1673 1827
1673 1943
1673 1955
1673 2713
1673 3097
1673 3122
1673 3716
1673 3741
1673 3804
1673 4015
1673 4082
1673 4085
1673 4337
1673 4395
1674 1956
1674 1983
1674 2103
1674 2114
1674 2431
1674 2501
1674 2689
1674 2867
1674 3225
1674 3445
1674 3458
1674 3638
1674 3654
1674 3786
1674 4023
1674 4037
1674 4157
1674 4181
1674 4216
1674 4232
1674 4432
1674 4437
1675 2014
1675 2399
1675 2812
1675 2931
1675 2952
1675 2973
1675 3127
1675 3180
1675 3308
1675 3679
1675 3793
1675 4102
1675 4123
1675 4485
1676 2217
1676 3342
1676 4285
1676 4445
1677 1713
1677 1733
1677 1795
1677 1882
1677 1922
1677 1925
1677 1950
1677 1983
1677 2003
1677 2046
1677 2113
1677 2206
1677 2255
1677 2287
1677 2300
1677 2309
1677 2356
1677 2385
1677 2408
1677 2600
1677 2658
1677 2672
1677 2686
1677 2755
1677 2758
1677 2787
1677 2794
1677 2810
1677 2833
1677 2856
1677 2858
1677 2899
1677 2910
1677 3038
1677 3112
1677 3138
1677 3162
1677 3175
1677 3260
1677 3286
1677 3293
1677 3298
1677 3305
1677 3369
1677 3386
1677 3467
1677 3487
1677 3488
1677 3505
1677 3576
1677 3590
1677 3604
1677 3685
1677 3708
1677 3724
1677 3736
1677 3769
1677 3783
1677 3798
1677 3800
1677 3899
1677 4023
1677 4037
1677 4058
1677 4060
1677 4080
1677 4145
1677 4154
1677 4167
1677 4178
1677 4223
1677 4269
1677 4287
1677 4294
1677 4324
1677 4346
1677 4406
1677 4409
1677 4410
1677 4434
1677 4454
1677 4461
1677 4465
1677 4478
1678 1847
1678 1859
1678 2340
1678 2450
1678 2528
1678 2589
1678 2658
1678 2765
1678 2905
1678 3174
1678 4201
1678 4414
1678 4430
1679 1764
1679 1983
1679 2071
1679 2114
1679 2149
1679 2298
1679 2309
1679 2404
1679 2535
1679 2619
1679 2656
1679 2758
1679 2781
1679 2863
1679 2867
1679 2954
1679 3011
1679 3033
1679 3151
1679 3321
1679 3520
1679 3569
1679 3678
1679 3685
1679 3706
1679 3715
1679 3742
1679 3767
1679 3837
1679 3848
1679 3910
1679 4015
1679 4192
1679 4309
1679 4316
1679 4326
1679 4389
1679 4432
1680 1976
1680 2327
1680 2482
1680 2898
1680 2900
1680 2928
1680 3136
1680 3177
1680 3421
1680 4001
1680 4015
1680 4016
1680 4165
1681 1940
1681 1983
1681 2020
1681 2148
1681 2169
1681 2283
1681 2361
1681 2759
1681 3012
1681 3174
1681 3179
1681 3218
1681 3381
1681 3597
1681 3611
1681 4027
1681 4035
1681 4187
1682 1954
1682 2309
1682 2422
1682 2430
1682 2589
1682 2656
1682 2726
1682 2804
1682 3010
1682 3111
1682 3113
1682 3258
1682 3468
1682 3519
1682 3685
1682 3767
1682 3837
1682 3899
1682 3934
1682 3950
1682 4015
1682 4023
1682 4076
1682 4139
1682 4147
1682 4262
1682 4383
1682 4432
1683 1810
1683 2642
1683 3094
1683 3374
1683 3741
1683 4015
1683 4087
1683 4110
1683 4191
1683 4337
1684 1702
1684 1732
1684 1747
1684 1775
1684 1786
1684 1815
1684 1844
1684 1864
1684 1871
1684 1877
1684 1880
1684 1886
1684 1931
1684 1954
1684 1973
1684 2015
1684 2088
1684 2098
1684 2104
1684 2115
1684 2123
1684 2135
1684 2178
1684 2227
1684 2249
1684 2298
1684 2392
1684 2414
1684 2415
1684 2420
1684 2422
1684 2450
1684 2455
1684 2456
1684 2496
1684 2524
1684 2531
1684 2535
1684 2564
1684 2565
1684 2594
1684 2598
1684 2622
1684 2652
1684 2659
1684 2666
1684 2683
1684 2698
1684 2699
1684 2727
1684 2732
1684 2733
1684 2743
1684 2805
1684 2821
1684 2855
1684 2881
1684 2948
1684 3033
1684 3061
1684 3066
1684 3076
1684 3092
1684 3108
1684 3111
1684 3113
1684 3124
1684 3129
1684 3151
1684 3187
1684 3191
1684 3198
1684 3220
1684 3273
1684 3299
1684 3311
1684 3349
1684 3385
1684 3394
1684 3417
1684 3430
1684 3432
1684 3444
1684 3478
1684 3485
1684 3515
1684 3521
1684 3562
1684 3586
1684 3615
1684 3708
1684 3710
1684 3715
1684 3728
1684 3737
1684 3767
1684 3772
1684 3784
1684 3815
1684 3819
1684 3842
1684 3847
1684 3850
1684 3857
1684 3862
1684 3893
1684 3897
1684 3955
1684 3961
1684 3977
1684 3987
1684 3998
1684 4008
1684 4020
1684 4021
1684 4042
1684 4153
1684 4188
1684 4193
1684 4196
1684 4236
1684 4262
1684 4270
1684 4290
1684 4293
1684 4298
1684 4312
1684 4313
1684 4341
1684 4370
1684 4383
1684 4389
1684 4426
1684 4469
1684 4479
1684 4486
1685 1764
1685 2391
1685 2433
1685 2919
1685 3113
1685 3171
1685 3385
1685 3685
1685 3742
1685 3767
1685 3837
1685 4242
1685 4272
1685 4347
1685 4377
1686 1737
1686 1916
1686 1948
1686 2028
1686 2115
1686 2155
1686 2166
1686 2208
1686 2287
1686 2414
1686 2420
1686 2430
1686 2622
1686 2628
1686 2648
1686 2666
1686 2802
1686 2850
1686 2855
1686 3020
1686 3107
1686 3113
1686 3151
1686 3468
1686 3478
1686 3520
1686 3541
1686 3697
1686 3742
1686 3784
1686 4015
1686 4095
1686 4134
1686 4250
1686 4262
1686 4294
1686 4360
1686 4377
1686 4389
1686 4465
1686 4482
1687 1834
1687 1864
1687 1975
1687 2905
1687 3105
1687 3309
1688 1983
1688 2148
1688 2865
1688 3607
1688 3947
1689 1983
1689 2010
1689 2304
1689 2665
1689 2686
1689 2721
1689 2877
1689 3068
1689 3098
1689 3218
1689 3488
1689 3539
1689 3871
1689 4461
1689 4478
1690 3339
1690 3366
1690 3429
1690 3468
1690 3614
1690 4069
1691 2027
1691 2251
1691 2468
1691 2623
1691 2827
1691 3113
1691 3336
1691 3355
1691 3370
1691 3883
1691 3967
1691 4122
1691 4356
1691 4459
1691 4460
1692 1914
1692 1934
1692 2032
1692 2424
1692 2548
1692 2731
1692 3204
1692 3368
1692 3468
1692 3817
1692 4024
1692 4253
1693 1747
1693 1983
1693 2028
1693 2088
1693 2115
1693 2123
1693 2442
1693 2592
1693 2648
1693 2656
1693 2686
1693 2755
1693 2787
1693 2830
1693 2940
1693 2954
1693 3107
1693 3113
1693 3131
1693 3189
1693 3194
1693 3231
1693 3290
1693 3413
1693 3468
1693 3501
1693 3528
1693 3565
1693 3638
1693 3682
1693 3767
1693 3848
1693 3878
1693 3908
1693 4095
1693 4250
1693 4270
1693 4316
1693 4398
1694 1986
1694 2090
1694 2454
1694 2543
1694 3507
1694 4051
1695 1706
1695 1927
1695 1983
1695 1992
1695 2083
1695 2163
1695 2252
1695 2272
1695 2439
1695 2440
1695 2494
1695 2577
1695 3035
1695 3077
1695 3137
1695 3335
1695 3338
1695 3460
1695 3550
1695 3575
1695 3774
1695 3922
1695 4005
1695 4054
1695 4072
1695 4129
1695 4449
1695 4455
1695 4472
1696 1808
1696 1882
1696 1983
1696 2003
1696 2037
1696 2123
1696 2206
1696 2357
1696 2414
1696 2422
1696 2535
1696 2543
1696 2594
1696 2598
1696 2631
1696 2656
1696 2850
1696 3123
1696 3129
1696 3131
1696 3151
1696 3189
1696 3237
1696 3265
1696 3293
1696 3430
1696 3468
1696 3478
1696 3521
1696 3589
1696 3604
1696 3615
1696 3666
1696 3685
1696 3708
1696 3715
1696 4015
1696 4037
1696 4095
1696 4219
1696 4242
1696 4250
1696 4298
1696 4309
1696 4313
1696 4383
1697 1756
1697 2088
1697 2123
1697 2496
1697 2525
1697 2664
1697 2827
1697 3113
1697 3119
1697 3336
1697 3703
1697 3713
1697 4313
1698 2651
1698 3173
1698 3542
1699 1944
1699 3144
1699 3943
1699 3963
1699 4015
1699 4097
1700 1701
1700 1804
1700 1885
1700 1911
1700 1933
1700 2161
1700 2175
1700 2188
1700 2315
1700 2332
1700 2343
1700 2360
1700 2597
1700 3016
1700 3100
1700 3104
1700 3110
1700 3186
1700 3312
1700 3316
1700 3368
1700 3409
1700 3468
1700 3563
1700 3594
1700 3868
1700 3876
1700 3891
1700 3916
1700 3965
1700 4002
1700 4103
1700 4141
1700 4161
1700 4282
1700 4306
1700 4315
1700 4361
1700 4480
1701 1834
1701 2006
1701 2032
1701 2050
1701 2120
1701 2188
1701 2204
1701 2332
1701 2336
1701 2343
1701 2350
1701 2443
1701 2467
1701 2608
1701 2624
1701 2882
1701 3204
1701 3205
1701 3231
1701 3238
1701 3257
1701 3325
1701 3411
1701 3451
1701 3468
1701 3534
1701 3609
1701 3622
1701 3733
1701 3750
1701 3773
1701 3787
1701 3789
1701 3867
1701 3873
1701 4255
1701 4264
1701 4306
1701 4345
1702 1747
1702 1751
1702 1758
1702 1786
1702 1815
1702 1864
1702 1871
1702 1973
1702 2098
1702 2115
1702 2238
1702 2298
1702 2392
1702 2414
1702 2415
1702 2422
1702 2502
1702 2535
1702 2564
1702 2594
1702 2652
1702 2909
1702 3066
1702 3111
1702 3113
1702 3129
1702 3181
1702 3417
1702 3430
1702 3478
1702 3615
1702 3710
1702 3728
1702 3737
1702 3767
1702 3784
1702 3819
1702 3860
1702 3862
1702 3893
1702 3897
1702 4008
1702 4021
1702 4042
1702 4153
1702 4188
1702 4262
1702 4270
1702 4312
1702 4313
1702 4479
1702 4486
1703 2442
1703 3113
1703 3457
1703 4116
1703 4191
1703 4459
1704 1920
1704 2188
1704 2349
1704 2418
1704 2467
1704 2761
1704 2974
1704 3160
1704 3340
1704 3409
1704 3433
1704 3468
1704 3732
1704 4231
1704 4264
1704 4419
1704 4462
1705 1732
1705 1740
1705 1747
1705 2069
1705 2115
1705 2123
1705 2178
1705 2182
1705 2226
1705 2301
1705 2423
1705 2476
1705 2732
1705 2813
1705 2881
1705 2992
1705 3033
1705 3076
1705 3113
1705 3264
1705 3392
1705 3464
1705 3515
1705 3521
1705 3739
1705 3794
1705 3802
1705 3803
1705 3812
1705 3885
1705 3939
1705 4147
1705 4193
1705 4196
1705 4313
1705 4341
1705 4488
1706 1927
1706 1983
1706 1992
1706 2083
1706 2252
1706 2494
1706 2577
1706 2700
1706 2753
1706 3035
1706 3137
1706 3335
1706 3338
1706 3460
1706 3550
1706 3575
1706 3781
1706 3807
1706 3922
1706 3999
1706 4005
1706 4072
1706 4129
1706 4170
1706 4449
1706 4472
1707 1726
1707 1810
1707 1958
1707 2088
1707 2431
1707 2579
1707 2947
1707 3415
1707 3571
1707 3710
1707 3792
1707 4326
1707 4460
1708 1757
1708 2007
1708 2690
1708 2940
1708 3186
1708 3468
1708 4014
1708 4097
1709 2134
1709 2708
1709 3244
1709 3468
1709 3826
1709 4448
1710 1986
1710 3016
1710 3029
1710 3083
1710 3468
1710 3614
1710 3814
1710 4031
1711 1716
1711 1914
1711 2035
1711 2108
1711 2308
1711 2428
1711 2548
1711 2571
1711 2974
1711 3215
1711 3227
1711 3368
1711 3429
1711 3468
1711 3658
1711 3681
1711 3759
1711 4024
1711 4028
1711 4089
1711 4253
1711 4436
1712 1737
1712 1764
1712 1766
1712 1791
1712 1797
1712 1801
1712 1826
1712 1841
1712 1866
1712 1948
1712 1977
1712 1979
1712 1983
1712 2037
1712 2049
1712 2071
1712 2114
1712 2130
1712 2149
1712 2155
1712 2166
1712 2241
1712 2255
1712 2270
1712 2334
1712 2357
1712 2404
1712 2430
1712 2485
1712 2501
1712 2555
1712 2583
1712 2589
1712 2592
1712 2614
1712 2628
1712 2631
1712 2648
1712 2649
1712 2656
1712 2744
1712 2751
1712 2771
1712 2774
1712 2781
1712 2830
1712 2838
1712 2863
1712 2920
1712 2954
1712 3010
1712 3017
1712 3020
1712 3023
1712 3024
1712 3034
1712 3058
1712 3081
1712 3108
1712 3123
1712 3131
1712 3178
1712 3189
1712 3194
1712 3195
1712 3213
1712 3237
1712 3252
1712 3275
1712 3290
1712 3321
1712 3331
1712 3404
1712 3501
1712 3556
1712 3565
1712 3589
1712 3638
1712 3654
1712 3666
1712 3672
1712 3678
1712 3697
1712 3742
1712 3758
1712 3762
1712 3776
1712 3837
1712 3847
1712 3848
1712 3875
1712 3908
1712 3950
1712 4057
1712 4076
1712 4134
1712 4139
1712 4146
1712 4181
1712 4240
1712 4242
1712 4250
1712 4307
1712 4309
1712 4316
1712 4326
1712 4330
1712 4347
1712 4360
1712 4377
1712 4425
1712 4431
1712 4432
1712 4450
1713 1733
1713 1742
1713 1795
1713 1805
1713 1882
1713 1950
1713 1983
1713 2304
1713 2408
1713 2600
1713 2686
1713 2748
1713 2810
1713 2865
1713 2884
1713 2911
1713 3232
1713 3286
1713 3293
1713 3305
1713 3328
1713 3395
1713 3626
1713 3783
1713 3829
1713 3933
1713 4124
1713 4167
1713 4223
1713 4269
1713 4287
1713 4294
1713 4324
1713 4346
1713 4409
1713 4461
1713 4478
1714 1736
1714 1783
1714 1902
1714 1936
1714 2023
1714 2511
1714 2534
1714 2673
1714 2742
1714 2968
1714 2980
1714 3047
1714 3074
1714 3121
1714 3310
1714 3572
1714 3592
1714 3640
1714 3856
1714 4363
1715 1747
1715 1758
1715 1925
1715 1973
1715 1983
1715 2032
1715 2120
1715 2155
1715 2171
1715 2182
1715 2208
1715 2241
1715 2249
1715 2309
1715 2356
1715 2357
1715 2600
1715 2637
1715 2649
1715 2686
1715 2726
1715 2771
1715 3058
1715 3113
1715 3189
1715 3260
1715 3468
1715 3501
1715 3519
1715 3565
1715 3604
1715 3706
1715 3715
1715 3737
1715 3762
1715 3819
1715 3897
1715 3910
1715 3983
1715 4023
1715 4076
1715 4134
1715 4185
1715 4192
1715 4262
1715 4290
1715 4326
1715 4330
1715 4347
1715 4360
1715 4377
1715 4398
1715 4454
1715 4461
1715 4470
1716 2731
1716 2974
1716 3059
1716 3227
1716 3468
1716 3658
1716 3759
1716 3925
1716 4024
1716 4253
1716 4436
1717 1723
1717 1769
1717 1784
1717 1831
1717 1872
1717 1874
1717 2025
1717 2119
1717 2269
1717 2321
1717 2390
1717 2540
1717 2634
1717 2650
1717 2676
1717 2685
1717 2997
1717 3063
1717 3113
1717 3235
1717 3271
1717 3285
1717 3307
1717 3309
1717 3344
1717 3439
1717 3535
1717 3598
1717 3606
1717 3749
1717 3874
1717 4094
1717 4367
1717 4387
1717 4459
1718 1937
1718 2242
1718 2483
1718 2698
1718 3113
1718 3329
1718 3566
1718 3646
1718 3814
1718 3885
1718 4132
1718 4202
1718 4396
1719 1726
1719 1810
1719 1851
1719 1958
1719 1969
1719 2137
1719 2261
1719 2497
1719 2642
1719 2724
1719 2745
1719 2746
1719 2797
1719 2831
1719 2859
1719 2947
1719 3086
1719 3117
1719 3374
1719 3571
1719 3721
1719 4015
1719 4110
1720 1734
1720 1779
1720 2067
1720 2189
1720 2406
1720 2615
1720 2691
1720 2798
1720 3543
1720 3585
1720 3895
1720 3957
1720 4217
1720 4245
1720 4382
1721 1833
1721 1924
1721 2222
1721 2625
1721 2718
1721 2994
1721 3008
1721 3060
1721 3288
1721 3352
1721 3502
1721 3561
1722 1764
1722 2509
1722 3113
1722 3174
1722 3229
1722 3300
1722 3494
1722 3931
1722 4071
1722 4378
1723 1745
1723 1784
1723 1831
1723 1872
1723 1926
1723 2025
1723 2034
1723 2101
1723 2119
1723 2230
1723 2281
1723 2316
1723 2436
1723 2540
1723 2579
1723 2613
1723 2634
1723 2650
1723 2685
1723 2997
1723 3063
1723 3113
1723 3235
1723 3285
1723 3309
1723 3344
1723 3598
1723 3606
1723 3691
1723 3749
1723 3798
1723 3874
1723 3973
1723 4100
1723 4119
1723 4128
1723 4196
1723 4367
1724 2626
1724 3409
1724 3468
1724 4144
1724 4231
1724 4351
1724 4419
1725 1882
1725 1983
1725 1993
1725 2009
1725 2194
1725 2196
1725 2206
1725 2259
1725 2287
1725 2290
1725 2381
1725 2398
1725 2499
1725 2649
1725 2686
1725 2776
1725 2833
1725 2858
1725 3064
1725 3082
1725 3106
1725 3246
1725 3365
1725 3445
1725 3590
1725 3611
1725 3685
1725 3706
1725 3718
1725 3843
1725 3970
1725 4060
1725 4080
1725 4095
1725 4118
1725 4145
1725 4219
1725 4346
1725 4398
1725 4410
1725 4434
1726 1810
1726 1832
1726 1898
1726 1957
1726 1969
1726 1973
1726 2045
1726 2072
1726 2122
1726 2137
1726 2364
1726 2413
1726 2523
1726 2591
1726 2642
1726 2671
1726 2709
1726 2724
1726 2825
1726 2831
1726 2845
1726 2878
1726 2947
1726 3086
1726 3113
1726 3206
1726 3304
1726 3374
1726 3387
1726 3549
1726 3571
1726 3574
1726 3844
1726 3939
1726 4015
1726 4029
1726 4075
1726 4110
1726 4158
1726 4297
1726 4303
1726 4392
1726 4418
1727 2238
1727 2420
1727 2422
1727 2450
1727 2619
1727 2659
1727 2726
1727 2801
1727 3084
1727 3113
1727 3255
1727 3392
1727 3784
1727 3897
1727 3975
1727 4138
1727 4290
1727 4298
1727 4383
1728 1829
1728 2138
1728 2144
1728 2211
1728 2245
1728 2550
1728 2644
1728 2764
1728 2879
1728 2984
1728 3041
1728 3113
1728 3167
1728 3182
1728 3250
1728 3370
1728 3389
1728 3483
1728 3523
1728 3526
1728 3698
1728 3839
1728 3870
1728 3883
1728 3894
1728 3967
1728 3979
1728 4036
1728 4100
1728 4275
1728 4327
1728 4411
1728 4444
1728 4459
1728 4484
1729 1738
1729 1842
1729 1873
1729 1878
1729 2171
1729 2185
1729 2208
1729 2229
1729 2329
1729 2331
1729 2447
1729 2470
1729 2767
1729 2804
1729 2939
1729 2957
1729 2994
1729 3008
1729 3014
1729 3093
1729 3241
1729 3540
1729 3613
1729 3630
1729 3852
1729 3934
1729 4077
1729 4195
1729 4243
1729 4279
1729 4378
1729 4435
1729 4474
1730 2476
1730 2659
1730 3111
1730 3113
1730 3264
1730 3299
1730 3452
1730 3464
1730 3521
1730 3739
1730 3897
1730 4188
1731 1830
1731 1925
1731 1947
1731 1983
1731 1993
1731 2046
1731 2068
1731 2179
1731 2184
1731 2196
1731 2287
1731 2290
1731 2309
1731 2429
1731 2495
1731 2566
1731 2617
1731 2702
1731 2721
1731 2755
1731 2787
1731 2810
1731 3038
1731 3112
1731 3138
1731 3246
1731 3260
1731 3365
1731 3386
1731 3425
1731 3487
1731 3510
1731 3569
1731 3611
1731 3685
1731 3970
1731 4058
1731 4095
1731 4145
1731 4197
1731 4219
1731 4258
1731 4440
1731 4461
1732 1807
1732 1808
1732 1844
1732 1880
1732 1973
1732 2015
1732 2095
1732 2182
1732 2226
1732 2298
1732 2301
1732 2392
1732 2422
1732 2476
1732 2622
1732 2696
1732 2732
1732 2765
1732 2813
1732 2880
1732 3033
1732 3113
1732 3220
1732 3464
1732 3485
1732 3515
1732 3521
1732 3582
1732 3646
1732 3739
1732 3812
1732 3961
1732 3975
1732 3977
1732 4147
1732 4194
1732 4341
1732 4469
1732 4486
1732 4488
1733 1882
1733 2408
1733 2493
1733 2776
1733 2810
1733 2865
1733 3286
1733 3305
1733 3382
1733 3409
1733 3467
1733 3488
1733 3562
1733 3576
1733 3586
1733 3687
1733 3783
1733 3785
1733 3800
1733 3813
1733 3878
1733 4223
1733 4287
1733 4407
1734 1779
1734 1945
1734 2046
1734 2067
1734 2071
1734 2115
1734 2189
1734 2311
1734 2406
1734 2615
1734 2691
1734 2798
1734 2933
1734 2957
1734 3262
1734 3378
1734 3413
1734 3543
1734 3585
1734 3663
1734 3891
1734 3895
1734 3957
1734 4024
1734 4217
1734 4245
1734 4382
1735 1983
1735 2465
1735 3903
1735 3913
1736 1752
1736 1773
1736 1783
1736 1813
1736 1995
1736 2171
1736 2673
1736 2742
1736 2968
1736 2980
1736 2994
1736 3047
1736 3121
1736 3310
1736 3424
1736 3592
1736 3640
1736 3856
1736 4066
1737 1764
1737 1766
1737 1791
1737 1841
1737 1866
1737 1977
1737 1979
1737 1983
1737 2037
1737 2049
1737 2114
1737 2130
1737 2155
1737 2241
1737 2270
1737 2288
1737 2294
1737 2357
1737 2404
1737 2430
1737 2485
1737 2501
1737 2555
1737 2583
1737 2589
1737 2592
1737 2628
1737 2631
1737 2649
1737 2656
1737 2751
1737 2830
1737 2838
1737 2849
1737 2850
1737 2863
1737 2867
1737 2901
1737 2920
1737 2950
1737 2954
1737 3010
1737 3017
1737 3023
1737 3024
1737 3058
1737 3064
1737 3082
1737 3131
1737 3170
1737 3178
1737 3189
1737 3194
1737 3213
1737 3237
1737 3252
1737 3265
1737 3404
1737 3413
1737 3445
1737 3501
1737 3541
1737 3565
1737 3638
1737 3654
1737 3666
1737 3678
1737 3697
1737 3742
1737 3758
1737 3762
1737 3776
1737 3837
1737 3847
1737 3848
1737 3875
1737 3884
1737 3889
1737 3908
1737 3950
1737 4076
1737 4095
1737 4134
1737 4181
1737 4240
1737 4242
1737 4250
1737 4272
1737 4309
1737 4316
1737 4326
1737 4330
1737 4347
1737 4360
1737 4377
1737 4425
1737 4431
1737 4450
1737 4482
1738 1752
1738 1878
1738 2185
1738 2208
1738 2331
1738 2341
1738 2470
1738 2939
1738 3093
1738 3630
1738 4180
1738 4190
1738 4210
1738 4412
1738 4456
1738 4463
1738 4474
1739 2062
1739 2330
1739 2738
1739 3113
1739 3424
1739 3819
1740 1808
1740 1814
1740 1877
1740 2069
1740 2088
1740 2115
1740 2123
1740 2178
1740 2182
1740 2226
1740 2249
1740 2301
1740 2420
1740 2442
1740 2476
1740 2659
1740 2699
1740 2784
1740 2821
1740 2855
1740 2937
1740 2992
1740 3033
1740 3076
1740 3111
1740 3113
1740 3129
1740 3151
1740 3264
1740 3392
1740 3464
1740 3515
1740 3521
1740 3528
1740 3586
1740 3647
1740 3739
1740 3782
1740 3802
1740 3812
1740 3878
1740 3961
1740 3975
1740 4008
1740 4020
1740 4043
1740 4056
1740 4113
1740 4138
1740 4147
1740 4153
1740 4185
1740 4188
1740 4193
1740 4236
1740 4298
1740 4313
1740 4370
1740 4383
1740 4389
1740 4488
1741 1912
1741 1929
1741 1967
1741 2171
1741 2341
1741 2669
1741 2903
1741 2957
1741 2994
1741 3043
1741 3280
1741 3630
1741 3671
1741 3853
1741 4039
1741 4086
1741 4279
1741 4378
1741 4402
1741 4456
1742 1805
1742 1983
1742 2276
1742 2408
1742 2495
1742 2600
1742 3157
1742 3219
1742 3286
1742 3328
1742 3488
1742 3604
1742 3783
1742 3800
1742 3833
1742 4124
1742 4287
1742 4324
1742 4406
1743 2063
1743 2934
1743 3113
1743 3560
1743 4265
1744 1837
1744 1894
1744 1952
1744 1964
1744 2159
1744 2197
1744 2250
1744 2266
1744 2348
1744 2426
1744 2454
1744 2463
1744 2509
1744 2527
1744 2543
1744 2750
1744 2835
1744 3021
1744 3268
1744 3320
1744 3484
1744 3494
1744 3530
1744 3582
1744 3587
1744 3639
1744 3661
1744 3818
1744 3861
1744 3938
1744 4007
1744 4013
1744 4019
1744 4091
1744 4093
1744 4156
1744 4308
1745 1784
1745 1831
1745 1874
1745 1897
1745 2025
1745 2093
1745 2101
1745 2121
1745 2230
1745 2316
1745 2351
1745 2367
1745 2484
1745 2579
1745 2634
1745 2669
1745 2804
1745 3113
1745 3285
1745 3307
1745 3424
1745 3481
1745 3598
1745 3691
1745 3849
1745 4100
1745 4387
1745 4388
1746 2651
1746 2988
1746 4466
1747 1751
1747 1758
1747 1786
1747 1808
1747 1815
1747 1844
1747 1864
1747 1869
1747 1871
1747 1954
1747 1973
1747 2088
1747 2095
1747 2098
1747 2104
1747 2115
1747 2123
1747 2178
1747 2182
1747 2205
1747 2226
1747 2238
1747 2249
1747 2255
1747 2285
1747 2298
1747 2301
1747 2305
1747 2387
1747 2392
1747 2414
1747 2415
1747 2420
1747 2422
1747 2442
1747 2446
1747 2450
1747 2456
1747 2457
1747 2476
1747 2491
1747 2496
1747 2519
1747 2535
1747 2594
1747 2598
1747 2619
1747 2622
1747 2659
1747 2666
1747 2678
1747 2698
1747 2699
1747 2726
1747 2780
1747 2784
1747 2801
1747 2805
1747 2821
1747 2855
1747 2948
1747 3033
1747 3061
1747 3076
1747 3111
1747 3113
1747 3129
1747 3151
1747 3154
1747 3170
1747 3181
1747 3187
1747 3198
1747 3264
1747 3299
1747 3349
1747 3367
1747 3392
1747 3394
1747 3417
1747 3430
1747 3446
1747 3478
1747 3485
1747 3515
1747 3520
1747 3528
1747 3615
1747 3647
1747 3710
1747 3715
1747 3728
1747 3736
1747 3737
1747 3767
1747 3782
1747 3784
1747 3791
1747 3812
1747 3819
1747 3850
1747 3857
1747 3860
1747 3862
1747 3863
1747 3878
1747 3893
1747 3897
1747 3955
1747 3961
1747 3975
1747 3977
1747 3987
1747 4008
1747 4021
1747 4042
1747 4052
1747 4056
1747 4061
1747 4090
1747 4115
1747 4138
1747 4146
1747 4153
1747 4174
1747 4185
1747 4188
1747 4193
1747 4196
1747 4212
1747 4236
1747 4262
1747 4270
1747 4290
1747 4298
1747 4312
1747 4313
1747 4319
1747 4352
1747 4370
1747 4383
1747 4389
1747 4422
1747 4433
1747 4469
1747 4479
1747 4481
1747 4486
1747 4488
1748 1764
1748 1766
1748 1791
1748 1797
1748 1825
1748 1866
1748 1884
1748 1948
1748 1956
1748 1979
1748 1983
1748 2037
1748 2071
1748 2130
1748 2149
1748 2270
1748 2334
1748 2385
1748 2430
1748 2501
1748 2555
1748 2583
1748 2628
1748 2648
1748 2649
1748 2656
1748 2744
1748 2751
1748 2771
1748 2830
1748 2850
1748 2961
1748 2991
1748 3010
1748 3017
1748 3020
1748 3023
1748 3024
1748 3131
1748 3189
1748 3194
1748 3195
1748 3213
1748 3225
1748 3237
1748 3252
1748 3354
1748 3369
1748 3405
1748 3406
1748 3501
1748 3519
1748 3541
1748 3638
1748 3666
1748 3678
1748 3697
1748 3742
1748 3762
1748 3837
1748 3848
1748 3875
1748 3950
1748 3987
1748 4070
1748 4076
1748 4095
1748 4115
1748 4240
1748 4242
1748 4260
1748 4272
1748 4309
1748 4316
1748 4330
1748 4347
1748 4422
1748 4425
1748 4450
1748 4470
1749 1818
1749 1964
1749 1986
1749 2090
1749 2127
1749 2197
1749 2266
1749 2409
1749 2463
1749 2543
1749 3021
1749 3494
1749 3507
1749 3661
1749 3818
1749 4051
1749 4156
1749 4168
1749 4173
1749 4288
1750 1845
1750 1914
1750 1939
1750 2032
1750 2234
1750 2308
1750 2315
1750 2349
1750 2974
1750 3212
1750 3303
1750 3426
1750 3468
1750 3732
1750 3817
1750 4254
1750 4297
1750 4322
1750 4393
1750 4467
1751 1808
1751 1864
1751 1869
1751 1871
1751 2098
1751 2115
1751 2178
1751 2238
1751 2285
1751 2305
1751 2366
1751 2385
1751 2420
1751 2442
1751 2450
1751 2476
1751 2594
1751 2619
1751 2652
1751 2659
1751 2699
1751 2726
1751 2801
1751 2838
1751 3033
1751 3061
1751 3076
1751 3111
1751 3113
1751 3129
1751 3299
1751 3311
1751 3417
1751 3464
1751 3478
1751 3515
1751 3521
1751 3528
1751 3615
1751 3647
1751 3710
1751 3715
1751 3728
1751 3737
1751 3739
1751 3767
1751 3782
1751 3784
1751 3819
1751 3878
1751 3893
1751 3897
1751 3975
1751 3987
1751 3991
1751 4042
1751 4056
1751 4090
1751 4113
1751 4138
1751 4142
1751 4153
1751 4185
1751 4193
1751 4236
1751 4262
1751 4270
1751 4290
1751 4298
1751 4312
1751 4319
1751 4383
1751 4389
1751 4479
1751 4486
1751 4488
1752 1757
1752 1773
1752 1816
1752 1829
1752 1842
1752 1878
1752 1929
1752 1967
1752 1983
1752 2053
1752 2107
1752 2171
1752 2183
1752 2208
1752 2222
1752 2302
1752 2329
1752 2331
1752 2341
1752 2370
1752 2447
1752 2458
1752 2474
1752 2485
1752 2603
1752 2704
1752 2729
1752 2806
1752 2823
1752 2915
1752 2917
1752 2927
1752 2939
1752 2957
1752 2975
1752 2990
1752 2994
1752 3008
1752 3014
1752 3043
1752 3049
1752 3078
1752 3113
1752 3164
1752 3280
1752 3359
1752 3503
1752 3506
1752 3540
1752 3561
1752 3570
1752 3610
1752 3625
1752 3630
1752 3660
1752 3671
1752 3700
1752 3816
1752 3852
1752 3853
1752 3854
1752 3872
1752 3923
1752 3934
1752 3949
1752 4011
1752 4039
1752 4077
1752 4090
1752 4137
1752 4142
1752 4190
1752 4195
1752 4246
1752 4260
1752 4265
1752 4279
1752 4378
1752 4402
1752 4412
1752 4456
1752 4474
1752 4475
1753 2100
1753 2133
1753 2613
1753 2890
1753 2965
1753 3006
1753 3731
1753 4015
1753 4087
1753 4373
1754 1770
1754 1974
1754 2210
1754 2478
1754 2532
1754 2567
1754 2588
1754 2596
1754 2664
1754 2990
1754 2996
1754 3113
1754 3608
1754 3713
1754 3932
1754 4003
1754 4203
1754 4443
1755 1870
1755 2275
1755 2621
1755 4015
1755 4049
1755 4059
1755 4301
1756 2034
1756 2092
1756 2135
1756 2210
1756 2313
1756 2417
1756 2567
1756 2729
1756 3113
1756 3119
1756 3807
1756 3881
1756 3967
1756 4073
1756 4191
1756 4203
1756 4443
1757 1809
1757 1900
1757 2035
1757 2190
1757 2322
1757 2401
1757 2469
1757 2601
1757 2603
1757 2970
1757 3040
1757 3044
1757 3153
1757 3372
1757 3433
1757 3518
1757 3871
1757 3891
1757 3894
1757 3910
1757 4215
1757 4358
1758 1786
1758 1844
1758 1871
1758 1973
1758 2095
1758 2115
1758 2238
1758 2285
1758 2387
1758 2392
1758 2415
1758 2422
1758 2450
1758 2496
1758 2535
1758 2594
1758 2619
1758 2622
1758 2652
1758 2660
1758 2678
1758 2698
1758 2699
1758 2726
1758 2740
1758 2774
1758 2806
1758 2855
1758 2950
1758 2977
1758 3009
1758 3111
1758 3113
1758 3129
1758 3151
1758 3157
1758 3181
1758 3187
1758 3261
1758 3273
1758 3354
1758 3394
1758 3417
1758 3430
1758 3432
1758 3478
1758 3485
1758 3520
1758 3615
1758 3728
1758 3737
1758 3767
1758 3819
1758 3842
1758 3859
1758 3860
1758 3878
1758 3882
1758 3897
1758 3975
1758 4040
1758 4052
1758 4138
1758 4153
1758 4185
1758 4194
1758 4236
1758 4262
1758 4270
1758 4298
1758 4312
1758 4313
1758 4469
1758 4475
1758 4486
1759 1920
1759 2209
1759 2234
1759 2349
1759 2419
1759 3429
1759 3468
1759 3773
1759 4253
1760 1904
1760 1918
1760 2018
1760 2059
1760 2215
1760 2339
1760 2437
1760 2452
1760 2500
1760 2515
1760 2819
1760 2921
1760 2942
1760 3158
1760 3239
1760 3364
1760 3383
1760 3832
1760 4420
1761 4015
1762 1821
1762 2852
1762 3208
1762 3468
1762 3683
1762 3901
1762 4218
1763 1771
1763 1781
1763 1857
1763 1934
1763 1963
1763 1981
1763 2129
1763 2198
1763 2248
1763 2396
1763 2507
1763 2632
1763 2637
1763 2777
1763 2802
1763 2864
1763 2913
1763 3015
1763 3103
1763 3270
1763 3378
1763 3402
1763 3468
1763 3537
1763 3629
1763 3747
1763 3826
1763 3953
1763 3997
1763 4074
1763 4192
1763 4222
1763 4241
1763 4268
1764 1766
1764 1791
1764 1797
1764 1866
1764 1948
1764 1956
1764 1977
1764 1979
1764 1983
1764 2028
1764 2037
1764 2049
1764 2071
1764 2114
1764 2130
1764 2149
1764 2155
1764 2166
1764 2199
1764 2241
1764 2270
1764 2288
1764 2334
1764 2357
1764 2391
1764 2404
1764 2430
1764 2433
1764 2501
1764 2555
1764 2557
1764 2565
1764 2583
1764 2589
1764 2592
1764 2614
1764 2628
1764 2631
1764 2648
1764 2649
1764 2656
1764 2744
1764 2751
1764 2771
1764 2781
1764 2830
1764 2850
1764 2863
1764 2919
1764 2920
1764 2954
1764 3010
1764 3011
1764 3017
1764 3020
1764 3023
1764 3024
1764 3034
1764 3058
1764 3067
1764 3082
1764 3123
1764 3124
1764 3131
1764 3170
1764 3171
1764 3178
1764 3183
1764 3189
1764 3191
1764 3194
1764 3195
1764 3213
1764 3225
1764 3234
1764 3237
1764 3252
1764 3265
1764 3275
1764 3290
1764 3321
1764 3327
1764 3331
1764 3343
1764 3385
1764 3404
1764 3405
1764 3406
1764 3413
1764 3501
1764 3519
1764 3541
1764 3565
1764 3638
1764 3654
1764 3666
1764 3675
1764 3678
1764 3697
1764 3742
1764 3762
1764 3777
1764 3837
1764 3848
1764 3875
1764 3889
1764 3908
1764 3950
1764 4076
1764 4095
1764 4115
1764 4134
1764 4139
1764 4181
1764 4240
1764 4242
1764 4250
1764 4272
1764 4307
1764 4309
1764 4316
1764 4326
1764 4330
1764 4347
1764 4360
1764 4377
1764 4422
1764 4425
1764 4431
1764 4432
1764 4450
1764 4470
1764 4482
1765 1955
1765 2019
1765 2245
1765 2313
1765 2848
1765 3113
1765 3119
1765 3483
1765 3495
1765 3526
1765 3798
1765 3870
1765 3988
1765 4249
1765 4275
1766 1791
1766 1801
1766 1825
1766 1826
1766 1866
1766 1884
1766 1899
1766 1948
1766 1977
1766 1979
1766 1983
1766 1993
1766 2028
1766 2037
1766 2071
1766 2114
1766 2130
1766 2149
1766 2155
1766 2166
1766 2241
1766 2259
1766 2270
1766 2288
1766 2334
1766 2357
1766 2391
1766 2404
1766 2430
1766 2453
1766 2495
1766 2501
1766 2528
1766 2555
1766 2583
1766 2589
1766 2592
1766 2614
1766 2628
1766 2631
1766 2649
1766 2656
1766 2734
1766 2751
1766 2771
1766 2781
1766 2830
1766 2850
1766 2863
1766 2867
1766 2920
1766 2954
1766 2961
1766 3005
1766 3010
1766 3011
1766 3017
1766 3020
1766 3023
1766 3024
1766 3034
1766 3058
1766 3064
1766 3067
1766 3081
1766 3082
1766 3123
1766 3131
1766 3170
1766 3178
1766 3189
1766 3194
1766 3195
1766 3202
1766 3213
1766 3225
1766 3237
1766 3252
1766 3265
1766 3275
1766 3290
1766 3321
1766 3331
1766 3404
1766 3405
1766 3406
1766 3413
1766 3458
1766 3501
1766 3519
1766 3541
1766 3556
1766 3565
1766 3583
1766 3589
1766 3638
1766 3654
1766 3678
1766 3697
1766 3742
1766 3758
1766 3762
1766 3776
1766 3837
1766 3848
1766 3863
1766 3875
1766 3889
1766 3908
1766 3950
1766 3983
1766 3991
1766 4076
1766 4095
1766 4115
1766 4134
1766 4181
1766 4199
1766 4240
1766 4242
1766 4250
1766 4258
1766 4272
1766 4307
1766 4309
1766 4316
1766 4326
1766 4330
1766 4347
1766 4360
1766 4377
1766 4425
1766 4426
1766 4431
1766 4432
1766 4450
1766 4475
1766 4482
1767 2197
1767 2312
1767 2328
1767 2377
1767 2426
1767 2463
1767 2543
1767 2835
1767 3021
1767 3320
1767 3938
1767 4093
1767 4136
1768 1947
1768 1983
1768 2003
1768 2083
1768 2232
1768 2528
1768 2721
1768 2755
1768 2794
1768 2899
1768 3106
1768 3107
1768 3138
1768 3209
1768 3386
1768 4219
1769 1872
1769 1897
1769 2025
1769 2101
1769 2119
1769 2269
1769 2390
1769 2511
1769 2650
1769 3113
1769 3235
1769 3285
1769 3344
1769 3535
1769 3627
1769 3749
1769 4094
1769 4119
1770 2208
1770 2210
1770 2302
1770 2370
1770 2478
1770 2588
1770 2669
1770 2804
1770 2934
1770 2996
1770 3113
1770 3442
1770 3540
1770 3570
1770 3588
1770 3608
1770 3934
1770 3949
1770 4011
1770 4265
1770 4343
1770 4380
1770 4443
1771 1781
1771 1816
1771 1841
1771 1857
1771 1863
1771 1868
1771 1913
1771 1963
1771 2040
1771 2049
1771 2129
1771 2134
1771 2235
1771 2506
1771 2524
1771 2553
1771 2632
1771 2637
1771 2660
1771 2708
1771 2735
1771 2768
1771 2789
1771 2800
1771 2802
1771 2852
1771 2854
1771 2866
1771 2971
1771 2972
1771 3015
1771 3027
1771 3103
1771 3124
1771 3176
1771 3244
1771 3261
1771 3270
1771 3326
1771 3356
1771 3378
1771 3402
1771 3468
1771 3497
1771 3531
1771 3537
1771 3593
1771 3596
1771 3629
1771 3633
1771 3677
1771 3682
1771 3714
1771 3745
1771 3747
1771 3791
1771 3826
1771 3836
1771 3901
1771 3910
1771 3953
1771 4041
1771 4120
1771 4135
1771 4192
1771 4214
1771 4241
1771 4260
1771 4266
1771 4295
1771 4400
1771 4403
1771 4405
1771 4438
1771 4448
1771 4476
1772 1848
1772 1851
1772 1944
1772 1958
1772 2137
1772 2931
1772 3571
1772 3721
1772 3741
1772 4015
1773 1783
1773 1813
1773 2208
1773 2284
1773 2669
1773 2804
1773 2957
1773 3046
1773 3113
1773 3934
1773 4265
1773 4343
1773 4456
1774 1994
1774 2220
1774 2373
1774 2832
1774 3044
1774 3104
1774 4015
1774 4452
1775 1815
1775 1864
1775 1954
1775 1959
1775 1973
1775 2227
1775 2285
1775 2415
1775 2422
1775 2442
1775 2450
1775 2496
1775 2594
1775 2622
1775 2659
1775 2683
1775 2740
1775 2780
1775 2855
1775 3033
1775 3061
1775 3066
1775 3111
1775 3113
1775 3129
1775 3151
1775 3185
1775 3187
1775 3349
1775 3392
1775 3417
1775 3478
1775 3520
1775 3562
1775 3615
1775 3710
1775 3728
1775 3737
1775 3857
1775 3862
1775 3878
1775 3893
1775 3955
1775 3977
1775 4020
1775 4040
1775 4052
1775 4147
1775 4153
1775 4188
1775 4270
1775 4290
1775 4370
1775 4383
1775 4479
1775 4486
1776 2051
1776 2711
1776 2872
1776 3468
1777 2580
1777 2915
1777 3113
1777 3605
1778 3113
1778 3598
1778 3849
1778 4230
1778 4459
1779 2067
1779 2189
1779 2406
1779 2615
1779 2691
1779 2798
1779 3262
1779 3543
1779 3585
1779 3895
1779 3957
1779 4217
1779 4245
1779 4382
1780 1894
1780 1964
1780 1966
1780 1986
1780 2197
1780 2266
1780 2426
1780 2454
1780 2543
1780 3021
1780 3494
1780 3507
1780 3530
1780 3661
1780 3807
1780 3938
1780 4051
1780 4093
1780 4156
1780 4173
1781 2040
1781 2136
1781 2396
1781 2449
1781 2553
1781 2632
1781 2802
1781 2864
1781 3015
1781 3270
1781 3378
1781 3468
1781 3476
1781 3537
1781 3629
1781 3633
1781 3677
1781 3714
1781 3747
1781 3997
1781 4041
1781 4098
1781 4192
1781 4222
1782 2083
1782 2452
1782 2651
1782 3239
1782 3500
1782 4014
1782 4427
1783 1813
1783 1986
1783 1995
1783 2292
1783 2511
1783 2534
1783 2673
1783 2968
1783 2980
1783 3046
1783 3047
1783 3074
1783 3121
1783 3310
1783 3424
1783 3816
1783 3915
1783 3989
1783 4030
1783 4336
1783 4363
1783 4456
1784 1831
1784 1872
1784 1874
1784 1926
1784 2025
1784 2101
1784 2119
1784 2121
1784 2269
1784 2316
1784 2351
1784 2378
1784 2390
1784 2436
1784 2484
1784 2533
1784 2579
1784 2634
1784 2650
1784 2669
1784 2676
1784 2997
1784 3063
1784 3113
1784 3235
1784 3285
1784 3307
1784 3309
1784 3344
1784 3397
1784 3442
1784 3481
1784 3535
1784 3598
1784 3606
1784 3691
1784 3749
1784 3754
1784 3849
1784 3874
1784 3973
1784 4094
1784 4119
1784 4128
1784 4387
1785 1854
1785 3227
1785 3361
1785 3468
1785 3620
1785 3628
1785 3921
1785 4218
1785 4251
1785 4351
1786 1808
1786 1815
1786 1871
1786 2095
1786 2098
1786 2205
1786 2238
1786 2249
1786 2285
1786 2392
1786 2414
1786 2415
1786 2442
1786 2446
1786 2450
1786 2535
1786 2594
1786 2619
1786 2622
1786 2652
1786 2659
1786 2678
1786 2699
1786 2726
1786 2821
1786 2869
1786 2948
1786 2975
1786 2992
1786 3033
1786 3076
1786 3084
1786 3108
1786 3111
1786 3113
1786 3129
1786 3151
1786 3187
1786 3234
1786 3417
1786 3430
1786 3478
1786 3615
1786 3710
1786 3728
1786 3737
1786 3767
1786 3777
1786 3782
1786 3784
1786 3812
1786 3819
1786 3878
1786 3897
1786 3923
1786 3998
1786 4021
1786 4042
1786 4056
1786 4138
1786 4153
1786 4185
1786 4199
1786 4236
1786 4262
1786 4270
1786 4298
1786 4312
1786 4313
1786 4383
1786 4389
1786 4469
1786 4475
1786 4486
1787 2097
1787 2111
1787 3113
1787 3814
1788 1829
1788 2313
1788 2367
1788 2423
1788 2623
1788 2728
1788 2827
1788 2943
1788 2996
1788 3113
1788 3168
1788 3336
1788 3370
1788 3388
1788 3483
1788 3504
1788 3605
1788 3624
1788 3670
1788 3698
1788 3870
1788 3894
1788 3967
1788 3979
1788 4191
1788 4339
1788 4459
1788 4460
1789 2088
1789 2666
1789 3113
1789 3478
1789 3819
1790 1799
1790 1834
1790 2007
1790 2084
1790 2120
1790 2151
1790 2203
1790 2204
1790 2336
1790 2343
1790 2350
1790 2443
1790 2514
1790 2538
1790 2544
1790 2599
1790 2608
1790 2624
1790 2626
1790 2641
1790 2769
1790 2861
1790 2940
1790 3039
1790 3100
1790 3160
1790 3186
1790 3204
1790 3205
1790 3231
1790 3238
1790 3257
1790 3297
1790 3325
1790 3409
1790 3434
1790 3468
1790 3534
1790 3609
1790 3612
1790 3622
1790 3642
1790 3732
1790 3733
1790 3750
1790 3867
1790 3868
1790 3873
1790 3876
1790 3916
1790 3925
1790 3935
1790 4002
1790 4089
1790 4141
1790 4171
1790 4211
1790 4231
1790 4255
1790 4264
1790 4315
1790 4345
1790 4350
1790 4393
1791 1797
1791 1802
1791 1825
1791 1826
1791 1866
1791 1948
1791 1956
1791 1977
1791 1979
1791 1983
1791 2028
1791 2037
1791 2049
1791 2056
1791 2065
1791 2071
1791 2114
1791 2130
1791 2149
1791 2155
1791 2166
1791 2270
1791 2288
1791 2334
1791 2357
1791 2404
1791 2430
1791 2455
1791 2485
1791 2501
1791 2555
1791 2583
1791 2589
1791 2592
1791 2614
1791 2628
1791 2631
1791 2648
1791 2649
1791 2656
1791 2735
1791 2751
1791 2781
1791 2830
1791 2838
1791 2850
1791 2863
1791 2867
1791 2869
1791 2920
1791 2950
1791 2954
1791 3010
1791 3011
1791 3017
1791 3020
1791 3023
1791 3024
1791 3034
1791 3058
1791 3064
1791 3123
1791 3131
1791 3178
1791 3189
1791 3194
1791 3213
1791 3237
1791 3252
1791 3265
1791 3275
1791 3290
1791 3321
1791 3331
1791 3356
1791 3369
1791 3404
1791 3405
1791 3406
1791 3413
1791 3446
1791 3501
1791 3519
1791 3541
1791 3565
1791 3583
1791 3638
1791 3643
1791 3654
1791 3666
1791 3678
1791 3697
1791 3742
1791 3758
1791 3762
1791 3776
1791 3837
1791 3847
1791 3848
1791 3875
1791 3908
1791 3950
1791 3983
1791 4067
1791 4076
1791 4095
1791 4134
1791 4139
1791 4240
1791 4242
1791 4250
1791 4272
1791 4292
1791 4309
1791 4317
1791 4326
1791 4330
1791 4347
1791 4360
1791 4377
1791 4425
1791 4431
1791 4432
1791 4450
1791 4481
1791 4482
1792 2271
1792 3468
1792 4295
1792 4310
1792 4428
1793 3113
1793 3952
1794 1831
1794 1900
1794 2035
1794 2190
1794 2322
1794 2469
1794 2601
1794 2762
1794 2970
1794 3040
1794 3072
1794 3319
1794 3372
1794 3859
1794 4358
1795 1882
1795 1983
1795 2408
1795 2686
1795 2884
1795 3286
1795 3328
1795 3488
1795 3604
1795 3783
1795 3855
1795 4124
1795 4287
1795 4324
1795 4478
1796 2243
1796 2949
1796 3468
1796 3943
1796 4026
1796 4215
1797 1866
1797 1948
1797 1979
1797 1983
1797 2037
1797 2114
1797 2130
1797 2149
1797 2155
1797 2199
1797 2200
1797 2241
1797 2270
1797 2288
1797 2334
1797 2404
1797 2501
1797 2524
1797 2555
1797 2583
1797 2589
1797 2592
1797 2614
1797 2628
1797 2648
1797 2649
1797 2656
1797 2701
1797 2751
1797 2771
1797 2781
1797 2830
1797 2850
1797 2863
1797 2867
1797 2975
1797 3009
1797 3010
1797 3011
1797 3017
1797 3020
1797 3023
1797 3024
1797 3051
1797 3081
1797 3082
1797 3123
1797 3131
1797 3147
1797 3178
1797 3189
1797 3194
1797 3195
1797 3213
1797 3225
1797 3237
1797 3252
1797 3290
1797 3321
1797 3331
1797 3406
1797 3413
1797 3446
1797 3501
1797 3519
1797 3541
1797 3621
1797 3638
1797 3654
1797 3666
1797 3697
1797 3723
1797 3742
1797 3791
1797 3837
1797 3847
1797 3848
1797 3875
1797 3908
1797 3950
1797 3983
1797 4076
1797 4134
1797 4139
1797 4240
1797 4250
1797 4260
1797 4272
1797 4309
1797 4316
1797 4326
1797 4377
1797 4425
1797 4431
1797 4470
1797 4482
1798 1882
1798 1925
1798 1983
1798 2003
1798 2029
1798 2206
1798 2398
1798 2625
1798 2658
1798 2755
1798 2758
1798 2794
1798 2833
1798 2856
1798 2918
1798 2922
1798 2924
1798 3138
1798 3258
1798 3293
1798 3386
1798 3487
1798 3590
1798 3623
1798 3708
1798 3899
1798 4023
1798 4037
1798 4060
1798 4080
1798 4219
1798 4259
1798 4294
1798 4465
1798 4478
1799 1858
1799 1885
1799 2032
1799 2033
1799 2089
1799 2371
1799 2791
1799 3029
1799 3227
1799 3281
1799 3358
1799 3468
1799 3681
1799 3814
1799 3846
1799 4235
1799 4251
1799 4254
1799 4300
1799 4416
1800 2476
1800 2483
1800 2979
1800 3113
1800 3515
1800 3558
1800 3646
1800 3720
1800 3794
1800 3814
1800 3819
1800 4270
1800 4396
1801 1825
1801 1866
1801 1977
1801 1979
1801 1983
1801 2071
1801 2103
1801 2114
1801 2130
1801 2155
1801 2241
1801 2431
1801 2453
1801 2501
1801 2555
1801 2583
1801 2592
1801 2648
1801 2649
1801 2771
1801 2830
1801 2920
1801 3017
1801 3023
1801 3034
1801 3058
1801 3081
1801 3194
1801 3237
1801 3405
1801 3541
1801 3565
1801 3589
1801 3678
1801 3697
1801 3758
1801 3848
1801 3950
1801 4076
1801 4181
1801 4232
1801 4240
1801 4250
1801 4272
1801 4296
1801 4326
1801 4332
1801 4347
1801 4360
1801 4409
1801 4432
1801 4470
1801 4473
1802 2204
1802 2249
1802 2287
1802 2357
1802 2450
1802 2555
1802 2614
1802 2619
1802 2656
1802 2821
1802 2822
1802 3113
1802 3187
1802 3260
1802 3468
1802 3724
1802 3878
1802 3893
1802 3897
1802 3899
1802 4021
1802 4058
1802 4193
1802 4377
1802 4398
1802 4461
1802 4486
1803 1829
1803 1945
1803 2623
1803 3052
1803 3113
1803 4356
1803 4372
1803 4411
1804 1911
1804 1990
1804 2001
1804 2315
1804 2382
1804 2467
1804 2597
1804 2737
1804 2974
1804 3016
1804 3070
1804 3303
1804 3312
1804 3409
1804 3426
1804 3468
1804 3876
1804 3965
1804 4161
1804 4306
1804 4351
1804 4471
1805 1983
1805 3604
1805 3619
1805 3798
1805 3833
1805 4124
1806 1871
1806 1979
1806 2047
1806 2071
1806 2270
1806 2309
1806 2558
1806 2628
1806 2747
1806 2904
1806 3837
1806 3897
1806 4117
1806 4326
1807 1814
1807 2123
1807 2392
1807 2696
1807 2813
1807 2821
1807 2907
1807 3113
1807 3311
1807 3515
1807 3975
1807 4194
1807 4396
1807 4469
1808 1864
1808 1869
1808 1871
1808 1982
1808 2098
1808 2123
1808 2178
1808 2182
1808 2205
1808 2285
1808 2301
1808 2305
1808 2420
1808 2442
1808 2450
1808 2594
1808 2619
1808 2659
1808 2666
1808 2678
1808 2699
1808 2726
1808 2735
1808 2801
1808 2813
1808 2855
1808 2937
1808 3009
1808 3033
1808 3076
1808 3084
1808 3113
1808 3124
1808 3129
1808 3181
1808 3264
1808 3299
1808 3311
1808 3356
1808 3392
1808 3417
1808 3430
1808 3452
1808 3464
1808 3478
1808 3515
1808 3521
1808 3528
1808 3646
1808 3647
1808 3715
1808 3782
1808 3784
1808 3812
1808 3819
1808 3878
1808 3975
1808 4020
1808 4042
1808 4043
1808 4052
1808 4056
1808 4090
1808 4138
1808 4174
1808 4185
1808 4194
1808 4236
1808 4270
1808 4298
1808 4313
1808 4319
1808 4352
1808 4370
1808 4383
1808 4389
1808 4403
1808 4433
1808 4479
1808 4488
1809 1885
1809 3100
1809 3186
1809 3303
1809 3403
1809 3468
1809 3868
1809 4014
1809 4097
1809 4353
1810 1848
1810 1851
1810 1955
1810 1958
1810 1969
1810 2137
1810 2497
1810 2642
1810 2724
1810 2745
1810 2746
1810 2811
1810 2831
1810 2859
1810 3086
1810 3094
1810 3117
1810 3374
1810 3571
1810 3627
1810 3796
1810 3840
1810 3896
1810 4015
1810 4110
1810 4297
1811 1883
1811 1916
1811 1922
1811 1983
1811 1999
1811 2029
1811 2196
1811 2206
1811 2232
1811 2287
1811 2290
1811 2309
1811 2398
1811 2499
1811 2686
1811 2755
1811 2758
1811 2776
1811 2787
1811 2794
1811 2822
1811 2833
1811 2837
1811 2858
1811 2899
1811 2910
1811 2918
1811 2924
1811 3038
1811 3082
1811 3112
1811 3138
1811 3162
1811 3219
1811 3237
1811 3246
1811 3258
1811 3365
1811 3386
1811 3408
1811 3487
1811 3564
1811 3604
1811 3611
1811 3623
1811 3685
1811 3706
1811 3970
1811 4023
1811 4095
1811 4145
1811 4154
1811 4219
1811 4234
1811 4259
1811 4325
1811 4398
1811 4434
1811 4454
1811 4461
1811 4465
1811 4478
1812 2584
1812 2651
1812 2654
1812 2988
1812 3557
1813 1833
1813 1995
1813 2171
1813 2177
1813 2292
1813 2474
1813 2511
1813 2673
1813 2690
1813 2718
1813 2804
1813 2815
1813 2917
1813 2994
1813 3008
1813 3047
1813 3074
1813 3150
1813 3288
1813 3310
1813 3352
1813 3424
1813 3630
1813 3640
1813 3671
1813 3856
1813 3915
1813 3989
1813 4030
1813 4137
1813 4143
1813 4195
1813 4246
1813 4336
1813 4363
1813 4456
1814 1877
1814 2069
1814 2088
1814 2123
1814 2178
1814 2182
1814 2249
1814 2285
1814 2476
1814 2937
1814 2979
1814 3033
1814 3076
1814 3084
1814 3111
1814 3113
1814 3129
1814 3185
1814 3299
1814 3392
1814 3528
1814 3586
1814 3739
1814 3767
1814 3782
1814 3961
1814 4008
1814 4020
1814 4056
1814 4113
1814 4147
1814 4270
1814 4313
1814 4352
1814 4488
1815 1816
1815 1871
1815 1973
1815 2088
1815 2115
1815 2123
1815 2178
1815 2238
1815 2285
1815 2366
1815 2392
1815 2414
1815 2415
1815 2450
1815 2455
1815 2535
1815 2537
1815 2594
1815 2598
1815 2619
1815 2622
1815 2666
1815 2726
1815 2821
1815 2880
1815 2948
1815 3033
1815 3051
1815 3084
1815 3111
1815 3113
1815 3129
1815 3151
1815 3181
1815 3187
1815 3299
1815 3327
1815 3369
1815 3417
1815 3423
1815 3478
1815 3485
1815 3528
1815 3615
1815 3710
1815 3715
1815 3728
1815 3737
1815 3767
1815 3777
1815 3784
1815 3819
1815 3878
1815 3897
1815 3923
1815 3961
1815 3991
1815 4008
1815 4020
1815 4021
1815 4042
1815 4052
1815 4056
1815 4138
1815 4153
1815 4188
1815 4196
1815 4236
1815 4270
1815 4292
1815 4298
1815 4312
1815 4313
1815 4383
1815 4475
1816 1948
1816 1973
1816 2071
1816 2123
1816 2130
1816 2208
1816 2298
1816 2535
1816 2543
1816 2686
1816 2699
1816 2758
1816 2794
1816 2948
1816 3082
1816 3113
1816 3129
1816 3181
1816 3213
1816 3293
1816 3404
1816 3478
1816 3589
1816 3611
1816 3615
1816 3666
1816 3682
1816 3784
1816 4020
1816 4058
1816 4236
1816 4270
1816 4316
1816 4326
1816 4425
1816 4461
1817 3468
1817 3968
1818 2016
1818 2409
1818 2543
1818 3268
1818 3664
1819 2421
1820 1951
1820 1953
1820 1983
1820 1992
1820 2153
1820 2163
1820 2252
1820 2289
1820 2439
1820 2494
1820 2753
1820 3077
1820 3137
1820 3335
1820 3829
1820 3911
1820 4054
1820 4072
1820 4170
1820 4455
1821 2120
1821 2984
1821 3790
1821 4479
1822 2559
1822 2605
1822 2887
1822 3201
1822 3437
1822 3886
1823 1827
1823 1944
1823 1969
1823 2642
1823 2841
1823 2845
1823 2859
1823 3835
1823 4015
1823 4271
1824 1917
1824 1935
1824 1944
1824 1958
1824 1969
1824 2017
1824 2021
1824 2122
1824 2219
1824 2239
1824 3548
1824 3571
1824 4015
1824 4305
1824 4337
1825 1948
1825 1977
1825 1979
1825 1983
1825 2037
1825 2114
1825 2130
1825 2149
1825 2155
1825 2166
1825 2199
1825 2270
1825 2334
1825 2357
1825 2404
1825 2555
1825 2589
1825 2628
1825 2751
1825 2771
1825 2781
1825 2830
1825 2863
1825 2954
1825 3017
1825 3020
1825 3023
1825 3082
1825 3131
1825 3178
1825 3194
1825 3195
1825 3213
1825 3237
1825 3290
1825 3405
1825 3413
1825 3519
1825 3541
1825 3583
1825 3589
1825 3666
1825 3678
1825 3742
1825 3837
1825 3875
1825 3950
1825 4076
1825 4134
1825 4242
1825 4330
1825 4347
1825 4377
1825 4425
1826 1948
1826 1983
1826 2028
1826 2044
1826 2130
1826 2149
1826 2430
1826 2555
1826 2631
1826 2649
1826 2781
1826 3010
1826 3017
1826 3020
1826 3023
1826 3024
1826 3131
1826 3213
1826 3237
1826 3252
1826 3445
1826 3501
1826 3638
1826 3666
1826 3742
1826 3875
1826 4076
1826 4134
1826 4181
1826 4208
1826 4234
1826 4250
1826 4326
1826 4347
1826 4377
1826 4425
1826 4431
1827 1828
1827 1943
1827 1944
1827 1958
1827 1969
1827 2094
1827 2193
1827 2472
1827 2551
1827 2739
1827 2745
1827 2845
1827 2859
1827 2956
1827 3031
1827 3254
1827 3716
1827 3741
1827 3796
1827 3804
1827 3896
1827 3902
1827 4015
1827 4082
1827 4304
1827 4305
1827 4395
1828 2094
1828 2173
1828 2317
1828 2472
1828 2551
1828 2859
1828 2956
1828 3097
1828 3796
1828 3896
1828 3902
1828 4015
1828 4082
1828 4085
1828 4305
1829 1945
1829 2053
1829 2063
1829 2086
1829 2233
1829 2251
1829 2313
1829 2341
1829 2367
1829 2407
1829 2470
1829 2545
1829 2623
1829 2644
1829 2663
1829 2664
1829 2669
1829 2728
1829 2804
1829 2836
1829 2848
1829 2875
1829 2879
1829 2951
1829 2998
1829 3041
1829 3113
1829 3168
1829 3250
1829 3370
1829 3410
1829 3483
1829 3503
1829 3523
1829 3526
1829 3605
1829 3616
1829 3870
1829 3894
1829 3967
1829 4064
1829 4073
1829 4081
1829 4084
1829 4116
1829 4122
1829 4244
1829 4327
1829 4339
1829 4356
1829 4402
1829 4411
1829 4460
1830 1922
1830 1925
1830 1983
1830 1993
1830 2046
1830 2068
1830 2083
1830 2179
1830 2184
1830 2196
1830 2276
1830 2287
1830 2290
1830 2309
1830 2356
1830 2358
1830 2398
1830 2429
1830 2459
1830 2495
1830 2566
1830 2600
1830 2617
1830 2672
1830 2702
1830 2755
1830 2776
1830 2787
1830 2810
1830 2822
1830 2837
1830 2899
1830 3038
1830 3082
1830 3138
1830 3162
1830 3260
1830 3365
1830 3408
1830 3425
1830 3569
1830 3604
1830 3611
1830 3685
1830 3724
1830 4058
1830 4145
1830 4154
1830 4258
1830 4406
1830 4454
1830 4465
1831 1860
1831 1872
1831 1874
1831 1897
1831 2025
1831 2093
1831 2101
1831 2119
1831 2121
1831 2269
1831 2281
1831 2316
1831 2321
1831 2351
1831 2390
1831 2436
1831 2484
1831 2540
1831 2579
1831 2650
1831 2676
1831 2684
1831 2685
1831 2997
1831 3063
1831 3113
1831 3235
1831 3271
1831 3285
1831 3307
1831 3309
1831 3344
1831 3424
1831 3439
1831 3481
1831 3496
1831 3535
1831 3598
1831 3606
1831 3691
1831 3749
1831 3849
1831 3874
1831 3973
1831 4094
1831 4104
1831 4119
1831 4128
1831 4367
1831 4387
1831 4451
1831 4459
1832 1898
1832 2045
1832 2080
1832 2096
1832 2580
1832 2817
1832 2825
1832 3113
1832 3126
1832 3128
1832 3206
1832 3242
1832 3329
1832 3549
1832 3939
1832 4075
1832 4158
1832 4355
1832 4392
1832 4418
1833 1924
1833 2171
1833 2177
1833 2341
1833 2384
1833 2718
1833 2815
1833 2823
1833 2957
1833 3150
1833 3288
1833 3352
1833 3877
1834 1933
1834 2007
1834 2032
1834 2204
1834 2234
1834 2343
1834 2419
1834 2513
1834 2514
1834 2538
1834 2544
1834 2730
1834 2761
1834 2868
1834 3070
1834 3079
1834 3100
1834 3110
1834 3160
1834 3205
1834 3212
1834 3277
1834 3337
1834 3341
1834 3396
1834 3409
1834 3451
1834 3468
1834 3609
1834 3622
1834 3732
1834 3733
1834 3750
1834 3787
1834 3820
1834 3873
1834 3944
1834 3954
1834 4002
1834 4140
1834 4141
1834 4220
1834 4231
1834 4255
1834 4306
1834 4314
1834 4361
1834 4419
1834 4471
1835 1941
1835 2059
1835 2613
1835 3000
1835 3427
1835 4423
1836 2152
1836 2549
1836 2785
1836 2946
1836 3524
1836 3809
1836 3835
1836 3971
1836 3985
1836 4015
1837 1952
1837 1964
1837 2159
1837 2250
1837 2266
1837 2312
1837 2463
1837 2543
1837 2690
1837 2750
1837 2835
1837 3021
1837 3320
1837 3494
1837 3530
1837 3661
1837 3938
1837 4091
1837 4093
1837 4136
1838 1975
1838 3136
1838 3581
1838 4015
1838 4049
1838 4340
1839 1860
1839 1907
1839 1926
1839 2042
1839 2160
1839 2281
1839 2378
1839 2441
1839 2468
1839 2550
1839 3113
1839 3282
1839 3471
1839 3924
1839 4100
1839 4193
1839 4342
1839 4381
1839 4451
1839 4457
1839 4459
1839 4479
1840 1885
1840 3113
1840 3549
1841 1948
1841 1956
1841 1979
1841 1983
1841 2037
1841 2088
1841 2098
1841 2130
1841 2204
1841 2270
1841 2298
1841 2496
1841 2631
1841 2648
1841 2666
1841 2699
1841 2867
1841 2940
1841 2954
1841 3113
1841 3265
1841 3275
1841 3404
1841 3715
1841 3737
1841 3848
1841 3868
1841 4154
1841 4181
1841 4240
1841 4250
1841 4298
1841 4313
1841 4389
1842 1929
1842 1967
1842 2005
1842 2063
1842 2118
1842 2171
1842 2183
1842 2208
1842 2222
1842 2341
1842 2470
1842 2474
1842 2518
1842 2669
1842 2693
1842 2804
1842 2820
1842 2823
1842 2957
1842 2994
1842 3007
1842 3008
1842 3014
1842 3043
1842 3241
1842 3269
1842 3280
1842 3457
1842 3540
1842 3630
1842 3671
1842 3853
1842 3934
1842 3993
1842 4039
1842 4066
1842 4077
1842 4137
1842 4246
1842 4279
1842 4378
1842 4402
1842 4412
1842 4456
1842 4463
1842 4474
1843 2279
1843 2657
1843 2664
1843 2763
1843 2938
1843 2954
1843 2978
1843 3490
1843 3528
1843 3532
1843 3539
1843 3824
1843 3915
1843 4030
1843 4155
1843 4336
1843 4372
1843 4393
1844 1871
1844 1877
1844 1886
1844 1973
1844 2015
1844 2095
1844 2178
1844 2182
1844 2238
1844 2298
1844 2387
1844 2392
1844 2456
1844 2531
1844 2535
1844 2622
1844 2727
1844 2813
1844 2881
1844 2937
1844 2948
1844 3111
1844 3113
1844 3129
1844 3198
1844 3220
1844 3399
1844 3430
1844 3478
1844 3485
1844 3708
1844 3975
1844 4042
1844 4138
1844 4194
1844 4196
1844 4270
1844 4312
1844 4313
1844 4341
1844 4469
1844 4486
1845 1939
1845 2032
1845 2054
1845 2058
1845 2087
1845 2308
1845 2349
1845 2438
1845 2687
1845 2717
1845 2791
1845 2882
1845 2974
1845 3054
1845 3083
1845 3230
1845 3248
1845 3303
1845 3332
1845 3426
1845 3468
1845 3773
1845 4251
1845 4277
1845 4322
1845 4467
1846 3113
1846 4168
1847 1983
1847 2340
1847 2839
1847 2976
1848 2137
1848 3804
1848 4015
1848 4110
1849 1937
1849 2979
1849 3113
1849 3840
1849 4248
1850 1983
1850 2481
1850 3641
1851 1958
1851 1969
1851 2048
1851 2137
1851 2497
1851 2523
1851 2642
1851 2724
1851 2745
1851 2746
1851 2756
1851 2797
1851 2859
1851 2878
1851 2947
1851 3086
1851 3094
1851 3374
1851 3571
1851 3721
1851 3741
1851 3796
1851 3956
1851 4015
1851 4110
1852 2362
1852 2703
1852 2874
1852 2911
1852 3249
1852 3284
1852 3634
1852 3699
1852 3795
1852 3978
1852 4015
1853 2101
1853 2352
1853 2533
1853 2574
1853 2672
1853 3024
1853 3106
1853 3132
1853 3139
1853 3192
1853 3632
1853 3641
1853 3879
1853 3880
1853 3976
1853 4078
1853 4224
1853 4324
1853 4338
1854 2568
1854 3361
1854 3468
1854 3620
1854 3921
1854 4218
1854 4251
1855 1890
1855 2075
1855 2081
1855 2885
1855 3216
1855 3304
1855 3721
1855 3727
1855 4015
1855 4029
1855 4279
1856 2201
1856 2220
1856 2376
1856 2448
1856 2814
1856 2895
1856 3313
1856 3322
1856 3391
1856 3684
1856 3929
1856 4015
1857 1865
1857 1963
1857 2013
1857 2030
1857 2040
1857 2198
1857 2248
1857 2396
1857 2449
1857 2632
1857 2637
1857 2682
1857 2731
1857 2736
1857 2789
1857 2802
1857 2866
1857 2913
1857 3015
1857 3027
1857 3176
1857 3244
1857 3317
1857 3378
1857 3402
1857 3468
1857 3476
1857 3603
1857 3629
1857 3673
1857 3682
1857 3714
1857 3745
1857 3747
1857 3805
1857 3836
1857 3906
1857 3910
1857 3953
1857 3997
1857 4041
1857 4135
1857 4166
1857 4192
1857 4204
1857 4228
1857 4241
1857 4266
1857 4405
1857 4421
1857 4430
1857 4438
1858 1990
1858 2079
1858 3083
1858 3445
1858 3468
1858 3510
1858 3558
1858 3658
1858 3738
1858 3814
1858 4144
1858 4251
1858 4359
1859 1955
1859 1957
1859 2498
1859 2591
1859 2765
1859 3113
1859 3329
1859 3665
1859 3866
1859 3955
1859 4218
1859 4392
1860 1896
1860 1907
1860 1926
1860 2025
1860 2042
1860 2093
1860 2157
1860 2164
1860 2230
1860 2316
1860 2354
1860 2378
1860 2380
1860 2441
1860 2468
1860 2487
1860 2520
1860 2550
1860 2579
1860 2650
1860 2804
1860 2860
1860 3101
1860 3113
1860 3271
1860 3282
1860 3285
1860 3351
1860 3443
1860 3471
1860 3481
1860 3553
1860 3573
1860 3749
1860 3770
1860 3924
1860 3931
1860 4100
1860 4104
1860 4169
1860 4209
1860 4327
1860 4342
1860 4381
1860 4451
1860 4457
1860 4459
1861 1929
1861 2171
1861 2994
1861 3474
1861 3712
1862 2157
1862 2330
1862 2550
1862 2669
1862 3113
1862 3223
1862 3553
1862 3819
1862 3859
1862 4459
1863 1868
1863 1963
1863 1985
1863 2030
1863 2129
1863 2248
1863 2506
1863 2507
1863 2674
1863 2736
1863 2752
1863 2768
1863 2789
1863 2802
1863 2854
1863 2864
1863 2866
1863 2971
1863 2972
1863 3095
1863 3244
1863 3326
1863 3468
1863 3476
1863 3595
1863 3596
1863 3633
1863 3682
1863 3714
1863 3745
1863 3747
1863 3826
1863 3910
1863 3953
1863 4041
1863 4135
1863 4266
1863 4430
1863 4438
1863 4448
1864 1869
1864 1954
1864 1973
1864 2098
1864 2104
1864 2115
1864 2176
1864 2178
1864 2227
1864 2238
1864 2298
1864 2415
1864 2422
1864 2450
1864 2496
1864 2537
1864 2564
1864 2594
1864 2622
1864 2652
1864 2666
1864 2683
1864 2740
1864 2743
1864 2780
1864 2805
1864 2821
1864 2869
1864 2909
1864 2977
1864 3033
1864 3061
1864 3066
1864 3076
1864 3113
1864 3129
1864 3151
1864 3185
1864 3187
1864 3191
1864 3214
1864 3220
1864 3261
1864 3273
1864 3349
1864 3392
1864 3417
1864 3430
1864 3478
1864 3520
1864 3615
1864 3710
1864 3715
1864 3728
1864 3737
1864 3739
1864 3767
1864 3784
1864 3815
1864 3819
1864 3850
1864 3857
1864 3893
1864 3897
1864 3955
1864 3998
1864 4008
1864 4021
1864 4040
1864 4056
1864 4057
1864 4142
1864 4147
1864 4153
1864 4174
1864 4185
1864 4188
1864 4270
1864 4290
1864 4312
1864 4319
1864 4383
1864 4479
1864 4486
1865 2013
1865 2030
1865 2273
1865 2449
1865 2506
1865 2674
1865 2736
1865 2752
1865 2864
1865 2866
1865 3176
1865 3378
1865 3402
1865 3468
1865 3476
1865 3531
1865 3595
1865 3596
1865 3629
1865 3682
1865 3745
1865 3910
1865 4120
1865 4135
1865 4151
1865 4166
1865 4421
1865 4438
1866 1895
1866 1948
1866 1956
1866 1977
1866 1979
1866 1982
1866 1983
1866 2028
1866 2037
1866 2071
1866 2114
1866 2130
1866 2149
1866 2155
1866 2166
1866 2199
1866 2200
1866 2241
1866 2270
1866 2288
1866 2334
1866 2357
1866 2404
1866 2430
1866 2453
1866 2501
1866 2555
1866 2583
1866 2589
1866 2592
1866 2614
1866 2628
1866 2631
1866 2648
1866 2649
1866 2656
1866 2689
1866 2744
1866 2751
1866 2771
1866 2781
1866 2830
1866 2838
1866 2850
1866 2863
1866 2867
1866 2869
1866 2920
1866 2954
1866 2961
1866 3010
1866 3011
1866 3017
1866 3020
1866 3023
1866 3024
1866 3034
1866 3058
1866 3064
1866 3082
1866 3108
1866 3123
1866 3124
1866 3131
1866 3178
1866 3189
1866 3191
1866 3194
1866 3195
1866 3213
1866 3225
1866 3237
1866 3252
1866 3265
1866 3275
1866 3290
1866 3321
1866 3331
1866 3394
1866 3404
1866 3405
1866 3406
1866 3413
1866 3420
1866 3501
1866 3506
1866 3519
1866 3541
1866 3565
1866 3583
1866 3589
1866 3638
1866 3654
1866 3666
1866 3675
1866 3678
1866 3697
1866 3736
1866 3742
1866 3758
1866 3762
1866 3776
1866 3777
1866 3837
1866 3848
1866 3875
1866 3908
1866 3923
1866 3950
1866 3983
1866 3987
1866 4023
1866 4076
1866 4090
1866 4134
1866 4139
1866 4157
1866 4181
1866 4240
1866 4250
1866 4272
1866 4296
1866 4307
1866 4309
1866 4316
1866 4317
1866 4326
1866 4330
1866 4347
1866 4360
1866 4377
1866 4425
1866 4431
1866 4432
1866 4450
1866 4470
1866 4482
1867 1978
1867 2062
1867 2374
1867 3255
1867 3551
1867 4213
1868 1963
1868 2027
1868 2089
1868 2129
1868 2198
1868 2248
1868 2273
1868 2375
1868 2632
1868 2637
1868 2674
1868 2682
1868 2736
1868 2789
1868 2800
1868 2802
1868 2854
1868 2913
1868 2971
1868 2972
1868 2981
1868 3015
1868 3071
1868 3095
1868 3244
1868 3317
1868 3326
1868 3378
1868 3402
1868 3468
1868 3497
1868 3596
1868 3629
1868 3633
1868 3673
1868 3682
1868 3745
1868 3747
1868 3826
1868 3906
1868 3910
1868 3953
1868 4135
1868 4192
1868 4214
1868 4241
1868 4266
1868 4405
1868 4421
1868 4448
1869 1871
1869 2098
1869 2285
1869 2301
1869 2305
1869 2442
1869 2446
1869 2450
1869 2594
1869 2619
1869 2659
1869 2678
1869 2699
1869 2726
1869 2948
1869 3076
1869 3084
1869 3111
1869 3113
1869 3129
1869 3181
1869 3264
1869 3392
1869 3417
1869 3430
1869 3452
1869 3464
1869 3478
1869 3647
1869 3710
1869 3715
1869 3739
1869 3784
1869 3812
1869 3819
1869 3878
1869 4021
1869 4043
1869 4052
1869 4056
1869 4138
1869 4153
1869 4174
1869 4185
1869 4236
1869 4270
1869 4298
1869 4352
1869 4389
1869 4433
1870 1893
1870 2142
1870 2410
1870 3136
1870 3448
1870 3705
1870 4015
1871 1877
1871 1954
1871 1973
1871 2015
1871 2038
1871 2041
1871 2047
1871 2069
1871 2088
1871 2098
1871 2104
1871 2115
1871 2123
1871 2178
1871 2182
1871 2227
1871 2238
1871 2249
1871 2298
1871 2387
1871 2392
1871 2414
1871 2415
1871 2420
1871 2422
1871 2433
1871 2435
1871 2442
1871 2446
1871 2450
1871 2456
1871 2457
1871 2480
1871 2496
1871 2535
1871 2556
1871 2557
1871 2558
1871 2564
1871 2594
1871 2598
1871 2612
1871 2622
1871 2652
1871 2659
1871 2666
1871 2699
1871 2701
1871 2726
1871 2735
1871 2740
1871 2743
1871 2747
1871 2784
1871 2801
1871 2805
1871 2806
1871 2821
1871 2824
1871 2855
1871 2869
1871 2904
1871 2948
1871 2950
1871 3033
1871 3061
1871 3111
1871 3113
1871 3124
1871 3129
1871 3151
1871 3187
1871 3220
1871 3264
1871 3392
1871 3417
1871 3430
1871 3432
1871 3478
1871 3485
1871 3515
1871 3520
1871 3528
1871 3560
1871 3562
1871 3566
1871 3615
1871 3708
1871 3710
1871 3715
1871 3728
1871 3737
1871 3767
1871 3777
1871 3784
1871 3812
1871 3819
1871 3857
1871 3862
1871 3863
1871 3893
1871 3897
1871 3961
1871 3975
1871 3977
1871 3998
1871 4008
1871 4020
1871 4021
1871 4040
1871 4042
1871 4067
1871 4117
1871 4138
1871 4153
1871 4174
1871 4185
1871 4188
1871 4193
1871 4196
1871 4236
1871 4262
1871 4270
1871 4290
1871 4298
1871 4312
1871 4313
1871 4331
1871 4352
1871 4370
1871 4383
1871 4389
1871 4422
1871 4469
1871 4479
1871 4486
1871 4488
1872 1874
1872 1926
1872 2025
1872 2101
1872 2121
1872 2269
1872 2351
1872 2390
1872 2436
1872 2468
1872 2484
1872 2533
1872 2579
1872 2650
1872 2676
1872 2684
1872 2997
1872 3063
1872 3113
1872 3235
1872 3285
1872 3307
1872 3309
1872 3344
1872 3535
1872 3598
1872 3606
1872 3608
1872 3691
1872 3749
1872 3770
1872 3849
1872 3874
1872 3973
1872 4119
1872 4128
1872 4367
1872 4387
1872 4459
1873 2005
1873 2171
1873 2208
1873 2331
1873 2447
1873 2470
1873 2767
1873 2804
1873 2820
1873 2939
1873 2957
1873 3008
1873 3014
1873 3093
1873 3852
1873 3934
1873 4039
1873 4077
1873 4179
1873 4279
1873 4378
1873 4456
1873 4474
1874 2025
1874 2093
1874 2101
1874 2321
1874 2351
1874 2436
1874 2484
1874 2533
1874 2634
1874 3063
1874 3099
1874 3113
1874 3235
1874 3285
1874 3307
1874 3309
1874 3439
1874 3442
1874 3481
1874 3496
1874 3535
1874 3849
1874 3874
1874 4094
1875 1893
1875 1906
1875 1908
1875 1942
1875 2779
1875 3136
1875 3190
1875 3283
1875 3353
1875 3376
1875 3514
1875 3522
1875 3962
1875 4015
1875 4177
1875 4340
1876 1965
1876 2011
1876 2505
1876 2543
1876 2936
1876 3346
1876 4365
1877 1954
1877 2015
1877 2069
1877 2088
1877 2115
1877 2123
1877 2135
1877 2178
1877 2226
1877 2227
1877 2249
1877 2301
1877 2420
1877 2422
1877 2442
1877 2476
1877 2480
1877 2535
1877 2598
1877 2784
1877 2821
1877 2855
1877 2881
1877 3033
1877 3076
1877 3113
1877 3129
1877 3181
1877 3185
1877 3198
1877 3299
1877 3392
1877 3464
1877 3521
1877 3528
1877 3586
1877 3739
1877 3782
1877 3897
1877 3961
1877 4008
1877 4020
1877 4147
1877 4193
1877 4270
1877 4313
1877 4488
1878 2185
1878 2208
1878 2222
1878 2229
1878 2331
1878 2804
1878 2927
1878 2939
1878 3093
1878 3241
1878 3613
1878 4077
1878 4190
1878 4210
1878 4243
1878 4456
1878 4474
1879 1939
1879 2054
1879 2058
1879 2126
1879 2349
1879 3303
1879 3426
1879 3429
1879 3468
1879 3773
1879 4225
1879 4322
1879 4415
1879 4467
1880 1973
1880 2015
1880 2104
1880 2387
1880 2392
1880 2456
1880 2483
1880 2531
1880 2696
1880 2698
1880 2727
1880 2765
1880 2813
1880 2821
1880 2948
1880 2976
1880 3113
1880 3220
1880 3485
1880 3521
1880 3708
1880 3857
1880 3866
1880 3977
1880 4056
1880 4132
1880 4370
1880 4469
1881 1959
1881 3266
1881 4015
1881 4340
1882 1925
1882 1947
1882 1983
1882 2003
1882 2046
1882 2083
1882 2113
1882 2206
1882 2255
1882 2287
1882 2290
1882 2333
1882 2356
1882 2398
1882 2408
1882 2537
1882 2658
1882 2686
1882 2721
1882 2748
1882 2755
1882 2758
1882 2776
1882 2787
1882 2794
1882 2837
1882 2856
1882 2865
1882 2899
1882 2910
1882 2911
1882 3009
1882 3038
1882 3082
1882 3106
1882 3107
1882 3138
1882 3183
1882 3209
1882 3260
1882 3286
1882 3293
1882 3319
1882 3328
1882 3365
1882 3386
1882 3420
1882 3467
1882 3487
1882 3488
1882 3506
1882 3569
1882 3590
1882 3604
1882 3611
1882 3623
1882 3685
1882 3706
1882 3708
1882 3718
1882 3724
1882 3783
1882 3800
1882 3899
1882 3933
1882 3970
1882 4023
1882 4037
1882 4060
1882 4080
1882 4115
1882 4124
1882 4154
1882 4167
1882 4178
1882 4219
1882 4259
1882 4260
1882 4269
1882 4287
1882 4294
1882 4346
1882 4398
1882 4407
1882 4409
1882 4434
1882 4441
1882 4454
1882 4461
1882 4465
1882 4478
1883 1916
1883 1983
1883 1999
1883 2029
1883 2232
1883 2287
1883 2290
1883 2309
1883 2686
1883 2755
1883 2776
1883 2787
1883 2794
1883 2833
1883 2837
1883 2858
1883 2918
1883 2924
1883 3082
1883 3258
1883 3365
1883 3408
1883 3611
1883 3623
1883 3685
1883 4095
1883 4107
1883 4145
1883 4325
1883 4398
1883 4410
1884 1948
1884 1977
1884 1979
1884 1983
1884 2028
1884 2071
1884 2114
1884 2270
1884 2357
1884 2430
1884 2555
1884 2589
1884 2592
1884 2628
1884 2631
1884 2656
1884 2850
1884 2863
1884 2954
1884 3020
1884 3023
1884 3024
1884 3081
1884 3194
1884 3213
1884 3237
1884 3252
1884 3404
1884 3501
1884 3541
1884 3638
1884 3678
1884 3697
1884 3758
1884 3837
1884 3848
1884 3875
1884 3889
1884 3908
1884 4076
1884 4134
1884 4242
1884 4272
1884 4326
1884 4377
1884 4425
1884 4431
1884 4432
1884 4450
1884 4482
1885 2315
1885 2466
1885 2498
1885 2519
1885 2729
1885 3113
1885 3340
1885 3367
1885 3468
1885 3549
1885 3559
1885 3738
1885 3814
1885 3975
1885 4175
1885 4212
1885 4251
1885 4359
1885 4416
1886 2498
1886 3113
1886 3198
1886 3559
1886 3767
1886 4132
1886 4196
1887 2947
1887 3304
1887 4015
1887 4029
1888 2278
1888 2679
1888 2902
1888 3468
1888 3667
1888 3901
1888 4098
1888 4400
1889 2032
1889 2126
1889 2308
1889 2343
1889 2349
1889 2826
1889 3230
1889 3238
1889 3247
1889 3303
1889 3468
1889 3773
1889 3954
1889 4239
1889 4273
1889 4322
1889 4467
1890 1958
1890 2081
1890 2193
1890 2296
1890 2317
1890 2472
1890 2642
1890 2859
1890 3031
1890 3716
1890 3740
1890 3741
1890 3902
1890 4015
1890 4189
1891 2486
1891 2509
1891 2543
1891 3582
1892 1983
1892 3759
1892 4290
1893 1942
1893 2142
1893 2410
1893 2563
1893 2709
1893 2779
1893 3018
1893 3266
1893 3448
1893 3514
1893 3581
1893 3962
1893 4015
1893 4177
1893 4340
1894 1952
1894 1964
1894 2191
1894 2197
1894 2250
1894 2266
1894 2312
1894 2426
1894 2463
1894 2543
1894 2986
1894 3021
1894 3320
1894 3494
1894 3582
1894 3639
1894 3661
1894 3748
1894 3980
1894 4019
1894 4093
1894 4156
1895 2083
1895 2204
1895 2414
1895 2430
1895 2594
1895 2622
1895 2755
1895 2910
1895 2924
1895 3187
1895 3194
1895 3237
1895 3413
1895 3430
1895 3685
1895 3697
1895 3733
1895 3767
1895 4015
1895 4145
1895 4270
1895 4294
1895 4309
1895 4313
1895 4316
1895 4383
1895 4469
1896 1907
1896 1926
1896 2042
1896 2281
1896 2378
1896 2441
1896 2468
1896 2804
1896 3113
1896 3282
1896 3471
1896 3924
1896 4100
1896 4209
1896 4342
1896 4381
1896 4451
1896 4459
1897 2025
1897 2321
1897 2390
1897 2484
1897 2650
1897 2684
1897 2997
1897 3063
1897 3113
1897 3235
1897 3285
1897 3309
1897 3496
1897 3535
1897 3598
1897 3924
1897 4100
1898 2045
1898 2080
1898 2091
1898 2096
1898 2379
1898 2580
1898 2591
1898 2817
1898 2825
1898 3042
1898 3113
1898 3126
1898 3128
1898 3329
1898 3844
1898 3939
1898 4075
1898 4158
1898 4303
1898 4355
1898 4392
1898 4418
1899 1977
1899 2071
1899 2115
1899 2628
1899 2734
1899 2850
1899 3005
1899 3202
1899 3252
1899 3468
1899 3478
1899 3611
1899 4015
1900 2035
1900 2190
1900 3040
1900 3468
1900 4014
1900 4097
1900 4358
1900 4436
1901 2220
1901 2397
1901 4015
1902 2511
1902 2534
1902 2673
1902 2980
1902 3047
1902 3074
1902 3310
1902 3572
1902 3640
1902 4000
1902 4066
1903 2001
1903 2825
1903 2987
1903 4304
1904 1941
1904 2018
1904 2059
1904 2131
1904 2170
1904 2215
1904 2307
1904 2339
1904 2437
1904 2452
1904 2500
1904 2512
1904 2515
1904 2575
1904 2829
1904 2921
1904 2942
1904 2944
1904 3000
1904 3026
1904 3155
1904 3158
1904 3188
1904 3308
1904 3364
1904 3427
1904 3441
1904 3557
1904 3734
1904 4150
1904 4420
1904 4423
1905 2080
1905 2817
1905 3113
1905 4075
1905 4147
1906 1908
1906 1942
1906 2133
1906 2448
1906 2779
1906 2818
1906 2890
1906 2892
1906 3152
1906 3353
1906 3461
1906 3514
1906 3731
1906 3840
1906 3930
1906 4015
1906 4044
1906 4087
1906 4177
1906 4182
1906 4349
1906 4373
1907 1926
1907 2042
1907 2093
1907 2121
1907 2157
1907 2281
1907 2316
1907 2351
1907 2354
1907 2378
1907 2380
1907 2441
1907 2468
1907 2487
1907 2520
1907 2804
1907 3113
1907 3271
1907 3282
1907 3351
1907 3355
1907 3443
1907 3471
1907 3481
1907 3553
1907 3573
1907 3770
1907 3924
1907 3931
1907 4100
1907 4104
1907 4209
1907 4327
1907 4342
1907 4379
1907 4381
1907 4451
1907 4457
1907 4459
1908 1942
1908 2563
1908 2779
1908 3216
1908 3283
1908 3353
1908 3514
1908 3522
1908 4015
1908 4149
1908 4177
1908 4340
1909 2045
1909 2379
1909 2580
1909 2825
1909 3113
1909 3126
1909 3128
1909 4418
1911 2012
1911 2161
1911 2253
1911 2383
1911 2418
1911 2477
1911 2544
1911 2597
1911 2624
1911 2626
1911 2641
1911 3055
1911 3088
1911 3100
1911 3186
1911 3409
1911 3434
1911 3468
1911 3563
1911 3612
1911 3622
1911 3732
1911 3733
1911 3792
1911 3867
1911 3868
1911 3873
1911 3876
1911 4002
1911 4069
1911 4089
1911 4315
1911 4351
1911 4361
1912 2804
1913 1985
1913 2030
1913 2506
1913 2507
1913 2752
1913 2768
1913 2800
1913 2802
1913 2854
1913 2864
1913 2866
1913 2972
1913 2981
1913 3326
1913 3468
1913 3595
1913 3596
1913 3600
1913 3673
1913 3682
1913 3745
1913 4041
1913 4098
1913 4135
1913 4438
1914 1920
1914 1933
1914 2032
1914 2035
1914 2108
1914 2188
1914 2204
1914 2234
1914 2349
1914 2548
1914 2571
1914 2670
1914 2974
1914 3215
1914 3227
1914 3340
1914 3368
1914 3468
1914 3563
1914 3658
1914 3681
1914 3759
1914 4024
1914 4253
1914 4353
1914 4393
1914 4436
1915 1959
1915 2277
1915 2402
1915 2610
1915 2625
1915 2963
1915 3134
1915 3142
1915 3199
1915 3350
1915 3415
1915 3811
1915 3900
1916 1922
1916 1983
1916 1999
1916 2003
1916 2029
1916 2044
1916 2046
1916 2112
1916 2206
1916 2232
1916 2287
1916 2290
1916 2294
1916 2309
1916 2398
1916 2473
1916 2499
1916 2537
1916 2566
1916 2686
1916 2755
1916 2758
1916 2776
1916 2787
1916 2794
1916 2822
1916 2833
1916 2837
1916 2858
1916 2899
1916 2918
1916 2924
1916 3051
1916 3082
1916 3107
1916 3112
1916 3138
1916 3162
1916 3232
1916 3237
1916 3246
1916 3258
1916 3354
1916 3365
1916 3386
1916 3397
1916 3408
1916 3487
1916 3505
1916 3506
1916 3564
1916 3604
1916 3611
1916 3623
1916 3685
1916 3706
1916 3718
1916 3724
1916 3736
1916 3800
1916 3899
1916 3943
1916 3970
1916 3991
1916 4023
1916 4037
1916 4057
1916 4080
1916 4095
1916 4142
1916 4145
1916 4154
1916 4234
1916 4258
1916 4259
1916 4287
1916 4294
1916 4325
1916 4346
1916 4398
1916 4410
1916 4422
1916 4454
1916 4465
1916 4475
1916 4478
1917 1969
1917 2122
1917 2306
1917 2762
1917 3216
1917 3219
1917 3653
1917 3727
1917 3896
1917 4015
1917 4349
1918 2024
1918 2059
1918 2215
1918 2339
1918 2437
1918 2585
1918 2942
1918 3026
1918 3158
1918 4252
1919 2401
1920 2209
1920 2234
1920 2243
1920 2349
1920 2382
1920 2912
1920 2949
1920 2974
1920 3212
1920 3468
1920 3681
1920 3773
1920 3792
1920 3843
1920 3865
1920 3943
1920 4083
1922 1950
1922 1983
1922 2029
1922 2046
1922 2113
1922 2196
1922 2287
1922 2290
1922 2309
1922 2356
1922 2600
1922 2658
1922 2672
1922 2686
1922 2755
1922 2758
1922 2787
1922 2794
1922 2822
1922 2833
1922 2837
1922 2858
1922 2899
1922 2910
1922 2924
1922 3112
1922 3138
1922 3162
1922 3258
1922 3260
1922 3365
1922 3505
1922 3611
1922 3645
1922 3685
1922 3718
1922 3724
1922 3783
1922 3970
1922 4058
1922 4080
1922 4145
1922 4154
1922 4178
1922 4287
1922 4294
1922 4346
1922 4398
1922 4406
1922 4410
1922 4434
1922 4454
1922 4461
1922 4478
1923 2475
1923 3470
1923 3693
1923 3755
1923 3827
1923 4424
1924 2222
1924 2341
1924 2384
1924 2718
1924 2823
1924 2957
1924 3150
1924 3288
1924 3352
1924 3712
1924 3877
1924 4039
1925 1931
1925 1947
1925 1983
1925 1993
1925 1999
1925 2003
1925 2046
1925 2056
1925 2068
1925 2083
1925 2179
1925 2200
1925 2206
1925 2287
1925 2290
1925 2309
1925 2398
1925 2429
1925 2459
1925 2495
1925 2617
1925 2672
1925 2702
1925 2721
1925 2755
1925 2758
1925 2776
1925 2787
1925 2794
1925 2810
1925 2833
1925 2837
1925 2849
1925 2856
1925 2858
1925 2899
1925 2910
1925 2950
1925 3038
1925 3138
1925 3170
1925 3175
1925 3260
1925 3293
1925 3365
1925 3386
1925 3425
1925 3446
1925 3487
1925 3569
1925 3590
1925 3611
1925 3623
1925 3685
1925 3708
1925 3718
1925 3854
1925 3899
1925 4023
1925 4037
1925 4058
1925 4060
1925 4080
1925 4095
1925 4142
1925 4145
1925 4154
1925 4219
1925 4234
1925 4258
1925 4294
1925 4346
1925 4398
1925 4454
1925 4461
1925 4465
1925 4478
1926 2025
1926 2042
1926 2093
1926 2101
1926 2157
1926 2164
1926 2230
1926 2281
1926 2316
1926 2354
1926 2378
1926 2380
1926 2441
1926 2468
1926 2487
1926 2520
1926 2550
1926 2579
1926 2676
1926 2804
1926 2860
1926 2875
1926 2997
1926 3087
1926 3101
1926 3113
1926 3235
1926 3271
1926 3282
1926 3351
1926 3443
1926 3471
1926 3553
1926 3573
1926 3691
1926 3749
1926 3770
1926 3924
1926 3931
1926 4100
1926 4104
1926 4119
1926 4169
1926 4209
1926 4327
1926 4342
1926 4379
1926 4381
1926 4451
1926 4457
1926 4459
1927 1951
1927 1953
1927 1983
1927 2083
1927 2112
1927 2252
1927 2272
1927 2289
1927 2388
1927 2439
1927 2440
1927 2494
1927 3077
1927 3137
1927 3335
1927 3338
1927 3460
1927 3490
1927 3550
1927 3575
1927 3911
1927 4005
1927 4054
1927 4072
1927 4129
1927 4399
1927 4449
1927 4455
1927 4472
1928 2204
1928 2731
1928 3226
1928 3468
1928 3773
1928 4350
1929 1967
1929 2063
1929 2171
1929 2183
1929 2208
1929 2222
1929 2278
1929 2341
1929 2384
1929 2458
1929 2470
1929 2474
1929 2518
1929 2669
1929 2693
1929 2694
1929 2804
1929 2820
1929 2823
1929 2925
1929 2927
1929 2939
1929 2957
1929 2994
1929 3007
1929 3008
1929 3014
1929 3043
1929 3241
1929 3280
1929 3288
1929 3334
1929 3359
1929 3457
1929 3459
1929 3540
1929 3561
1929 3630
1929 3640
1929 3671
1929 3816
1929 3852
1929 3853
1929 3877
1929 3886
1929 3934
1929 3993
1929 4039
1929 4066
1929 4077
1929 4086
1929 4137
1929 4143
1929 4246
1929 4279
1929 4299
1929 4378
1929 4402
1929 4412
1929 4456
1929 4474
1930 2177
1930 2183
1930 2344
1930 2636
1930 2662
1930 2820
1930 2917
1930 2925
1930 2939
1930 2953
1930 3220
1930 3241
1930 3415
1930 3568
1930 3700
1930 3853
1930 3877
1930 4435
1931 1948
1931 1973
1931 1979
1931 2032
1931 2088
1931 2130
1931 2206
1931 2287
1931 2357
1931 2398
1931 2414
1931 2430
1931 2594
1931 2755
1931 2787
1931 2833
1931 2858
1931 3034
1931 3111
1931 3113
1931 3131
1931 3178
1931 3237
1931 3293
1931 3430
1931 3468
1931 3501
1931 3615
1931 3638
1931 3706
1931 3715
1931 3742
1931 3819
1931 3893
1931 4037
1931 4058
1931 4154
1931 4250
1931 4270
1931 4298
1931 4309
1931 4313
1931 4316
1931 4398
1931 4486
1932 2054
1932 2308
1932 2761
1932 2940
1932 2969
1932 3048
1932 3303
1932 3451
1932 3468
1932 3694
1932 3750
1932 3787
1932 3817
1932 3919
1932 4083
1932 4255
1933 2126
1933 2443
1933 2467
1933 2514
1933 2548
1933 2731
1933 2974
1933 3110
1933 3204
1933 3316
1933 3337
1933 3368
1933 3403
1933 3451
1933 3468
1933 3658
1933 3681
1933 3773
1933 3817
1933 4069
1933 4089
1933 4253
1933 4254
1933 4306
1933 4436
1934 2089
1934 2198
1934 2424
1934 2461
1934 2553
1934 2632
1934 2682
1934 2789
1934 2913
1934 3015
1934 3071
1934 3402
1934 3468
1934 3497
1934 3677
1934 3747
1934 3836
1934 3997
1934 4421
1934 4448
1935 1944
1935 1958
1935 1969
1935 2036
1935 2306
1935 2489
1935 2724
1935 3374
1935 3571
1935 3741
1935 4015
1935 4305
1936 2534
1936 2978
1936 3592
1936 3989
1936 4030
1937 2242
1937 2907
1937 3113
1937 3399
1937 3665
1937 3810
1937 4202
1937 4396
1938 2911
1938 4427
1939 1980
1939 2006
1939 2032
1939 2054
1939 2058
1939 2087
1939 2120
1939 2126
1939 2175
1939 2308
1939 2315
1939 2349
1939 2418
1939 2687
1939 2941
1939 2974
1939 3016
1939 3110
1939 3230
1939 3248
1939 3292
1939 3303
1939 3403
1939 3426
1939 3468
1939 3759
1939 3773
1939 3936
1939 4184
1939 4220
1939 4237
1939 4239
1939 4256
1939 4273
1939 4277
1939 4322
1939 4350
1939 4467
1940 1983
1940 2503
1940 2786
1940 3219
1940 3255
1940 3768
1940 4187
1941 2059
1941 2500
1941 3000
1941 3158
1941 3188
1941 3364
1941 3427
1941 3557
1942 2026
1942 2593
1942 2779
1942 3190
1942 3283
1942 3353
1942 3376
1942 3514
1942 3522
1942 3869
1942 3962
1942 4015
1942 4177
1942 4340
1943 1958
1943 1969
1943 2021
1943 2094
1943 2219
1943 2745
1943 2956
1943 3254
1943 3397
1943 3716
1943 3741
1943 3896
1943 4015
1943 4082
1944 1958
1944 1969
1944 2017
1944 2137
1944 2219
1944 2261
1944 2642
1944 2724
1944 2745
1944 2746
1944 2797
1944 2831
1944 3117
1944 3571
1944 3716
1944 4015
1944 4082
1944 4110
1944 4271
1945 2038
1945 2210
1945 2367
1945 2454
1945 2623
1945 2644
1945 2836
1945 3041
1945 3113
1945 3370
1945 3870
1945 3967
1945 4356
1946 3788
1946 4015
1946 4276
1946 4335
1946 4364
1947 1983
1947 2196
1947 2206
1947 2686
1947 2702
1947 2721
1947 2748
1947 2755
1947 2794
1947 2865
1947 3106
1947 3138
1947 3209
1947 3219
1947 3260
1947 3395
1947 3800
1947 4023
1947 4095
1947 4167
1947 4219
1947 4407
1947 4440
1947 4461
1948 1956
1948 1977
1948 1979
1948 1983
1948 2028
1948 2037
1948 2071
1948 2130
1948 2149
1948 2155
1948 2199
1948 2241
1948 2270
1948 2288
1948 2300
1948 2334
1948 2357
1948 2368
1948 2404
1948 2430
1948 2501
1948 2555
1948 2557
1948 2558
1948 2583
1948 2589
1948 2592
1948 2614
1948 2628
1948 2631
1948 2648
1948 2649
1948 2656
1948 2744
1948 2751
1948 2771
1948 2774
1948 2781
1948 2830
1948 2850
1948 2863
1948 2954
1948 2975
1948 3010
1948 3011
1948 3017
1948 3020
1948 3023
1948 3024
1948 3034
1948 3058
1948 3082
1948 3123
1948 3131
1948 3175
1948 3178
1948 3189
1948 3194
1948 3213
1948 3225
1948 3237
1948 3252
1948 3265
1948 3275
1948 3290
1948 3321
1948 3369
1948 3404
1948 3405
1948 3406
1948 3413
1948 3501
1948 3519
1948 3541
1948 3565
1948 3583
1948 3589
1948 3621
1948 3638
1948 3654
1948 3666
1948 3678
1948 3697
1948 3723
1948 3742
1948 3762
1948 3776
1948 3875
1948 3908
1948 3950
1948 3976
1948 4076
1948 4095
1948 4134
1948 4163
1948 4240
1948 4242
1948 4250
1948 4272
1948 4307
1948 4309
1948 4316
1948 4326
1948 4330
1948 4347
1948 4360
1948 4377
1948 4425
1948 4431
1948 4432
1948 4482
1949 1983
1949 2148
1949 3219
1949 3318
1950 1983
1950 1993
1950 2003
1950 2408
1950 2495
1950 2600
1950 2810
1950 2884
1950 3162
1950 3260
1950 3286
1950 3305
1950 3328
1950 3467
1950 3488
1950 3576
1950 3604
1950 3611
1950 3708
1950 3783
1950 3800
1950 4058
1950 4080
1950 4167
1950 4208
1950 4223
1950 4287
1950 4478
1951 1953
1951 1983
1951 1992
1951 2083
1951 2112
1951 2153
1951 2252
1951 2289
1951 2388
1951 2439
1951 2440
1951 2494
1951 2577
1951 3035
1951 3137
1951 3335
1951 3338
1951 3460
1951 3490
1951 3550
1951 3575
1951 3774
1951 3892
1951 3999
1951 4005
1951 4054
1951 4072
1951 4129
1951 4170
1951 4281
1951 4399
1951 4449
1951 4455
1951 4472
1952 1964
1952 2159
1952 2266
1952 2463
1952 2543
1952 2630
1952 3320
1952 3494
1952 3639
1952 3651
1952 3655
1952 3664
1952 3884
1952 4013
1952 4019
1952 4091
1952 4308
1953 1983
1953 1992
1953 2112
1953 2153
1953 2163
1953 2252
1953 2388
1953 2439
1953 2440
1953 2494
1953 2577
1953 2753
1953 3077
1953 3137
1953 3335
1953 3460
1953 3550
1953 3575
1953 3911
1953 3999
1953 4005
1953 4054
1953 4072
1953 4129
1953 4281
1953 4399
1953 4455
1954 2069
1954 2115
1954 2123
1954 2200
1954 2227
1954 2249
1954 2285
1954 2414
1954 2415
1954 2422
1954 2423
1954 2455
1954 2496
1954 2535
1954 2594
1954 2619
1954 2629
1954 2659
1954 2666
1954 2683
1954 2699
1954 2780
1954 2821
1954 2869
1954 2948
1954 2977
1954 3033
1954 3061
1954 3066
1954 3111
1954 3113
1954 3129
1954 3151
1954 3185
1954 3187
1954 3214
1954 3273
1954 3349
1954 3417
1954 3520
1954 3521
1954 3562
1954 3586
1954 3615
1954 3715
1954 3728
1954 3737
1954 3767
1954 3802
1954 3815
1954 3819
1954 3850
1954 3857
1954 3893
1954 3955
1954 3975
1954 3998
1954 4042
1954 4070
1954 4142
1954 4147
1954 4153
1954 4174
1954 4199
1954 4202
1954 4236
1954 4260
1954 4270
1954 4290
1954 4298
1954 4313
1954 4352
1954 4370
1954 4479
1955 1990
1955 2110
1955 2712
1955 2947
1955 3550
1955 3571
1955 3653
1955 3709
1955 3835
1955 3984
1955 4054
1955 4110
1955 4244
1956 1979
1956 1983
1956 2028
1956 2037
1956 2130
1956 2404
1956 2430
1956 2501
1956 2555
1956 2589
1956 2628
1956 2649
1956 2656
1956 2751
1956 2777
1956 2781
1956 2850
1956 2867
1956 2954
1956 3010
1956 3011
1956 3017
1956 3023
1956 3082
1956 3123
1956 3131
1956 3189
1956 3225
1956 3237
1956 3252
1956 3265
1956 3290
1956 3321
1956 3331
1956 3343
1956 3405
1956 3501
1956 3519
1956 3541
1956 3638
1956 3654
1956 3697
1956 3742
1956 3762
1956 3908
1956 3983
1956 3991
1956 4023
1956 4070
1956 4076
1956 4095
1956 4134
1956 4240
1956 4242
1956 4272
1956 4309
1956 4360
1956 4377
1956 4431
1956 4482
1957 2221
1957 2423
1957 2591
1957 3113
1957 3516
1957 3549
1957 4392
1958 1969
1958 2017
1958 2036
1958 2075
1958 2081
1958 2094
1958 2122
1958 2137
1958 2193
1958 2280
1958 2472
1958 2497
1958 2523
1958 2551
1958 2642
1958 2724
1958 2745
1958 2746
1958 2795
1958 2845
1958 2859
1958 2878
1958 2947
1958 3031
1958 3086
1958 3094
1958 3097
1958 3254
1958 3302
1958 3374
1958 3571
1958 3716
1958 3721
1958 3741
1958 3796
1958 3804
1958 3896
1958 4015
1958 4082
1958 4085
1958 4110
1958 4189
1958 4297
1958 4305
1958 4395
1959 1962
1959 1970
1959 1988
1959 2191
1959 2216
1959 2277
1959 2591
1959 2645
1959 2692
1959 2757
1959 2963
1959 3355
1959 3415
1959 3537
1959 3693
1959 3811
1959 3900
1959 3973
1959 4063
1959 4369
1959 4399
1960 1983
1960 2695
1960 3798
1960 3947
1961 3510
1962 2277
1962 2914
1962 4063
1963 2013
1963 2089
1963 2129
1963 2396
1963 2507
1963 2553
1963 2632
1963 2637
1963 2768
1963 2789
1963 2802
1963 2854
1963 2972
1963 3015
1963 3103
1963 3244
1963 3326
1963 3378
1963 3402
1963 3468
1963 3537
1963 3596
1963 3629
1963 3633
1963 3677
1963 3714
1963 3747
1963 3826
1963 3836
1963 3906
1963 3953
1963 3997
1963 4041
1963 4192
1963 4405
1963 4448
1964 1966
1964 1986
1964 2197
1964 2218
1964 2250
1964 2266
1964 2312
1964 2426
1964 2463
1964 2527
1964 2543
1964 2561
1964 2578
1964 2655
1964 2690
1964 2835
1964 3021
1964 3184
1964 3268
1964 3407
1964 3484
1964 3494
1964 3530
1964 3582
1964 3587
1964 3639
1964 3661
1964 3743
1964 3748
1964 3818
1964 3861
1964 3938
1964 4013
1964 4019
1964 4091
1964 4093
1964 4156
1964 4173
1964 4308
1964 4413
1965 2011
1965 2237
1965 2543
1965 3021
1965 4288
1965 4365
1966 2197
1966 2266
1966 2543
1966 3021
1966 3461
1966 3661
1966 4156
1966 4173
1967 2171
1967 2341
1967 2939
1967 2957
1967 2994
1967 3007
1967 3014
1967 3043
1967 3049
1967 3280
1967 3630
1967 3671
1967 3853
1967 3856
1967 4279
1967 4378
1967 4402
1967 4412
1967 4456
1968 2039
1968 4015
1968 4049
1969 2017
1969 2021
1969 2094
1969 2122
1969 2137
1969 2193
1969 2219
1969 2261
1969 2306
1969 2497
1969 2642
1969 2671
1969 2724
1969 2745
1969 2746
1969 2762
1969 2797
1969 2831
1969 2839
1969 2845
1969 2859
1969 2947
1969 2956
1969 3117
1969 3254
1969 3374
1969 3387
1969 3574
1969 3716
1969 3721
1969 3727
1969 3741
1969 3896
1969 4015
1969 4110
1970 2394
1970 2802
1970 3027
1970 3103
1970 3468
1970 3593
1970 3677
1970 3730
1970 4074
1970 4476
1971 2250
1971 2312
1971 2543
1971 2986
1971 3242
1971 3461
1971 3917
1972 2146
1972 2256
1972 2407
1972 2562
1972 2796
1972 2998
1972 3025
1972 3113
1972 3229
1972 3363
1972 3390
1972 3527
1972 3536
1972 4206
1972 4303
1972 4445
1972 4446
1973 2015
1973 2088
1973 2104
1973 2115
1973 2123
1973 2178
1973 2182
1973 2238
1973 2249
1973 2298
1973 2387
1973 2392
1973 2414
1973 2415
1973 2420
1973 2422
1973 2442
1973 2450
1973 2456
1973 2480
1973 2496
1973 2535
1973 2557
1973 2564
1973 2594
1973 2622
1973 2698
1973 2727
1973 2744
1973 2821
1973 2855
1973 2948
1973 2977
1973 3033
1973 3051
1973 3053
1973 3061
1973 3076
1973 3108
1973 3111
1973 3113
1973 3129
1973 3147
1973 3151
1973 3187
1973 3196
1973 3198
1973 3220
1973 3299
1973 3392
1973 3417
1973 3432
1973 3436
1973 3478
1973 3485
1973 3506
1973 3515
1973 3560
1973 3562
1973 3615
1973 3710
1973 3715
1973 3728
1973 3737
1973 3767
1973 3784
1973 3847
1973 3857
1973 3860
1973 3893
1973 3897
1973 3955
1973 3977
1973 3998
1973 4020
1973 4042
1973 4113
1973 4132
1973 4153
1973 4174
1973 4185
1973 4193
1973 4196
1973 4199
1973 4262
1973 4270
1973 4290
1973 4312
1973 4313
1973 4319
1973 4331
1973 4370
1973 4383
1973 4389
1973 4469
1973 4479
1973 4486
1974 2085
1974 2210
1974 2487
1974 2545
1974 2669
1974 2855
1974 2875
1974 3113
1974 3608
1974 3722
1974 4443
1975 2219
1975 2410
1975 2621
1975 2928
1975 3283
1975 3345
1975 3377
1975 3448
1975 3920
1975 4001
1975 4015
1975 4044
1975 4049
1975 4059
1975 4149
1975 4177
1975 4301
1975 4340
1975 4394
1976 2165
1976 2482
1976 2613
1976 2621
1976 2779
1976 2883
1976 2928
1976 3136
1976 3287
1976 4001
1976 4015
1976 4016
1976 4165
1976 4447
1977 1979
1977 1983
1977 2037
1977 2071
1977 2114
1977 2130
1977 2149
1977 2155
1977 2166
1977 2270
1977 2300
1977 2334
1977 2357
1977 2368
1977 2404
1977 2430
1977 2431
1977 2455
1977 2501
1977 2555
1977 2583
1977 2592
1977 2614
1977 2628
1977 2631
1977 2649
1977 2656
1977 2734
1977 2751
1977 2771
1977 2830
1977 2850
1977 2863
1977 2867
1977 3005
1977 3009
1977 3010
1977 3017
1977 3023
1977 3024
1977 3034
1977 3058
1977 3064
1977 3082
1977 3131
1977 3189
1977 3194
1977 3195
1977 3202
1977 3213
1977 3225
1977 3237
1977 3252
1977 3265
1977 3275
1977 3331
1977 3354
1977 3394
1977 3404
1977 3413
1977 3458
1977 3501
1977 3519
1977 3541
1977 3638
1977 3666
1977 3678
1977 3697
1977 3742
1977 3758
1977 3762
1977 3776
1977 3875
1977 3884
1977 3889
1977 3908
1977 3950
1977 3983
1977 3991
1977 4076
1977 4095
1977 4134
1977 4139
1977 4199
1977 4240
1977 4250
1977 4272
1977 4307
1977 4309
1977 4316
1977 4326
1977 4330
1977 4347
1977 4360
1977 4377
1977 4425
1977 4431
1977 4432
1977 4450
1977 4475
1977 4482
1978 2181
1978 2374
1978 3255
1978 3551
1978 4213
1979 1982
1979 1983
1979 2028
1979 2037
1979 2047
1979 2049
1979 2071
1979 2114
1979 2130
1979 2149
1979 2155
1979 2166
1979 2199
1979 2200
1979 2241
1979 2270
1979 2288
1979 2334
1979 2357
1979 2404
1979 2430
1979 2501
1979 2555
1979 2558
1979 2583
1979 2589
1979 2592
1979 2628
1979 2631
1979 2648
1979 2649
1979 2660
1979 2747
1979 2751
1979 2771
1979 2774
1979 2781
1979 2830
1979 2850
1979 2863
1979 2904
1979 2922
1979 2991
1979 3005
1979 3010
1979 3011
1979 3017
1979 3020
1979 3023
1979 3024
1979 3034
1979 3058
1979 3064
1979 3081
1979 3082
1979 3092
1979 3123
1979 3131
1979 3178
1979 3189
1979 3194
1979 3213
1979 3237
1979 3252
1979 3265
1979 3275
1979 3290
1979 3321
1979 3331
1979 3404
1979 3405
1979 3406
1979 3413
1979 3444
1979 3501
1979 3519
1979 3541
1979 3565
1979 3589
1979 3638
1979 3654
1979 3666
1979 3678
1979 3697
1979 3758
1979 3762
1979 3772
1979 3776
1979 3847
1979 3848
1979 3875
1979 3889
1979 3908
1979 3950
1979 3983
1979 4061
1979 4070
1979 4076
1979 4117
1979 4134
1979 4142
1979 4216
1979 4218
1979 4240
1979 4242
1979 4250
1979 4272
1979 4293
1979 4307
1979 4309
1979 4316
1979 4326
1979 4330
1979 4347
1979 4360
1979 4377
1979 4425
1979 4426
1979 4431
1979 4432
1979 4450
1979 4470
1980 2032
1980 2054
1980 2058
1980 2087
1980 2175
1980 2234
1980 2419
1980 2424
1980 2687
1980 3029
1980 3303
1980 3403
1980 3447
1980 3468
1980 3759
1980 4089
1980 4277
1981 2293
1981 2356
1981 2372
1981 2446
1981 2520
1981 2758
1981 2822
1981 2943
1981 2987
1981 3082
1981 3112
1981 3117
1981 3284
1981 3671
1981 3724
1981 3839
1981 3972
1982 2037
1982 2098
1982 2149
1982 2182
1982 2204
1982 2430
1982 2450
1982 2496
1982 2656
1982 2850
1982 2899
1982 3076
1982 3131
1982 3189
1982 3321
1982 3430
1982 3468
1982 3487
1982 3501
1982 3611
1982 3633
1982 3638
1982 3706
1982 3710
1982 3767
1982 3812
1982 4138
1982 4240
1982 4360
1982 4469
1983 1987
1983 1992
1983 1993
1983 1999
1983 2003
1983 2008
1983 2009
1983 2010
1983 2020
1983 2028
1983 2029
1983 2037
1983 2043
1983 2044
1983 2046
1983 2049
1983 2066
1983 2068
1983 2071
1983 2083
1983 2102
1983 2103
1983 2112
1983 2113
1983 2114
1983 2130
1983 2132
1983 2140
1983 2147
1983 2148
1983 2149
1983 2153
1983 2155
1983 2163
1983 2166
1983 2168
1983 2169
1983 2179
1983 2184
1983 2194
1983 2196
1983 2199
1983 2200
1983 2206
1983 2212
1983 2232
1983 2236
1983 2241
1983 2252
1983 2255
1983 2259
1983 2267
1983 2270
1983 2272
1983 2276
1983 2282
1983 2283
1983 2287
1983 2288
1983 2289
1983 2290
1983 2294
1983 2297
1983 2304
1983 2309
1983 2333
1983 2334
1983 2335
1983 2338
1983 2340
1983 2342
1983 2347
1983 2352
1983 2356
1983 2357
1983 2358
1983 2361
1983 2368
1983 2372
1983 2381
1983 2388
1983 2398
1983 2404
1983 2408
1983 2429
1983 2430
1983 2431
1983 2439
1983 2440
1983 2453
1983 2459
1983 2465
1983 2473
1983 2481
1983 2488
1983 2491
1983 2493
1983 2494
1983 2495
1983 2499
1983 2501
1983 2503
1983 2524
1983 2528
1983 2529
1983 2530
1983 2537
1983 2554
1983 2555
1983 2566
1983 2570
1983 2572
1983 2574
1983 2577
1983 2583
1983 2589
1983 2592
1983 2600
1983 2614
1983 2617
1983 2628
1983 2631
1983 2636
1983 2639
1983 2648
1983 2649
1983 2656
1983 2658
1983 2660
1983 2665
1983 2672
1983 2677
1983 2680
1983 2686
1983 2689
1983 2700
1983 2701
1983 2702
1983 2720
1983 2721
1983 2744
1983 2748
1983 2751
1983 2753
1983 2755
1983 2758
1983 2759
1983 2771
1983 2772
1983 2776
1983 2781
1983 2787
1983 2794
1983 2809
1983 2810
1983 2822
1983 2830
1983 2833
1983 2837
1983 2838
1983 2850
1983 2856
1983 2858
1983 2863
1983 2865
1983 2867
1983 2869
1983 2873
1983 2876
1983 2877
1983 2884
1983 2894
1983 2899
1983 2910
1983 2918
1983 2920
1983 2922
1983 2924
1983 2950
1983 2954
1983 2962
1983 2964
1983 2975
1983 2991
1983 3010
1983 3011
1983 3012
1983 3017
1983 3020
1983 3023
1983 3024
1983 3034
1983 3035
1983 3038
1983 3058
1983 3064
1983 3067
1983 3077
1983 3081
1983 3082
1983 3098
1983 3106
1983 3107
1983 3112
1983 3123
1983 3124
1983 3130
1983 3131
1983 3135
1983 3137
1983 3138
1983 3139
1983 3162
1983 3174
1983 3178
1983 3179
1983 3183
1983 3189
1983 3192
1983 3194
1983 3195
1983 3209
1983 3213
1983 3218
1983 3225
1983 3232
1983 3234
1983 3237
1983 3240
1983 3246
1983 3252
1983 3253
1983 3256
1983 3258
1983 3260
1983 3265
1983 3275
1983 3286
1983 3290
1983 3293
1983 3295
1983 3298
1983 3305
1983 3318
1983 3319
1983 3321
1983 3328
1983 3331
1983 3335
1983 3338
1983 3343
1983 3354
1983 3365
1983 3369
1983 3381
1983 3386
1983 3394
1983 3395
1983 3401
1983 3404
1983 3405
1983 3406
1983 3408
1983 3413
1983 3425
1983 3446
1983 3449
1983 3458
1983 3460
1983 3466
1983 3467
1983 3487
1983 3488
1983 3490
1983 3501
1983 3505
1983 3506
1983 3518
1983 3519
1983 3539
1983 3541
1983 3550
1983 3564
1983 3565
1983 3569
1983 3575
1983 3576
1983 3578
1983 3583
1983 3589
1983 3590
1983 3597
1983 3599
1983 3604
1983 3607
1983 3611
1983 3619
1983 3621
1983 3623
1983 3626
1983 3632
1983 3638
1983 3641
1983 3643
1983 3654
1983 3666
1983 3674
1983 3675
1983 3678
1983 3685
1983 3695
1983 3697
1983 3702
1983 3706
1983 3708
1983 3718
1983 3724
1983 3742
1983 3758
1983 3762
1983 3768
1983 3769
1983 3774
1983 3776
1983 3777
1983 3781
1983 3783
1983 3786
1983 3791
1983 3800
1983 3828
1983 3829
1983 3830
1983 3833
1983 3837
1983 3845
1983 3848
1983 3854
1983 3855
1983 3858
1983 3864
1983 3871
1983 3875
1983 3879
1983 3880
1983 3889
1983 3892
1983 3899
1983 3903
1983 3908
1983 3911
1983 3922
1983 3933
1983 3940
1983 3942
1983 3946
1983 3947
1983 3950
1983 3966
1983 3970
1983 3976
1983 3983
1983 3996
1983 3999
1983 4005
1983 4009
1983 4023
1983 4027
1983 4033
1983 4035
1983 4037
1983 4054
1983 4058
1983 4060
1983 4061
1983 4070
1983 4072
1983 4076
1983 4080
1983 4090
1983 4095
1983 4099
1983 4106
1983 4112
1983 4118
1983 4124
1983 4129
1983 4134
1983 4139
1983 4145
1983 4154
1983 4157
1983 4167
1983 4170
1983 4178
1983 4181
1983 4187
1983 4197
1983 4201
1983 4208
1983 4216
1983 4219
1983 4221
1983 4223
1983 4224
1983 4232
1983 4234
1983 4240
1983 4242
1983 4250
1983 4258
1983 4259
1983 4269
1983 4272
1983 4281
1983 4283
1983 4287
1983 4292
1983 4294
1983 4296
1983 4302
1983 4307
1983 4309
1983 4316
1983 4321
1983 4323
1983 4324
1983 4325
1983 4326
1983 4330
1983 4332
1983 4338
1983 4346
1983 4347
1983 4360
1983 4366
1983 4376
1983 4377
1983 4398
1983 4399
1983 4401
1983 4406
1983 4407
1983 4410
1983 4425
1983 4431
1983 4432
1983 4434
1983 4437
1983 4440
1983 4449
1983 4450
1983 4454
1983 4455
1983 4461
1983 4465
1983 4470
1983 4472
1983 4473
1983 4475
1983 4478
1983 4482
1983 4483
1984 2870
1984 3143
1984 3149
1984 3152
1984 3323
1984 3493
1984 4015
1984 4017
1984 4464
1985 2030
1985 2400
1985 2507
1985 2768
1985 2854
1985 3326
1985 3468
1985 3673
1985 3689
1985 4041
1986 2127
1986 2250
1986 2318
1986 2389
1986 2463
1986 2486
1986 2488
1986 2509
1986 2578
1986 2703
1986 2986
1986 3097
1986 3150
1986 3268
1986 3407
1986 3507
1986 3522
1986 3580
1986 4007
1986 4071
1986 4091
1986 4148
1986 4156
1986 4443
1987 3445
1989 3374
1989 4015
1989 4348
1990 2209
1990 2332
1990 2731
1990 3281
1990 3468
1990 3614
1990 3733
1990 3817
1990 3954
1990 4144
1990 4306
1991 2053
1991 2144
1991 2225
1991 2245
1991 2313
1991 2364
1991 2609
1991 2663
1991 2764
1991 2879
1991 3001
1991 3041
1991 3052
1991 3113
1991 3163
1991 3450
1991 3483
1991 3526
1991 3698
1991 3872
1991 3967
1991 4084
1991 4275
1991 4459
1991 4460
1992 2083
1992 2112
1992 2153
1992 2252
1992 2272
1992 2289
1992 2388
1992 2439
1992 2440
1992 2494
1992 2577
1992 2700
1992 2753
1992 3035
1992 3137
1992 3335
1992 3338
1992 3460
1992 3490
1992 3575
1992 3599
1992 3781
1992 3892
1992 3911
1992 3922
1992 4005
1992 4054
1992 4129
1992 4281
1992 4399
1992 4440
1992 4455
1992 4472
1993 2046
1993 2068
1993 2155
1993 2179
1993 2184
1993 2206
1993 2276
1993 2287
1993 2290
1993 2309
1993 2358
1993 2429
1993 2459
1993 2495
1993 2555
1993 2617
1993 2702
1993 2755
1993 2758
1993 2787
1993 2810
1993 2920
1993 3038
1993 3082
1993 3246
1993 3425
1993 3564
1993 3569
1993 3611
1993 3685
1993 3724
1993 3833
1993 3908
1993 4058
1993 4124
1993 4145
1993 4167
1993 4197
1993 4219
1993 4258
1993 4272
1993 4326
1994 4015
1994 4452
1995 2222
1995 2511
1995 2673
1995 2980
1995 2994
1995 3310
1995 3424
1995 3592
1995 3856
1995 4030
1995 4456
1996 4015
1997 2729
1997 3468
1997 3681
1997 3792
1997 3919
1997 4255
1997 4436
1998 2073
1998 2393
1998 2462
1998 2536
1998 2619
1998 2708
1998 2775
1998 2840
1998 3298
1998 3368
1998 3405
1998 3624
1998 4006
1998 4305
1998 4360
1999 2009
1999 2029
1999 2046
1999 2206
1999 2287
1999 2290
1999 2309
1999 2398
1999 2473
1999 2499
1999 2649
1999 2686
1999 2755
1999 2776
1999 2787
1999 2794
1999 2822
1999 2833
1999 2837
1999 2858
1999 2899
1999 2918
1999 2924
1999 3038
1999 3082
1999 3106
1999 3107
1999 3138
1999 3246
1999 3258
1999 3365
1999 3487
1999 3564
1999 3569
1999 3604
1999 3611
1999 3685
1999 4023
1999 4095
1999 4145
1999 4154
1999 4258
1999 4259
1999 4325
1999 4398
1999 4410
1999 4465
2000 3486
2000 3637
2000 3834
2000 4015
2001 2106
2001 2514
2001 3045
2001 3110
2001 3426
2001 3468
2001 3510
2001 3563
2001 3780
2001 3794
2001 3919
2001 3944
2001 4026
2001 4235
2002 2085
2002 2414
2002 2728
2002 2932
2002 3113
2002 3713
2002 3722
2002 4003
2002 4203
2003 2044
2003 2046
2003 2049
2003 2068
2003 2083
2003 2206
2003 2287
2003 2290
2003 2309
2003 2385
2003 2398
2003 2499
2003 2600
2003 2658
2003 2677
2003 2686
2003 2702
2003 2755
2003 2758
2003 2787
2003 2794
2003 2822
2003 2833
2003 2837
2003 2856
2003 2858
2003 2899
2003 2910
2003 2924
2003 3009
2003 3038
2003 3081
2003 3082
2003 3106
2003 3120
2003 3124
2003 3138
2003 3170
2003 3175
2003 3209
2003 3258
2003 3260
2003 3293
2003 3365
2003 3386
2003 3420
2003 3425
2003 3487
2003 3506
2003 3564
2003 3569
2003 3590
2003 3611
2003 3623
2003 3685
2003 3706
2003 3708
2003 3783
2003 3791
2003 3863
2003 3899
2003 3923
2003 4023
2003 4037
2003 4060
2003 4067
2003 4070
2003 4080
2003 4095
2003 4118
2003 4145
2003 4219
2003 4294
2003 4346
2003 4398
2003 4410
2003 4454
2003 4461
2003 4465
2003 4478
2004 2359
2004 2425
2004 2609
2004 2989
2004 3400
2005 2329
2005 2341
2005 2447
2005 2470
2005 2804
2005 2820
2005 2994
2005 3007
2005 3014
2005 3113
2005 3157
2005 3163
2005 3210
2005 3280
2005 3397
2005 3424
2005 3645
2005 3934
2005 4039
2005 4143
2005 4179
2005 4279
2006 2032
2006 2054
2006 2058
2006 2188
2006 2332
2006 2467
2006 2761
2006 3075
2006 3231
2006 3257
2006 3303
2006 3451
2006 3468
2006 3609
2006 3750
2006 3787
2006 4273
2007 2054
2007 2120
2007 2188
2007 2234
2007 2343
2007 2427
2007 2641
2007 2940
2007 2969
2007 3016
2007 3100
2007 3186
2007 3205
2007 3231
2007 3238
2007 3297
2007 3409
2007 3451
2007 3468
2007 3732
2007 3750
2007 3787
2007 3868
2007 3876
2007 3916
2007 3925
2007 3943
2007 4089
2007 4097
2007 4171
2007 4225
2007 4315
2007 4350
2007 4393
2008 3098
2009 2194
2009 2196
2009 2206
2009 2259
2009 2287
2009 2290
2009 2381
2009 2398
2009 2499
2009 2686
2009 2776
2009 2858
2009 3064
2009 3082
2009 3246
2009 3260
2009 3365
2009 3404
2009 3408
2009 3564
2009 3590
2009 3611
2009 3685
2009 3706
2009 3718
2009 3843
2009 3913
2009 3970
2009 4060
2009 4080
2009 4095
2009 4118
2009 4145
2009 4219
2009 4346
2009 4398
2009 4410
2009 4434
2010 3060
2011 2237
2011 2543
2011 2936
2011 3021
2011 3696
2011 3992
2012 2050
2012 2253
2012 2383
2012 2477
2012 2597
2012 2624
2012 3055
2012 3100
2012 3468
2012 3868
2012 3876
2012 3916
2012 3954
2012 4255
2012 4351
2013 2040
2013 2198
2013 2273
2013 2637
2013 2674
2013 2682
2013 2800
2013 2802
2013 2866
2013 2913
2013 3015
2013 3176
2013 3270
2013 3317
2013 3378
2013 3468
2013 3537
2013 3603
2013 3629
2013 3682
2013 3836
2013 3906
2013 3910
2013 4135
2013 4151
2013 4166
2013 4192
2013 4405
2014 2399
2014 2575
2014 2973
2014 3127
2014 3180
2014 3679
2014 3793
2014 4102
2014 4107
2014 4123
2014 4485
2015 2088
2015 2104
2015 2115
2015 2210
2015 2249
2015 2298
2015 2392
2015 2456
2015 2531
2015 2535
2015 2622
2015 2683
2015 2699
2015 2729
2015 2821
2015 2881
2015 2948
2015 3033
2015 3113
2015 3129
2015 3151
2015 3187
2015 3198
2015 3220
2015 3485
2015 3521
2015 3586
2015 3728
2015 3737
2015 3767
2015 3849
2015 3857
2015 3977
2015 4132
2015 4188
2015 4193
2015 4196
2015 4312
2015 4313
2015 4341
2015 4370
2015 4383
2015 4486
2016 2543
2016 2695
2016 3302
2016 3314
2017 2745
2017 3031
2017 3117
2017 4015
2017 4110
2018 2059
2018 2170
2018 2215
2018 2339
2018 2452
2018 2500
2018 2512
2018 2515
2018 2829
2018 2921
2018 2942
2018 3158
2018 3188
2018 3364
2018 3427
2018 3441
2019 2225
2019 2313
2019 2879
2019 3091
2019 3113
2019 3483
2019 3495
2019 3523
2019 3526
2019 3870
2019 4064
2019 4411
2019 4484
2020 2169
2020 2283
2020 2333
2020 2347
2020 2493
2020 2570
2020 2894
2020 3012
2020 3179
2020 3218
2020 3240
2020 3381
2020 3445
2020 3449
2020 3518
2020 3581
2020 3768
2020 3830
2020 3845
2020 3966
2020 4027
2020 4035
2020 4187
2020 4302
2021 2133
2021 2739
2021 2762
2021 2890
2021 2958
2021 2965
2021 3006
2021 3618
2021 3716
2021 3731
2021 3775
2021 3909
2021 4015
2021 4087
2021 4337
2021 4349
2021 4357
2022 2413
2022 2777
2022 3084
2022 3113
2023 2511
2023 2534
2023 2673
2023 2742
2023 2968
2023 3074
2023 3310
2023 3592
2023 3640
2023 3856
2024 2059
2024 2215
2024 2339
2024 2437
2024 2515
2024 2921
2024 2942
2024 3026
2024 3158
2024 3193
2024 3364
2024 3649
2025 2034
2025 2056
2025 2101
2025 2119
2025 2121
2025 2141
2025 2157
2025 2281
2025 2316
2025 2321
2025 2351
2025 2378
2025 2390
2025 2436
2025 2441
2025 2468
2025 2484
2025 2487
2025 2491
2025 2520
2025 2540
2025 2550
2025 2579
2025 2634
2025 2650
2025 2669
2025 2676
2025 2684
2025 2685
2025 2744
2025 2804
2025 2860
2025 2997
2025 3063
2025 3113
2025 3235
2025 3271
2025 3282
2025 3285
2025 3307
2025 3309
2025 3344
2025 3351
2025 3442
2025 3481
2025 3496
2025 3535
2025 3553
2025 3598
2025 3606
2025 3691
2025 3749
2025 3769
2025 3777
2025 3849
2025 3874
2025 3924
2025 3931
2025 3973
2025 4094
2025 4104
2025 4115
2025 4119
2025 4128
2025 4230
2025 4317
2025 4342
2025 4367
2025 4387
2025 4451
2025 4457
2025 4459
2026 2231
2026 2275
2026 2560
2026 2593
2026 2851
2026 3156
2026 3283
2026 3376
2026 3473
2026 3522
2026 4015
2026 4340
2027 2105
2027 2177
2027 2474
2027 2662
2027 2917
2027 2927
2027 2939
2027 3241
2027 3778
2027 3880
2027 4412
2028 2037
2028 2071
2028 2130
2028 2149
2028 2155
2028 2199
2028 2270
2028 2334
2028 2357
2028 2385
2028 2404
2028 2430
2028 2453
2028 2501
2028 2555
2028 2589
2028 2614
2028 2628
2028 2631
2028 2648
2028 2649
2028 2656
2028 2744
2028 2751
2028 2771
2028 2781
2028 2830
2028 2849
2028 2850
2028 2867
2028 2920
2028 2954
2028 2961
2028 3010
2028 3011
2028 3017
2028 3020
2028 3024
2028 3034
2028 3051
2028 3058
2028 3064
2028 3082
2028 3108
2028 3123
2028 3131
2028 3147
2028 3178
2028 3189
2028 3194
2028 3195
2028 3213
2028 3237
2028 3252
2028 3265
2028 3275
2028 3290
2028 3321
2028 3331
2028 3369
2028 3404
2028 3406
2028 3436
2028 3444
2028 3446
2028 3501
2028 3519
2028 3541
2028 3565
2028 3589
2028 3638
2028 3666
2028 3678
2028 3697
2028 3742
2028 3758
2028 3762
2028 3776
2028 3837
2028 3875
2028 3950
2028 3983
2028 4067
2028 4076
2028 4095
2028 4115
2028 4139
2028 4240
2028 4250
2028 4272
2028 4317
2028 4326
2028 4331
2028 4347
2028 4377
2028 4425
2028 4431
2028 4432
2028 4475
2028 4482
2029 2044
2029 2046
2029 2065
2029 2113
2029 2206
2029 2232
2029 2287
2029 2290
2029 2309
2029 2356
2029 2372
2029 2398
2029 2473
2029 2499
2029 2600
2029 2658
2029 2686
2029 2735
2029 2755
2029 2758
2029 2776
2029 2787
2029 2794
2029 2822
2029 2833
2029 2837
2029 2858
2029 2899
2029 2910
2029 2918
2029 2924
2029 3051
2029 3082
2029 3107
2029 3112
2029 3138
2029 3162
2029 3258
2029 3260
2029 3293
2029 3327
2029 3365
2029 3408
2029 3487
2029 3564
2029 3604
2029 3611
2029 3675
2029 3685
2029 3706
2029 3708
2029 3723
2029 3724
2029 3854
2029 3970
2029 3991
2029 3996
2029 4080
2029 4090
2029 4095
2029 4145
2029 4146
2029 4154
2029 4219
2029 4259
2029 4287
2029 4294
2029 4325
2029 4346
2029 4398
2029 4410
2029 4454
2029 4478
2030 2396
2030 2449
2030 2506
2030 2507
2030 2637
2030 2768
2030 2802
2030 2854
2030 2866
2030 2971
2030 3095
2030 3326
2030 3468
2030 3476
2030 3531
2030 3595
2030 3600
2030 3633
2030 3673
2030 3745
2030 3910
2030 3997
2030 4041
2030 4204
2030 4430
2031 2240
2031 2277
2031 2327
2031 3811
2032 2058
2032 2087
2032 2120
2032 2126
2032 2175
2032 2188
2032 2204
2032 2209
2032 2234
2032 2308
2032 2315
2032 2332
2032 2336
2032 2349
2032 2419
2032 2421
2032 2438
2032 2443
2032 2467
2032 2557
2032 2608
2032 2626
2032 2687
2032 2701
2032 2717
2032 2868
2032 2882
2032 2950
2032 2974
2032 3067
2032 3110
2032 3204
2032 3217
2032 3226
2032 3230
2032 3231
2032 3247
2032 3257
2032 3303
2032 3426
2032 3451
2032 3468
2032 3534
2032 3601
2032 3609
2032 3681
2032 3750
2032 3759
2032 3773
2032 3787
2032 3817
2032 3936
2032 3954
2032 4024
2032 4069
2032 4089
2032 4141
2032 4215
2032 4235
2032 4239
2032 4251
2032 4253
2032 4256
2032 4273
2032 4277
2032 4306
2032 4322
2032 4361
2032 4467
2033 2371
2033 2711
2033 2791
2033 2802
2033 3004
2033 3358
2033 3468
2033 3645
2033 3846
2034 2135
2034 2313
2034 2860
2034 2997
2034 3113
2034 3691
2034 3881
2035 2190
2035 2690
2035 3040
2035 3227
2035 3468
2035 3681
2035 4014
2035 4024
2035 4097
2035 4358
2035 4436
2036 2280
2036 2472
2036 2795
2036 2859
2036 2878
2036 2933
2036 2947
2036 3031
2036 3097
2036 3571
2036 3796
2036 3804
2036 4015
2036 4082
2036 4085
2036 4189
2036 4305
2036 4395
2037 2041
2037 2061
2037 2071
2037 2114
2037 2130
2037 2149
2037 2155
2037 2166
2037 2199
2037 2200
2037 2241
2037 2270
2037 2334
2037 2357
2037 2404
2037 2430
2037 2453
2037 2491
2037 2501
2037 2555
2037 2556
2037 2583
2037 2589
2037 2592
2037 2612
2037 2614
2037 2628
2037 2631
2037 2648
2037 2649
2037 2656
2037 2751
2037 2771
2037 2773
2037 2781
2037 2824
2037 2830
2037 2850
2037 2863
2037 2867
2037 2920
2037 2954
2037 3010
2037 3011
2037 3017
2037 3020
2037 3023
2037 3034
2037 3058
2037 3082
2037 3123
2037 3131
2037 3171
2037 3178
2037 3189
2037 3194
2037 3213
2037 3234
2037 3237
2037 3252
2037 3265
2037 3275
2037 3290
2037 3321
2037 3331
2037 3404
2037 3405
2037 3406
2037 3413
2037 3436
2037 3501
2037 3519
2037 3541
2037 3565
2037 3583
2037 3589
2037 3638
2037 3654
2037 3666
2037 3678
2037 3697
2037 3742
2037 3758
2037 3762
2037 3776
2037 3777
2037 3848
2037 3875
2037 3908
2037 3950
2037 3983
2037 4076
2037 4095
2037 4097
2037 4115
2037 4134
2037 4139
2037 4181
2037 4240
2037 4242
2037 4250
2037 4272
2037 4307
2037 4309
2037 4316
2037 4326
2037 4330
2037 4347
2037 4360
2037 4377
2037 4425
2037 4431
2037 4432
2037 4470
2037 4482
2038 2186
2038 2541
2038 2604
2038 2987
2038 3384
2038 3945
2038 4002
2038 4065
2038 4262
2038 4334
2039 4015
2039 4049
2040 2089
2040 2129
2040 2461
2040 2506
2040 2632
2040 2637
2040 2674
2040 2682
2040 2789
2040 2800
2040 2802
2040 2913
2040 3015
2040 3095
2040 3176
2040 3244
2040 3378
2040 3468
2040 3603
2040 3629
2040 3673
2040 3747
2040 3836
2040 3906
2040 4151
2040 4166
2040 4214
2040 4241
2040 4266
2040 4405
2040 4421
2040 4438
2040 4448
2041 2556
2041 2612
2041 2787
2041 2824
2041 3010
2041 3058
2041 3111
2041 3678
2041 3685
2041 4023
2041 4309
2042 2093
2042 2230
2042 2281
2042 2354
2042 2378
2042 2380
2042 2441
2042 2468
2042 2520
2042 2804
2042 3113
2042 3471
2042 3528
2042 3573
2042 3924
2042 3931
2042 4169
2042 4290
2042 4327
2042 4342
2042 4381
2042 4451
2042 4457
2042 4459
2043 2283
2043 2333
2043 2680
2043 3674
2043 3798
2043 3858
2043 3933
2043 4106
2043 4269
2044 2046
2044 2066
2044 2068
2044 2083
2044 2112
2044 2113
2044 2232
2044 2356
2044 2372
2044 2459
2044 2495
2044 2499
2044 2572
2044 2617
2044 2672
2044 2686
2044 2755
2044 2776
2044 2787
2044 2794
2044 2810
2044 2822
2044 2837
2044 2858
2044 2910
2044 3082
2044 3104
2044 3107
2044 3112
2044 3162
2044 3232
2044 3237
2044 3365
2044 3386
2044 3408
2044 3445
2044 3505
2044 3564
2044 3576
2044 3604
2044 3611
2044 3685
2044 3706
2044 3718
2044 4005
2044 4058
2044 4095
2044 4145
2044 4208
2044 4234
2044 4259
2044 4269
2044 4294
2044 4398
2044 4410
2045 2096
2045 2379
2045 2580
2045 2591
2045 2825
2045 3113
2045 3126
2045 3128
2045 3844
2045 4158
2045 4303
2045 4344
2045 4418
2046 2068
2046 2113
2046 2179
2046 2206
2046 2232
2046 2276
2046 2287
2046 2290
2046 2297
2046 2309
2046 2356
2046 2358
2046 2398
2046 2459
2046 2495
2046 2566
2046 2572
2046 2600
2046 2658
2046 2672
2046 2686
2046 2702
2046 2744
2046 2755
2046 2758
2046 2776
2046 2787
2046 2810
2046 2858
2046 2899
2046 2910
2046 2924
2046 2950
2046 3038
2046 3138
2046 3162
2046 3183
2046 3246
2046 3260
2046 3293
2046 3327
2046 3365
2046 3408
2046 3425
2046 3487
2046 3505
2046 3564
2046 3569
2046 3604
2046 3611
2046 3685
2046 3706
2046 3708
2046 3718
2046 3724
2046 3800
2046 3833
2046 4023
2046 4058
2046 4060
2046 4067
2046 4080
2046 4095
2046 4131
2046 4145
2046 4154
2046 4219
2046 4258
2046 4259
2046 4260
2046 4287
2046 4293
2046 4294
2046 4346
2046 4398
2046 4406
2046 4410
2046 4454
2046 4461
2046 4478
2047 2071
2047 2270
2047 2309
2047 2558
2047 2628
2047 2747
2047 2904
2047 3837
2047 3897
2047 4117
2047 4326
2048 2497
2048 2859
2048 3796
2048 4015
2049 2088
2049 2115
2049 2130
2049 2149
2049 2155
2049 2206
2049 2249
2049 2309
2049 2415
2049 2619
2049 2622
2049 2837
2049 2910
2049 2954
2049 3034
2049 3113
2049 3151
2049 3246
2049 3331
2049 3611
2049 3654
2049 3762
2049 3776
2049 3848
2049 3899
2049 4008
2049 4042
2049 4076
2049 4188
2049 4250
2049 4270
2049 4272
2049 4307
2049 4312
2049 4316
2049 4377
2050 2120
2050 2204
2050 2257
2050 2308
2050 2343
2050 2350
2050 2360
2050 2419
2050 2443
2050 2544
2050 2597
2050 2624
2050 2941
2050 3016
2050 3048
2050 3055
2050 3070
2050 3100
2050 3104
2050 3186
2050 3204
2050 3231
2050 3238
2050 3257
2050 3274
2050 3302
2050 3325
2050 3451
2050 3468
2050 3563
2050 3732
2050 3750
2050 3868
2050 3873
2050 3916
2050 3925
2050 3935
2050 3954
2050 4002
2050 4078
2050 4089
2050 4231
2050 4315
2050 4350
2050 4415
2050 4471
2051 2711
2051 3468
2052 2145
2052 3216
2052 3512
2052 3995
2052 4015
2053 2082
2053 2144
2053 2225
2053 2364
2053 2603
2053 2663
2053 2827
2053 2848
2053 3041
2053 3052
2053 3091
2053 3113
2053 3163
2053 3388
2053 3450
2053 3483
2053 3523
2053 3526
2053 3660
2053 3993
2053 4011
2053 4084
2053 4116
2054 2058
2054 2087
2054 2308
2054 2687
2054 2717
2054 2761
2054 2868
2054 2969
2054 2974
2054 3054
2054 3110
2054 3303
2054 3403
2054 3426
2054 3451
2054 3468
2054 3750
2054 3773
2054 4235
2054 4239
2054 4277
2054 4467
2055 2060
2055 2082
2055 2890
2055 2958
2055 3493
2055 3618
2055 4015
2055 4357
2056 2088
2056 2178
2056 2287
2056 2422
2056 2450
2056 2589
2056 2648
2056 2666
2056 2669
2056 2755
2056 2822
2056 2948
2056 3034
2056 3058
2056 3100
2056 3194
2056 3275
2056 3487
2056 3519
2056 3615
2056 3728
2056 3737
2056 3739
2056 3899
2056 4262
2056 4383
2056 4486
2057 2215
2057 2437
2057 3026
2057 4386
2058 2087
2058 2175
2058 2188
2058 2308
2058 2438
2058 2687
2058 2717
2058 2882
2058 2974
2058 3022
2058 3054
2058 3110
2058 3303
2058 3332
2058 3426
2058 3462
2058 3468
2058 3525
2058 3688
2058 3773
2058 3954
2058 4251
2058 4277
2058 4322
2058 4415
2058 4416
2058 4467
2059 2170
2059 2320
2059 2339
2059 2452
2059 2585
2059 2829
2059 2921
2059 2942
2059 3000
2059 3158
2059 3188
2059 3272
2059 3364
2059 3427
2059 3441
2059 3734
2059 4252
2059 4423
2060 2890
2060 2958
2060 3152
2060 3545
2060 3618
2060 4015
2060 4133
2060 4357
2061 2115
2061 2123
2061 2155
2061 2363
2061 2435
2061 2543
2061 2755
2061 2888
2061 2954
2061 3113
2061 3189
2061 3556
2061 3819
2061 3890
2061 4023
2061 4076
2062 2235
2062 2248
2062 2623
2062 2708
2062 2866
2062 2913
2062 3015
2062 3214
2062 3244
2062 3270
2062 3462
2062 3629
2062 3633
2062 3682
2062 3819
2062 3910
2062 3912
2062 3982
2062 4151
2062 4310
2062 4405
2062 4438
2063 2118
2063 2171
2063 2183
2063 2208
2063 2222
2063 2229
2063 2260
2063 2284
2063 2302
2063 2341
2063 2470
2063 2517
2063 2518
2063 2596
2063 2620
2063 2669
2063 2804
2063 2823
2063 2934
2063 2957
2063 2990
2063 2994
2063 3007
2063 3008
2063 3014
2063 3043
2063 3093
2063 3113
2063 3150
2063 3164
2063 3210
2063 3241
2063 3280
2063 3442
2063 3503
2063 3540
2063 3560
2063 3613
2063 3625
2063 3648
2063 3670
2063 3853
2063 3934
2063 4011
2063 4039
2063 4055
2063 4077
2063 4088
2063 4108
2063 4114
2063 4195
2063 4246
2063 4265
2063 4343
2063 4402
2063 4412
2063 4435
2064 3468
2064 3825
2065 2071
2065 2083
2065 2113
2065 2149
2065 2182
2065 2208
2065 2954
2065 3113
2065 3468
2065 3611
2065 3685
2065 3737
2065 4270
2065 4465
2065 4469
2065 4478
2066 2147
2066 2212
2066 3381
2067 2189
2067 2406
2067 2444
2067 2615
2067 2691
2067 2798
2067 3262
2067 3543
2067 3585
2067 3807
2067 3895
2067 3957
2067 4217
2067 4245
2067 4382
2068 2179
2068 2184
2068 2196
2068 2206
2068 2287
2068 2290
2068 2309
2068 2358
2068 2429
2068 2459
2068 2495
2068 2600
2068 2617
2068 2702
2068 2721
2068 2755
2068 2758
2068 2787
2068 2810
2068 2856
2068 2899
2068 2924
2068 3038
2068 3082
2068 3106
2068 3138
2068 3209
2068 3246
2068 3260
2068 3293
2068 3365
2068 3425
2068 3487
2068 3505
2068 3569
2068 3611
2068 3685
2068 3706
2068 3718
2068 3899
2068 4023
2068 4058
2068 4145
2068 4234
2068 4258
2068 4294
2068 4398
2068 4454
2068 4461
2069 2226
2069 2285
2069 2301
2069 2420
2069 2442
2069 2476
2069 2659
2069 2699
2069 2784
2069 2948
2069 3033
2069 3076
2069 3113
2069 3264
2069 3452
2069 3464
2069 3521
2069 3528
2069 3586
2069 3696
2069 3715
2069 3739
2069 3819
2069 3893
2069 3975
2069 4113
2069 4185
2069 4188
2069 4193
2069 4236
2069 4298
2069 4313
2069 4488
2070 3685
2070 3722
2071 2114
2071 2130
2071 2149
2071 2155
2071 2270
2071 2334
2071 2357
2071 2404
2071 2430
2071 2453
2071 2555
2071 2558
2071 2583
2071 2589
2071 2628
2071 2631
2071 2648
2071 2649
2071 2656
2071 2734
2071 2747
2071 2751
2071 2781
2071 2830
2071 2850
2071 2863
2071 2867
2071 2869
2071 2901
2071 2904
2071 2950
2071 2954
2071 3009
2071 3010
2071 3017
2071 3020
2071 3023
2071 3024
2071 3034
2071 3051
2071 3058
2071 3064
2071 3082
2071 3123
2071 3131
2071 3178
2071 3189
2071 3194
2071 3195
2071 3213
2071 3237
2071 3252
2071 3265
2071 3275
2071 3321
2071 3343
2071 3404
2071 3406
2071 3413
2071 3501
2071 3519
2071 3541
2071 3565
2071 3638
2071 3643
2071 3654
2071 3666
2071 3678
2071 3697
2071 3736
2071 3742
2071 3762
2071 3776
2071 3837
2071 3848
2071 3875
2071 3908
2071 3950
2071 3983
2071 3987
2071 4076
2071 4095
2071 4117
2071 4134
2071 4139
2071 4240
2071 4242
2071 4250
2071 4272
2071 4307
2071 4309
2071 4316
2071 4326
2071 4330
2071 4347
2071 4360
2071 4377
2071 4425
2071 4431
2071 4441
2071 4450
2071 4470
2071 4482
2071 4483
2072 2386
2072 3304
2072 3574
2072 3581
2072 3725
2072 4015
2072 4029
2073 2471
2073 2613
2073 2697
2073 3113
2073 3662
2073 4006
2073 4068
2074 2403
2074 2657
2074 2793
2074 3384
2074 3468
2074 3633
2075 2173
2075 2193
2075 2280
2075 2317
2075 2472
2075 2859
2075 3031
2075 3094
2075 3097
2075 3254
2075 3302
2075 3374
2075 3740
2075 3796
2075 3804
2075 3896
2075 4015
2075 4082
2075 4085
2075 4110
2075 4189
2075 4305
2075 4395
2076 2539
2076 2705
2076 2842
2076 2995
2076 3140
2076 3222
2076 3301
2076 3455
2076 3498
2076 3555
2076 4285
2077 2174
2078 2146
2078 2160
2078 2318
2078 2462
2078 2471
2078 2562
2078 2998
2078 3113
2078 3363
2078 3390
2078 3520
2078 3527
2079 2382
2079 2626
2079 2935
2079 2941
2079 3438
2079 3468
2079 3510
2079 4254
2079 4361
2079 4419
2080 2096
2080 2364
2080 3113
2080 4075
2080 4392
2081 2122
2081 2296
2081 2386
2081 2859
2081 3086
2081 3387
2081 3574
2081 3705
2081 3727
2081 3741
2081 4015
2082 2859
2082 3148
2082 3812
2082 3906
2082 3948
2082 4390
2083 2112
2083 2196
2083 2205
2083 2206
2083 2215
2083 2252
2083 2272
2083 2287
2083 2289
2083 2398
2083 2485
2083 2494
2083 2499
2083 2515
2083 2565
2083 2584
2083 2600
2083 2651
2083 2654
2083 2755
2083 2758
2083 2774
2083 2787
2083 2794
2083 2822
2083 2849
2083 2856
2083 2858
2083 2899
2083 2910
2083 2911
2083 2921
2083 2961
2083 2988
2083 3035
2083 3038
2083 3082
2083 3107
2083 3108
2083 3124
2083 3137
2083 3138
2083 3158
2083 3162
2083 3183
2083 3232
2083 3258
2083 3293
2083 3308
2083 3335
2083 3338
2083 3343
2083 3365
2083 3386
2083 3414
2083 3487
2083 3490
2083 3506
2083 3557
2083 3569
2083 3575
2083 3590
2083 3611
2083 3643
2083 3685
2083 3707
2083 3708
2083 3718
2083 3736
2083 3832
2083 3899
2083 3911
2083 3999
2083 4005
2083 4023
2083 4037
2083 4057
2083 4060
2083 4129
2083 4145
2083 4219
2083 4259
2083 4346
2083 4399
2083 4410
2083 4440
2083 4454
2083 4461
2083 4465
2083 4478
2083 4481
2084 2151
2084 2203
2084 2343
2084 2538
2084 2599
2084 2608
2084 2626
2084 2940
2084 3160
2084 3204
2084 3205
2084 3297
2084 3409
2084 3434
2084 3468
2084 3622
2084 3642
2084 3732
2084 3733
2084 3750
2084 3925
2084 4141
2084 4171
2084 4393
2085 2302
2085 2414
2085 2517
2085 2932
2085 3113
2085 3491
2085 3713
2085 3722
2085 4003
2086 2135
2086 2233
2086 2341
2086 2664
2086 2804
2086 3053
2086 3113
2086 3164
2086 3185
2086 3388
2086 3410
2086 3503
2086 3570
2086 3660
2086 3771
2086 3870
2086 4011
2086 4109
2086 4402
2087 2126
2087 2308
2087 2687
2087 2717
2087 3219
2087 3248
2087 3303
2087 3403
2087 3426
2087 3468
2087 4184
2087 4277
2087 4322
2087 4467
2088 2104
2088 2115
2088 2123
2088 2178
2088 2226
2088 2249
2088 2298
2088 2301
2088 2387
2088 2414
2088 2442
2088 2480
2088 2496
2088 2525
2088 2535
2088 2537
2088 2564
2088 2598
2088 2629
2088 2660
2088 2664
2088 2784
2088 2821
2088 2855
2088 2948
2088 3033
2088 3076
2088 3111
2088 3113
2088 3129
2088 3132
2088 3147
2088 3151
2088 3185
2088 3187
2088 3191
2088 3198
2088 3220
2088 3392
2088 3432
2088 3478
2088 3528
2088 3562
2088 3586
2088 3643
2088 3647
2088 3713
2088 3737
2088 3739
2088 3767
2088 3782
2088 3819
2088 3961
2088 3977
2088 4020
2088 4021
2088 4042
2088 4090
2088 4147
2088 4153
2088 4188
2088 4193
2088 4196
2088 4212
2088 4262
2088 4270
2088 4298
2088 4312
2088 4313
2088 4317
2088 4370
2088 4383
2088 4441
2088 4479
2088 4488
2089 2134
2089 2188
2089 2198
2089 2209
2089 2396
2089 2553
2089 2632
2089 2674
2089 2802
2089 2868
2089 2913
2089 2971
2089 3015
2089 3016
2089 3048
2089 3244
2089 3326
2089 3468
2089 3603
2089 3629
2089 3747
2089 3789
2089 3792
2089 4135
2089 4214
2089 4222
2089 4241
2089 4264
2089 4266
2089 4361
2089 4448
2090 2127
2090 2197
2090 2312
2090 2454
2090 2543
2090 3507
2090 3582
2090 3818
2090 4051
2090 4156
2090 4173
2091 3113
2091 3126
2091 3128
2091 3549
2091 4158
2091 4418
2092 2208
2092 2284
2092 2417
2092 2521
2092 2664
2092 2669
2092 2804
2092 3013
2092 3113
2092 3503
2092 3648
2092 3822
2092 3934
2092 3949
2092 4055
2092 4265
2093 2230
2093 2281
2093 2316
2093 2378
2093 2380
2093 2441
2093 2468
2093 2804
2093 3113
2093 3271
2093 3282
2093 3285
2093 3471
2093 3573
2093 3931
2093 4169
2093 4209
2093 4381
2093 4451
2093 4457
2093 4459
2094 2395
2094 2472
2094 2551
2094 2739
2094 2745
2094 2859
2094 2956
2094 3031
2094 3037
2094 3097
2094 3117
2094 3254
2094 3716
2094 3796
2094 3896
2094 4015
2094 4082
2094 4085
2094 4304
2094 4305
2094 4337
2094 4395
2095 2238
2095 2285
2095 2387
2095 2392
2095 2450
2095 2594
2095 2619
2095 2622
2095 2659
2095 2678
2095 2696
2095 2698
2095 2699
2095 2726
2095 2727
2095 2813
2095 2880
2095 3111
2095 3113
2095 3129
2095 3181
2095 3187
2095 3264
2095 3311
2095 3430
2095 3478
2095 3646
2095 3737
2095 3767
2095 3782
2095 3812
2095 3819
2095 3859
2095 3878
2095 3897
2095 3975
2095 4043
2095 4056
2095 4138
2095 4185
2095 4194
2095 4236
2095 4262
2095 4270
2095 4298
2095 4312
2095 4313
2095 4389
2095 4469
2095 4486
2096 2817
2096 3113
2096 3206
2096 3939
2096 4075
2096 4158
2096 4355
2096 4392
2097 2111
2097 2254
2097 3113
2098 2104
2098 2115
2098 2178
2098 2182
2098 2238
2098 2285
2098 2298
2098 2305
2098 2387
2098 2415
2098 2420
2098 2422
2098 2446
2098 2450
2098 2476
2098 2480
2098 2526
2098 2535
2098 2564
2098 2594
2098 2598
2098 2619
2098 2622
2098 2652
2098 2659
2098 2660
2098 2678
2098 2699
2098 2726
2098 2740
2098 2743
2098 2821
2098 2855
2098 2948
2098 2975
2098 3033
2098 3076
2098 3084
2098 3113
2098 3129
2098 3147
2098 3170
2098 3181
2098 3187
2098 3198
2098 3264
2098 3299
2098 3343
2098 3392
2098 3417
2098 3432
2098 3436
2098 3515
2098 3521
2098 3528
2098 3647
2098 3708
2098 3715
2098 3728
2098 3767
2098 3777
2098 3784
2098 3791
2098 3819
2098 3854
2098 3860
2098 3878
2098 3897
2098 3961
2098 3977
2098 4008
2098 4020
2098 4042
2098 4052
2098 4056
2098 4138
2098 4147
2098 4153
2098 4174
2098 4185
2098 4262
2098 4270
2098 4298
2098 4319
2098 4383
2098 4433
2098 4469
2098 4479
2098 4486
2099 2157
2099 2164
2099 2281
2099 2316
2099 2550
2099 3101
2099 3113
2099 3355
2099 3553
2099 4100
2099 4379
2099 4459
2100 2133
2100 2890
2100 2965
2100 3006
2100 3579
2100 3711
2100 3731
2100 3909
2100 4015
2100 4087
2100 4182
2100 4349
2100 4368
2100 4373
2101 2119
2101 2121
2101 2269
2101 2321
2101 2390
2101 2436
2101 2484
2101 2540
2101 2579
2101 2634
2101 2650
2101 2676
2101 2684
2101 2685
2101 2997
2101 3063
2101 3113
2101 3235
2101 3285
2101 3344
2101 3481
2101 3535
2101 3598
2101 3691
2101 3748
2101 3749
2101 3819
2101 3849
2101 3973
2101 4094
2101 4119
2101 4128
2101 4387
2102 2147
2102 2212
2102 3318
2103 2288
2103 2431
2103 2528
2103 2689
2103 2867
2103 3458
2103 3786
2103 4023
2103 4157
2103 4216
2103 4232
2103 4432
2104 2115
2104 2123
2104 2178
2104 2182
2104 2227
2104 2249
2104 2298
2104 2414
2104 2420
2104 2422
2104 2483
2104 2564
2104 2594
2104 2629
2104 2834
2104 2855
2104 2937
2104 2948
2104 2992
2104 3033
2104 3061
2104 3111
2104 3113
2104 3129
2104 3151
2104 3181
2104 3198
2104 3220
2104 3430
2104 3432
2104 3485
2104 3560
2104 3728
2104 3737
2104 3767
2104 3977
2104 4008
2104 4020
2104 4021
2104 4132
2104 4153
2104 4196
2104 4312
2104 4313
2104 4341
2104 4370
2104 4383
2104 4469
2105 4015
2106 2514
2106 2974
2106 3045
2106 3312
2106 3361
2106 3468
2106 3510
2106 3780
2106 3919
2106 3925
2106 4026
2107 2217
2107 3078
2107 3294
2107 3342
2107 4285
2107 4445
2108 2571
2108 2731
2108 2974
2108 3215
2108 3227
2108 3368
2108 3468
2108 3658
2108 3681
2108 3759
2108 3792
2108 4024
2108 4253
2108 4436
2109 4171
2110 3113
2110 3549
2111 2765
2111 3113
2111 3814
2112 2153
2112 2163
2112 2252
2112 2272
2112 2289
2112 2439
2112 2494
2112 2700
2112 2753
2112 3035
2112 3137
2112 3232
2112 3237
2112 3295
2112 3335
2112 3338
2112 3460
2112 3490
2112 3550
2112 3575
2112 3604
2112 3626
2112 3781
2112 3828
2112 3829
2112 3933
2112 3999
2112 4005
2112 4129
2112 4294
2112 4346
2112 4399
2112 4440
2112 4449
2112 4455
2112 4472
2113 2114
2113 2287
2113 2309
2113 2356
2113 2431
2113 2459
2113 2485
2113 2555
2113 2572
2113 2592
2113 2649
2113 2658
2113 2672
2113 2686
2113 2755
2113 2758
2113 2776
2113 2787
2113 2794
2113 2806
2113 2899
2113 2901
2113 2910
2113 2918
2113 2950
2113 3038
2113 3067
2113 3082
2113 3099
2113 3112
2113 3138
2113 3162
2113 3194
2113 3225
2113 3253
2113 3258
2113 3293
2113 3408
2113 3436
2113 3487
2113 3505
2113 3564
2113 3685
2113 3708
2113 3724
2113 3829
2113 3899
2113 4023
2113 4037
2113 4058
2113 4060
2113 4080
2113 4124
2113 4131
2113 4154
2113 4219
2113 4240
2113 4259
2113 4272
2113 4287
2113 4292
2113 4296
2113 4326
2113 4331
2113 4332
2113 4398
2113 4410
2113 4454
2113 4465
2113 4478
2114 2155
2114 2166
2114 2199
2114 2241
2114 2270
2114 2334
2114 2357
2114 2404
2114 2431
2114 2555
2114 2589
2114 2592
2114 2628
2114 2649
2114 2656
2114 2665
2114 2689
2114 2771
2114 2830
2114 2838
2114 2850
2114 2863
2114 2920
2114 2954
2114 3010
2114 3017
2114 3020
2114 3023
2114 3024
2114 3058
2114 3131
2114 3135
2114 3194
2114 3213
2114 3225
2114 3237
2114 3252
2114 3265
2114 3275
2114 3404
2114 3413
2114 3506
2114 3541
2114 3565
2114 3583
2114 3589
2114 3666
2114 3678
2114 3697
2114 3736
2114 3742
2114 3758
2114 3762
2114 3776
2114 3837
2114 3848
2114 3950
2114 4181
2114 4240
2114 4250
2114 4272
2114 4296
2114 4309
2114 4316
2114 4326
2114 4332
2114 4347
2114 4377
2114 4403
2114 4425
2114 4432
2114 4450
2114 4483
2115 2123
2115 2135
2115 2176
2115 2178
2115 2182
2115 2226
2115 2227
2115 2238
2115 2249
2115 2298
2115 2301
2115 2363
2115 2366
2115 2385
2115 2387
2115 2392
2115 2414
2115 2420
2115 2422
2115 2423
2115 2435
2115 2442
2115 2450
2115 2456
2115 2480
2115 2496
2115 2535
2115 2564
2115 2594
2115 2598
2115 2622
2115 2629
2115 2652
2115 2659
2115 2698
2115 2699
2115 2726
2115 2727
2115 2732
2115 2734
2115 2740
2115 2743
2115 2784
2115 2801
2115 2805
2115 2821
2115 2834
2115 2855
2115 2888
2115 2909
2115 2948
2115 2950
2115 2992
2115 3005
2115 3033
2115 3053
2115 3061
2115 3076
2115 3084
2115 3111
2115 3113
2115 3124
2115 3129
2115 3151
2115 3181
2115 3185
2115 3187
2115 3196
2115 3198
2115 3202
2115 3220
2115 3264
2115 3299
2115 3349
2115 3392
2115 3417
2115 3430
2115 3432
2115 3464
2115 3478
2115 3515
2115 3521
2115 3528
2115 3556
2115 3562
2115 3586
2115 3615
2115 3647
2115 3710
2115 3715
2115 3728
2115 3736
2115 3737
2115 3739
2115 3767
2115 3782
2115 3784
2115 3791
2115 3802
2115 3819
2115 3842
2115 3850
2115 3857
2115 3878
2115 3890
2115 3893
2115 3897
2115 3961
2115 3977
2115 3998
2115 4008
2115 4020
2115 4021
2115 4040
2115 4042
2115 4052
2115 4067
2115 4131
2115 4147
2115 4153
2115 4174
2115 4188
2115 4193
2115 4196
2115 4236
2115 4270
2115 4290
2115 4298
2115 4312
2115 4313
2115 4317
2115 4341
2115 4370
2115 4374
2115 4383
2115 4422
2115 4469
2115 4486
2115 4488
2116 3125
2116 3204
2116 3368
2116 3468
2116 3492
2116 3658
2116 4024
2116 4253
2116 4436
2117 2986
2117 3917
2118 2804
2118 3043
2118 4378
2118 4412
2119 2269
2119 2281
2119 2436
2119 2533
2119 2634
2119 3113
2119 3235
2119 3285
2119 3307
2119 3439
2119 3598
2119 3749
2119 3973
2119 4094
2119 4367
2120 2204
2120 2253
2120 2257
2120 2308
2120 2332
2120 2343
2120 2350
2120 2360
2120 2383
2120 2419
2120 2443
2120 2544
2120 2597
2120 2599
2120 2608
2120 2624
2120 2641
2120 2761
2120 2940
2120 2941
2120 3048
2120 3055
2120 3070
2120 3100
2120 3104
2120 3186
2120 3204
2120 3205
2120 3226
2120 3231
2120 3238
2120 3257
2120 3297
2120 3303
2120 3325
2120 3409
2120 3451
2120 3468
2120 3609
2120 3612
2120 3622
2120 3643
2120 3732
2120 3750
2120 3773
2120 3787
2120 3868
2120 3873
2120 3916
2120 3925
2120 3935
2120 3954
2120 3991
2120 4002
2120 4078
2120 4089
2120 4103
2120 4146
2120 4225
2120 4239
2120 4255
2120 4306
2120 4315
2120 4350
2120 4361
2120 4393
2120 4415
2120 4467
2120 4471
2121 2351
2121 2436
2121 2484
2121 2546
2121 2684
2121 2685
2121 2997
2121 3113
2121 3235
2121 3285
2121 3307
2121 3481
2121 3598
2121 3606
2121 3691
2121 3749
2121 3770
2121 3849
2121 3874
2121 4119
2121 4128
2122 2261
2122 2724
2122 2797
2122 2859
2122 2878
2122 3086
2122 3374
2122 3529
2122 3571
2122 3727
2122 4015
2122 4110
2123 2135
2123 2178
2123 2226
2123 2227
2123 2242
2123 2249
2123 2298
2123 2301
2123 2363
2123 2366
2123 2420
2123 2423
2123 2435
2123 2442
2123 2450
2123 2476
2123 2480
2123 2496
2123 2524
2123 2525
2123 2594
2123 2598
2123 2622
2123 2652
2123 2659
2123 2664
2123 2698
2123 2726
2123 2727
2123 2732
2123 2784
2123 2805
2123 2806
2123 2821
2123 2888
2123 2907
2123 2992
2123 3033
2123 3061
2123 3076
2123 3111
2123 3113
2123 3129
2123 3151
2123 3185
2123 3187
2123 3191
2123 3220
2123 3264
2123 3299
2123 3464
2123 3478
2123 3515
2123 3521
2123 3528
2123 3556
2123 3562
2123 3586
2123 3710
2123 3713
2123 3715
2123 3728
2123 3737
2123 3739
2123 3767
2123 3777
2123 3782
2123 3784
2123 3802
2123 3819
2123 3890
2123 3893
2123 3897
2123 3998
2123 4042
2123 4146
2123 4147
2123 4153
2123 4193
2123 4196
2123 4202
2123 4236
2123 4270
2123 4290
2123 4292
2123 4313
2123 4319
2123 4370
2123 4383
2123 4389
2123 4396
2123 4422
2123 4469
2123 4479
2123 4486
2123 4488
2124 3272
2124 3561
2125 2275
2125 2593
2125 3156
2125 3190
2125 3283
2125 3473
2125 3920
2125 4015
2126 2175
2126 2332
2126 2349
2126 2438
2126 2760
2126 2761
2126 2974
2126 3054
2126 3110
2126 3230
2126 3248
2126 3303
2126 3403
2126 3468
2126 3726
2126 3773
2126 4105
2126 4273
2126 4467
2127 2197
2127 2312
2127 2454
2127 2543
2127 3507
2127 3582
2127 3655
2127 3664
2127 3743
2127 4051
2127 4148
2127 4156
2128 2410
2128 2945
2128 4015
2129 2134
2129 2198
2129 2632
2129 2637
2129 2736
2129 2768
2129 2789
2129 2800
2129 2802
2129 2854
2129 2913
2129 2971
2129 2972
2129 3015
2129 3103
2129 3176
2129 3244
2129 3317
2129 3326
2129 3378
2129 3402
2129 3468
2129 3497
2129 3593
2129 3596
2129 3600
2129 3603
2129 3629
2129 3633
2129 3673
2129 3677
2129 3682
2129 3714
2129 3745
2129 3747
2129 3826
2129 3836
2129 3910
2129 3912
2129 3953
2129 4135
2129 4151
2129 4192
2129 4214
2129 4266
2129 4405
2129 4421
2130 2149
2130 2155
2130 2166
2130 2199
2130 2200
2130 2241
2130 2270
2130 2288
2130 2334
2130 2357
2130 2385
2130 2404
2130 2430
2130 2453
2130 2491
2130 2501
2130 2555
2130 2583
2130 2589
2130 2592
2130 2614
2130 2628
2130 2631
2130 2648
2130 2649
2130 2656
2130 2744
2130 2751
2130 2771
2130 2781
2130 2830
2130 2838
2130 2850
2130 2863
2130 2867
2130 2922
2130 2954
2130 3010
2130 3011
2130 3017
2130 3020
2130 3023
2130 3024
2130 3034
2130 3058
2130 3081
2130 3082
2130 3108
2130 3131
2130 3178
2130 3183
2130 3189
2130 3194
2130 3213
2130 3225
2130 3237
2130 3252
2130 3265
2130 3275
2130 3290
2130 3321
2130 3331
2130 3369
2130 3404
2130 3405
2130 3406
2130 3413
2130 3501
2130 3519
2130 3541
2130 3565
2130 3583
2130 3589
2130 3638
2130 3654
2130 3678
2130 3697
2130 3736
2130 3742
2130 3758
2130 3762
2130 3776
2130 3837
2130 3848
2130 3875
2130 3908
2130 3950
2130 3983
2130 4070
2130 4076
2130 4090
2130 4095
2130 4131
2130 4134
2130 4181
2130 4208
2130 4234
2130 4240
2130 4242
2130 4250
2130 4272
2130 4307
2130 4309
2130 4316
2130 4317
2130 4326
2130 4330
2130 4347
2130 4360
2130 4377
2130 4425
2130 4432
2130 4450
2130 4482
2131 2215
2131 2307
2131 2437
2131 2515
2131 3026
2131 3069
2131 3158
2131 3557
2132 2729
2132 3597
2133 2818
2133 2890
2133 2965
2133 3006
2133 3579
2133 3618
2133 3711
2133 3731
2133 3909
2133 3930
2133 4015
2133 4087
2133 4182
2133 4349
2133 4368
2133 4373
2133 4386
2134 2273
2134 2708
2134 2802
2134 2967
2134 2972
2134 3028
2134 3103
2134 3176
2134 3244
2134 3326
2134 3468
2134 3593
2134 3677
2134 3826
2134 3910
2134 3953
2134 4214
2134 4227
2134 4295
2134 4448
2135 2182
2135 2226
2135 2422
2135 2423
2135 2805
2135 3033
2135 3113
2135 3185
2135 3299
2135 3432
2135 3464
2135 3528
2135 3715
2135 3766
2135 3881
2135 3897
2135 3961
2135 3986
2135 4008
2135 4109
2135 4196
2135 4374
2135 4389
2135 4409
2136 2553
2136 3468
2136 4241
2136 4476
2137 2219
2137 2497
2137 2523
2137 2642
2137 2724
2137 2745
2137 2746
2137 2845
2137 2859
2137 2878
2137 2947
2137 3086
2137 3094
2137 3374
2137 3571
2137 3574
2137 3716
2137 3741
2137 3796
2137 3956
2137 4015
2137 4110
2137 4305
2138 2295
2138 2313
2138 2623
2138 2860
2138 2984
2138 3113
2138 3167
2138 3250
2138 3616
2138 3894
2138 4036
2138 4411
2138 4460
2138 4484
2139 2246
2139 2862
2139 3468
2139 4175
2139 4251
2139 4359
2141 2538
2142 2410
2142 2563
2142 2625
2142 2928
2142 3136
2142 3152
2142 4015
2142 4180
2142 4301
2143 3867
2144 2550
2144 2663
2144 3041
2144 3052
2144 3113
2144 3163
2144 3182
2144 3223
2144 3336
2144 3389
2144 3450
2144 3648
2144 3883
2144 4084
2144 4244
2144 4411
2144 4484
2145 3216
2145 3602
2145 3995
2145 4015
2146 2160
2146 2256
2146 2318
2146 2407
2146 2562
2146 2796
2146 2998
2146 3025
2146 3113
2146 3229
2146 3363
2146 3390
2146 3527
2146 3536
2146 3686
2146 4206
2146 4226
2146 4446
2146 4477
2147 2212
2147 2342
2147 3768
2147 4014
2147 4033
2148 2876
2148 3597
2148 3947
2149 2200
2149 2241
2149 2270
2149 2334
2149 2357
2149 2368
2149 2404
2149 2430
2149 2501
2149 2555
2149 2583
2149 2589
2149 2628
2149 2648
2149 2649
2149 2656
2149 2701
2149 2751
2149 2781
2149 2830
2149 2850
2149 2863
2149 2867
2149 2954
2149 3010
2149 3017
2149 3020
2149 3023
2149 3034
2149 3058
2149 3082
2149 3124
2149 3131
2149 3178
2149 3194
2149 3195
2149 3213
2149 3237
2149 3252
2149 3265
2149 3275
2149 3290
2149 3331
2149 3354
2149 3404
2149 3405
2149 3413
2149 3501
2149 3519
2149 3541
2149 3638
2149 3654
2149 3666
2149 3678
2149 3742
2149 3762
2149 3776
2149 3837
2149 3875
2149 3908
2149 3950
2149 4076
2149 4115
2149 4134
2149 4139
2149 4142
2149 4232
2149 4240
2149 4242
2149 4250
2149 4272
2149 4293
2149 4309
2149 4326
2149 4330
2149 4347
2149 4377
2149 4425
2149 4431
2149 4432
2150 4015
2151 2188
2151 2203
2151 2204
2151 2332
2151 2336
2151 2343
2151 2421
2151 2443
2151 2599
2151 2608
2151 2641
2151 2769
2151 2861
2151 2940
2151 3205
2151 3231
2151 3238
2151 3257
2151 3297
2151 3434
2151 3468
2151 3534
2151 3612
2151 3622
2151 3642
2151 3732
2151 3733
2151 3750
2151 3935
2151 4171
2151 4211
2151 4344
2151 4393
2152 3809
2152 3985
2152 4015
2153 2163
2153 2252
2153 2272
2153 2439
2153 2440
2153 2494
2153 2753
2153 3077
2153 3137
2153 3335
2153 3460
2153 3575
2153 3774
2153 3999
2153 4005
2153 4054
2153 4129
2153 4455
2154 2714
2154 3087
2154 3428
2154 3945
2154 4439
2155 2166
2155 2241
2155 2255
2155 2270
2155 2334
2155 2357
2155 2363
2155 2404
2155 2430
2155 2435
2155 2491
2155 2502
2155 2528
2155 2555
2155 2583
2155 2589
2155 2592
2155 2614
2155 2628
2155 2649
2155 2656
2155 2689
2155 2751
2155 2781
2155 2830
2155 2850
2155 2863
2155 2867
2155 2888
2155 2954
2155 2961
2155 3010
2155 3017
2155 3023
2155 3024
2155 3034
2155 3058
2155 3064
2155 3081
2155 3082
2155 3131
2155 3178
2155 3189
2155 3194
2155 3213
2155 3237
2155 3252
2155 3265
2155 3290
2155 3369
2155 3404
2155 3405
2155 3413
2155 3446
2155 3458
2155 3501
2155 3519
2155 3541
2155 3556
2155 3565
2155 3583
2155 3638
2155 3654
2155 3666
2155 3678
2155 3697
2155 3742
2155 3758
2155 3762
2155 3769
2155 3776
2155 3791
2155 3837
2155 3863
2155 3875
2155 3889
2155 3890
2155 3908
2155 4037
2155 4076
2155 4134
2155 4240
2155 4250
2155 4258
2155 4272
2155 4307
2155 4309
2155 4316
2155 4326
2155 4330
2155 4347
2155 4360
2155 4377
2155 4425
2155 4432
2155 4450
2155 4470
2155 4482
2156 2842
2156 2995
2156 3080
2156 3140
2156 3222
2156 4285
2157 2164
2157 2281
2157 2316
2157 2378
2157 2468
2157 2520
2157 2804
2157 3101
2157 3113
2157 3355
2157 3553
2157 3749
2157 3770
2157 3931
2157 4100
2157 4379
2157 4439
2157 4444
2157 4445
2157 4459
2158 3302
2158 4015
2159 2348
2159 2543
2159 2750
2159 3484
2159 3494
2159 3530
2159 3639
2159 3661
2159 3748
2159 3798
2159 3938
2159 4013
2159 4019
2160 2318
2160 2330
2160 2407
2160 2796
2160 2930
2160 2998
2160 3025
2160 3229
2160 3390
2160 3527
2160 3686
2160 3902
2160 4206
2160 4226
2161 2597
2161 2761
2161 3100
2161 3433
2161 3468
2161 3563
2161 3594
2161 3746
2161 3761
2161 3868
2161 3876
2161 3965
2161 4103
2161 4315
2161 4361
2161 4471
2161 4480
2162 2712
2162 2905
2162 3056
2162 3453
2162 3468
2162 4263
2162 4439
2163 2252
2163 2272
2163 2388
2163 2439
2163 2494
2163 2577
2163 3077
2163 3137
2163 3335
2163 4005
2163 4054
2163 4072
2163 4129
2163 4170
2163 4399
2163 4449
2163 4455
2163 4472
2164 2354
2164 2367
2164 2378
2164 2550
2164 3113
2164 3351
2164 3362
2164 3471
2164 3770
2164 3931
2164 4100
2164 4379
2165 2231
2165 2621
2165 2692
2165 3377
2165 3796
2165 4015
2165 4397
2166 2270
2166 2357
2166 2404
2166 2430
2166 2453
2166 2455
2166 2501
2166 2555
2166 2557
2166 2568
2166 2583
2166 2589
2166 2592
2166 2628
2166 2649
2166 2656
2166 2751
2166 2830
2166 2850
2166 2863
2166 2867
2166 3010
2166 3017
2166 3020
2166 3023
2166 3024
2166 3034
2166 3064
2166 3082
2166 3123
2166 3131
2166 3178
2166 3189
2166 3191
2166 3194
2166 3213
2166 3237
2166 3252
2166 3265
2166 3321
2166 3356
2166 3404
2166 3413
2166 3501
2166 3519
2166 3541
2166 3583
2166 3638
2166 3654
2166 3666
2166 3675
2166 3678
2166 3697
2166 3742
2166 3762
2166 3776
2166 3837
2166 3847
2166 3875
2166 3908
2166 3923
2166 4029
2166 4076
2166 4131
2166 4134
2166 4240
2166 4242
2166 4250
2166 4272
2166 4293
2166 4307
2166 4309
2166 4316
2166 4326
2166 4330
2166 4347
2166 4360
2166 4425
2166 4431
2166 4432
2168 2753
2168 3460
2168 3999
2168 4129
2168 4455
2169 2283
2169 2530
2169 3179
2169 3218
2169 3240
2169 3381
2169 3518
2169 3768
2169 3798
2169 3830
2169 3966
2169 4027
2169 4099
2169 4187
2170 2452
2170 2829
2170 2942
2170 3158
2170 3188
2170 3364
2170 3427
2170 3557
2170 4032
2170 4420
2170 4427
2171 2183
2171 2185
2171 2208
2171 2222
2171 2229
2171 2255
2171 2341
2171 2447
2171 2458
2171 2470
2171 2474
2171 2518
2171 2694
2171 2718
2171 2767
2171 2804
2171 2901
2171 2939
2171 2957
2171 3007
2171 3043
2171 3049
2171 3093
2171 3150
2171 3157
2171 3241
2171 3280
2171 3327
2171 3334
2171 3359
2171 3436
2171 3540
2171 3561
2171 3610
2171 3613
2171 3625
2171 3630
2171 3671
2171 3791
2171 3852
2171 3853
2171 3877
2171 3934
2171 4039
2171 4077
2171 4115
2171 4137
2171 4179
2171 4190
2171 4243
2171 4246
2171 4279
2171 4317
2171 4331
2171 4378
2171 4412
2171 4435
2171 4456
2171 4463
2171 4474
2171 4481
2173 2193
2173 2472
2173 2551
2173 2713
2173 2933
2173 3031
2173 3097
2173 3122
2173 3374
2173 3740
2173 3804
2173 3896
2173 4015
2173 4189
2173 4395
2174 2843
2175 2315
2175 2383
2175 2597
2175 2791
2175 2974
2175 3055
2175 3070
2175 3100
2175 3186
2175 3230
2175 3303
2175 3426
2175 3468
2175 3563
2175 3601
2175 3773
2175 3965
2175 4103
2175 4161
2175 4239
2175 4251
2175 4306
2175 4315
2175 4353
2175 4467
2176 2227
2176 2496
2176 2594
2176 2683
2176 2764
2176 2805
2176 2909
2176 2977
2176 3066
2176 3113
2176 3185
2176 3349
2176 3430
2176 3615
2176 3728
2176 4021
2176 4040
2176 4270
2176 4298
2176 4389
2177 2384
2177 2675
2177 2957
2177 3150
2177 3157
2177 3288
2177 3352
2177 3877
2178 2182
2178 2200
2178 2226
2178 2249
2178 2255
2178 2285
2178 2298
2178 2301
2178 2392
2178 2414
2178 2415
2178 2420
2178 2422
2178 2442
2178 2450
2178 2455
2178 2457
2178 2480
2178 2535
2178 2537
2178 2564
2178 2594
2178 2598
2178 2619
2178 2622
2178 2659
2178 2666
2178 2698
2178 2699
2178 2726
2178 2727
2178 2740
2178 2744
2178 2784
2178 2821
2178 2855
2178 2943
2178 2948
2178 3033
2178 3067
2178 3076
2178 3111
2178 3113
2178 3129
2178 3132
2178 3151
2178 3187
2178 3198
2178 3261
2178 3264
2178 3299
2178 3369
2178 3392
2178 3430
2178 3432
2178 3446
2178 3478
2178 3515
2178 3521
2178 3528
2178 3562
2178 3566
2178 3586
2178 3615
2178 3643
2178 3710
2178 3715
2178 3728
2178 3736
2178 3737
2178 3739
2178 3767
2178 3782
2178 3784
2178 3791
2178 3812
2178 3860
2178 3862
2178 3893
2178 3897
2178 3955
2178 3961
2178 4008
2178 4020
2178 4021
2178 4042
2178 4056
2178 4061
2178 4113
2178 4132
2178 4138
2178 4147
2178 4153
2178 4185
2178 4188
2178 4193
2178 4196
2178 4236
2178 4262
2178 4270
2178 4290
2178 4298
2178 4312
2178 4313
2178 4370
2178 4383
2178 4389
2178 4469
2178 4475
2178 4479
2178 4486
2178 4488
2179 2184
2179 2196
2179 2206
2179 2287
2179 2290
2179 2309
2179 2429
2179 2459
2179 2495
2179 2566
2179 2617
2179 2672
2179 2702
2179 2787
2179 2810
2179 3038
2179 3246
2179 3258
2179 3425
2179 3569
2179 3685
2179 3833
2179 4023
2179 4058
2179 4145
2179 4234
2179 4258
2180 2187
2180 3653
2180 3835
2180 4015
2180 4046
2180 4279
2181 2724
2181 3165
2181 3571
2181 3574
2181 3725
2181 3843
2181 4015
2182 2226
2182 2233
2182 2249
2182 2285
2182 2301
2182 2420
2182 2450
2182 2476
2182 2535
2182 2594
2182 2619
2182 2678
2182 2813
2182 2821
2182 2937
2182 2948
2182 2979
2182 2992
2182 3033
2182 3076
2182 3084
2182 3111
2182 3113
2182 3129
2182 3264
2182 3299
2182 3452
2182 3464
2182 3515
2182 3521
2182 3605
2182 3646
2182 3647
2182 3728
2182 3739
2182 3767
2182 3782
2182 3897
2182 3987
2182 4056
2182 4147
2182 4153
2182 4188
2182 4196
2182 4270
2182 4313
2182 4317
2182 4383
2182 4469
2182 4475
2182 4488
2183 2208
2183 2222
2183 2229
2183 2341
2183 2458
2183 2470
2183 2669
2183 2675
2183 2694
2183 2804
2183 2820
2183 2939
2183 2957
2183 2994
2183 3007
2183 3008
2183 3014
2183 3043
2183 3049
2183 3157
2183 3241
2183 3269
2183 3280
2183 3373
2183 3540
2183 3561
2183 3625
2183 3627
2183 3671
2183 3778
2183 3816
2183 3853
2183 4039
2183 4077
2183 4378
2183 4402
2183 4412
2183 4435
2183 4463
2184 2287
2184 2309
2184 2358
2184 2429
2184 2495
2184 2617
2184 2702
2184 2787
2184 2810
2184 3038
2184 3135
2184 3246
2184 3425
2184 3569
2184 3685
2184 4058
2184 4145
2184 4167
2184 4258
2184 4326
2185 2208
2185 2229
2185 2331
2185 2447
2185 2887
2185 2939
2185 3008
2185 3093
2185 3241
2185 3561
2185 3613
2185 4190
2185 4210
2185 4243
2185 4456
2185 4463
2185 4474
2187 2871
2187 3397
2187 3653
2187 3725
2187 4015
2188 2209
2188 2234
2188 2332
2188 2336
2188 2350
2188 2382
2188 2412
2188 2443
2188 2467
2188 2608
2188 2761
2188 2791
2188 2868
2188 2949
2188 2969
2188 2974
2188 3160
2188 3231
2188 3257
2188 3325
2188 3411
2188 3451
2188 3468
2188 3510
2188 3525
2188 3534
2188 3563
2188 3609
2188 3694
2188 3726
2188 3750
2188 3787
2188 3867
2188 3891
2188 4089
2188 4141
2188 4254
2188 4255
2188 4264
2188 4306
2188 4393
2188 4462
2189 2406
2189 2615
2189 3543
2189 3585
2189 3957
2189 4217
2189 4382
2190 3040
2190 3468
2190 4014
2190 4097
2190 4358
2190 4436
2191 2197
2191 2250
2191 2312
2191 2543
2191 3184
2191 3494
2191 3580
2191 3664
2191 3818
2191 4156
2192 3019
2192 3644
2192 3779
2192 3801
2192 3840
2192 3990
2192 4015
2192 4034
2192 4284
2193 2472
2193 2642
2193 2795
2193 2859
2193 2878
2193 3104
2193 3374
2193 3716
2193 3741
2193 3796
2193 3804
2193 3902
2193 4015
2193 4018
2193 4085
2193 4189
2194 2259
2194 2381
2194 2649
2194 2686
2194 3081
2194 3260
2194 3365
2194 3564
2194 3654
2194 3889
2194 3908
2194 4095
2194 4118
2194 4145
2194 4272
2194 4398
2195 2413
2195 3113
2195 3397
2195 3728
2196 2232
2196 2290
2196 2309
2196 2398
2196 2658
2196 2702
2196 2794
2196 2858
2196 2899
2196 3246
2196 3258
2196 3293
2196 3365
2196 3425
2196 3487
2196 3505
2196 3564
2196 3685
2196 3706
2196 3708
2196 3718
2196 3970
2196 4058
2196 4060
2196 4095
2196 4178
2196 4234
2196 4259
2196 4287
2196 4325
2196 4346
2196 4398
2196 4461
2197 2250
2197 2266
2197 2328
2197 2426
2197 2454
2197 2463
2197 2527
2197 2543
2197 3021
2197 3494
2197 3507
2197 3530
2197 3582
2197 3639
2197 3655
2197 3661
2197 3664
2197 3818
2197 3938
2197 4051
2197 4091
2197 4093
2197 4156
2197 4173
2198 2248
2198 2396
2198 2632
2198 2637
2198 2682
2198 2800
2198 2802
2198 2864
2198 2913
2198 2971
2198 3015
2198 3095
2198 3244
2198 3378
2198 3402
2198 3468
2198 3476
2198 3596
2198 3603
2198 3629
2198 3633
2198 3673
2198 3745
2198 3836
2198 3906
2198 3910
2198 3953
2198 4135
2198 4192
2198 4214
2198 4241
2198 4266
2198 4405
2198 4421
2198 4438
2199 2270
2199 2334
2199 2511
2199 2555
2199 2589
2199 2628
2199 2648
2199 2771
2199 2830
2199 2850
2199 3011
2199 3017
2199 3020
2199 3023
2199 3034
2199 3131
2199 3178
2199 3189
2199 3194
2199 3195
2199 3213
2199 3237
2199 3321
2199 3413
2199 3501
2199 3519
2199 3541
2199 3565
2199 3638
2199 3666
2199 3697
2199 3762
2199 3837
2199 3875
2199 3950
2199 4076
2199 4134
2199 4234
2199 4242
2199 4272
2199 4326
2199 4347
2199 4425
2199 4450
2199 4470
2200 2298
2200 2309
2200 2543
2200 2594
2200 2600
2200 2631
2200 2686
2200 2804
2200 2850
2200 2858
2200 2863
2200 2899
2200 3038
2200 3058
2200 3076
2200 3111
2200 3113
2200 3246
2200 3408
2200 3478
2200 3501
2200 3654
2200 3682
2200 3742
2200 3750
2200 3782
2200 3837
2200 3848
2200 3868
2200 3878
2200 4008
2200 4015
2200 4095
2200 4240
2200 4272
2200 4316
2200 4326
2200 4370
2200 4389
2200 4454
2200 4486
2201 2220
2201 2376
2201 2448
2201 2581
2201 2814
2201 2895
2201 3313
2201 3322
2201 3391
2201 3684
2201 3929
2201 4015
2201 4318
2202 3785
2203 2204
2203 2514
2203 2538
2203 2599
2203 2608
2203 2641
2203 2769
2203 2861
2203 2940
2203 2970
2203 3029
2203 3205
2203 3231
2203 3297
2203 3409
2203 3434
2203 3468
2203 3622
2203 3642
2203 3732
2203 3733
2203 3867
2203 3873
2203 3925
2203 3935
2203 4141
2203 4171
2203 4393
2204 2234
2204 2246
2204 2257
2204 2308
2204 2332
2204 2336
2204 2343
2204 2350
2204 2412
2204 2419
2204 2443
2204 2513
2204 2544
2204 2571
2204 2599
2204 2608
2204 2624
2204 2730
2204 2761
2204 2861
2204 2940
2204 2950
2204 3070
2204 3100
2204 3104
2204 3133
2204 3204
2204 3205
2204 3226
2204 3231
2204 3238
2204 3257
2204 3297
2204 3325
2204 3409
2204 3434
2204 3446
2204 3451
2204 3468
2204 3534
2204 3609
2204 3617
2204 3622
2204 3627
2204 3642
2204 3732
2204 3733
2204 3750
2204 3773
2204 3787
2204 3867
2204 3868
2204 3873
2204 3876
2204 3916
2204 3925
2204 3935
2204 3954
2204 4002
2204 4050
2204 4070
2204 4089
2204 4107
2204 4141
2204 4171
2204 4180
2204 4211
2204 4239
2204 4255
2204 4306
2204 4361
2204 4393
2204 4436
2204 4471
2204 4475
2204 4483
2205 2270
2205 2298
2205 2309
2205 2356
2205 2628
2205 2649
2205 2821
2205 2833
2205 3020
2205 3129
2205 3321
2205 3405
2205 3519
2205 3878
2205 4023
2205 4270
2205 4316
2205 4370
2205 4398
2205 4469
2206 2232
2206 2287
2206 2290
2206 2309
2206 2356
2206 2398
2206 2473
2206 2499
2206 2555
2206 2600
2206 2649
2206 2658
2206 2677
2206 2686
2206 2702
2206 2755
2206 2758
2206 2776
2206 2787
2206 2794
2206 2822
2206 2833
2206 2837
2206 2849
2206 2856
2206 2858
2206 2899
2206 2901
2206 2924
2206 2950
2206 2975
2206 3038
2206 3067
2206 3082
2206 3106
2206 3107
2206 3112
2206 3138
2206 3209
2206 3246
2206 3258
2206 3293
2206 3365
2206 3386
2206 3408
2206 3425
2206 3487
2206 3505
2206 3564
2206 3569
2206 3590
2206 3604
2206 3611
2206 3623
2206 3685
2206 3706
2206 3708
2206 3718
2206 3724
2206 3899
2206 3923
2206 3970
2206 4037
2206 4058
2206 4060
2206 4080
2206 4095
2206 4097
2206 4118
2206 4142
2206 4145
2206 4154
2206 4178
2206 4219
2206 4234
2206 4259
2206 4287
2206 4292
2206 4294
2206 4326
2206 4331
2206 4346
2206 4398
2206 4410
2206 4422
2206 4454
2206 4461
2206 4465
2206 4475
2206 4478
2207 4427
2208 2222
2208 2229
2208 2302
2208 2341
2208 2458
2208 2470
2208 2537
2208 2545
2208 2664
2208 2669
2208 2694
2208 2804
2208 2823
2208 2887
2208 2925
2208 2934
2208 2939
2208 2957
2208 2994
2208 3007
2208 3008
2208 3014
2208 3043
2208 3093
2208 3113
2208 3164
2208 3241
2208 3503
2208 3540
2208 3581
2208 3613
2208 3625
2208 3630
2208 3660
2208 3822
2208 3853
2208 3923
2208 3934
2208 3949
2208 3993
2208 4011
2208 4039
2208 4077
2208 4109
2208 4116
2208 4146
2208 4190
2208 4195
2208 4203
2208 4210
2208 4243
2208 4246
2208 4265
2208 4343
2208 4378
2208 4402
2208 4412
2208 4456
2208 4463
2208 4474
2208 4483
2209 2234
2209 2382
2209 2412
2209 2421
2209 2760
2209 2761
2209 2791
2209 2868
2209 2912
2209 2940
2209 2949
2209 2974
2209 3048
2209 3160
2209 3212
2209 3230
2209 3296
2209 3312
2209 3468
2209 3694
2209 3726
2209 3773
2209 3919
2209 3943
2209 3959
2209 4083
2209 4220
2209 4235
2209 4255
2209 4264
2209 4393
2210 2478
2210 2532
2210 2567
2210 2588
2210 2596
2210 2603
2210 2663
2210 2990
2210 2996
2210 3052
2210 3091
2210 3113
2210 3314
2210 3523
2210 3588
2210 3608
2210 3713
2210 3722
2210 3932
2210 4003
2210 4062
2210 4111
2210 4443
2210 4484
2211 2325
2211 2525
2211 2550
2211 3041
2211 3101
2211 3113
2211 3168
2211 3355
2211 3782
2211 4014
2211 4100
2211 4289
2211 4379
2212 2342
2212 3073
2212 3318
2213 2432
2214 2692
2214 3371
2214 3522
2214 4015
2214 4340
2215 2339
2215 2437
2215 2452
2215 2500
2215 2512
2215 2515
2215 2585
2215 2654
2215 2668
2215 2921
2215 2942
2215 3000
2215 3026
2215 3155
2215 3158
2215 3188
2215 3308
2215 3364
2215 3383
2215 3412
2215 3427
2215 3557
2215 3734
2215 3832
2215 4420
2216 2757
2216 3142
2216 3561
2216 3751
2216 3900
2216 4369
2217 2782
2217 2982
2217 3294
2217 4218
2217 4285
2218 2250
2218 2278
2218 2312
2218 3494
2218 3748
2218 3818
2219 2745
2219 3716
2219 4015
2220 2397
2220 2448
2220 2799
2220 2814
2220 3044
2220 3313
2220 3322
2220 3391
2220 3684
2220 3929
2220 4015
2221 2254
2221 2846
2221 3113
2221 3185
2221 3516
2221 3554
2221 3665
2221 3720
2221 3814
2221 4202
2222 2331
2222 2341
2222 2458
2222 2470
2222 2669
2222 2694
2222 2718
2222 2804
2222 2820
2222 2925
2222 2939
2222 2994
2222 3007
2222 3008
2222 3241
2222 3280
2222 3502
2222 3540
2222 3582
2222 3613
2222 3625
2222 3671
2222 3816
2222 3852
2222 3856
2222 3877
2222 3934
2222 4077
2222 4190
2222 4246
2222 4456
2223 2277
2223 3199
2223 3350
2223 3415
2223 3811
2223 4369
2224 2355
2224 4051
2224 4129
2225 2364
2225 2663
2225 2848
2225 2879
2225 3001
2225 3052
2225 3091
2225 3113
2225 3450
2225 3483
2225 3523
2225 3988
2225 4062
2225 4111
2226 2249
2226 2301
2226 2413
2226 2420
2226 2442
2226 2476
2226 2784
2226 3033
2226 3076
2226 3111
2226 3113
2226 3129
2226 3132
2226 3264
2226 3392
2226 3464
2226 3586
2226 3739
2226 3782
2226 3784
2226 4008
2226 4147
2226 4188
2226 4196
2226 4313
2226 4389
2227 2387
2227 2415
2227 2422
2227 2496
2227 2594
2227 2683
2227 2805
2227 2909
2227 2948
2227 2977
2227 3033
2227 3066
2227 3113
2227 3151
2227 3185
2227 3187
2227 3220
2227 3273
2227 3299
2227 3349
2227 3417
2227 3528
2227 3615
2227 3728
2227 3819
2227 3822
2227 3850
2227 3857
2227 3862
2227 3882
2227 3934
2227 3955
2227 3998
2227 4020
2227 4147
2227 4193
2227 4194
2227 4270
2227 4313
2227 4341
2227 4370
2227 4374
2227 4479
2228 2475
2228 3380
2228 4424
2229 2331
2229 2620
2229 2887
2229 2939
2229 2957
2229 2994
2229 3007
2229 3008
2229 3093
2229 3200
2229 3241
2229 3540
2229 3613
2229 3943
2229 4210
2229 4243
2229 4456
2229 4474
2230 2281
2230 2316
2230 2378
2230 2380
2230 2468
2230 2804
2230 3060
2230 3113
2230 3443
2230 3471
2230 3770
2230 3924
2230 4055
2230 4100
2230 4104
2230 4342
2230 4381
2230 4451
2230 4457
2230 4459
2231 2275
2231 2410
2231 2560
2231 2593
2231 2851
2231 3283
2231 3448
2231 3522
2231 3969
2231 4015
2231 4301
2232 2287
2232 2309
2232 2381
2232 2398
2232 2473
2232 2499
2232 2600
2232 2686
2232 2755
2232 2758
2232 2776
2232 2787
2232 2794
2232 2822
2232 2833
2232 2837
2232 2858
2232 2899
2232 2918
2232 2924
2232 3082
2232 3107
2232 3112
2232 3138
2232 3258
2232 3293
2232 3365
2232 3408
2232 3425
2232 3487
2232 3564
2232 3611
2232 3623
2232 3685
2232 3695
2232 3706
2232 3708
2232 3724
2232 3899
2232 3970
2232 4023
2232 4029
2232 4095
2232 4145
2232 4154
2232 4325
2232 4346
2232 4398
2232 4410
2232 4440
2232 4478
2233 2664
2233 2788
2233 2804
2233 3113
2233 3210
2233 3540
2233 3934
2233 4055
2233 4109
2234 2349
2234 2419
2234 2424
2234 2626
2234 2731
2234 3226
2234 3468
2234 3601
2234 3609
2234 3773
2234 3817
2234 4089
2234 4251
2234 4254
2234 4306
2234 4436
2235 2637
2235 2752
2235 2802
2235 2854
2235 2971
2235 2981
2235 3468
2235 3600
2235 3667
2235 3673
2235 3910
2235 3982
2235 4135
2235 4204
2235 4228
2236 2639
2236 3209
2236 3768
2236 3798
2236 4112
2237 2269
2237 2293
2237 2312
2237 2348
2237 2429
2237 2448
2237 2553
2237 2643
2237 2683
2237 2688
2237 2884
2237 2936
2237 3095
2237 3532
2237 3567
2237 3702
2237 3756
2237 3887
2237 3982
2237 3992
2237 4288
2237 4365
2238 2249
2238 2285
2238 2366
2238 2387
2238 2392
2238 2414
2238 2415
2238 2422
2238 2442
2238 2450
2238 2496
2238 2535
2238 2564
2238 2565
2238 2594
2238 2619
2238 2622
2238 2652
2238 2659
2238 2699
2238 2726
2238 2732
2238 2735
2238 2740
2238 2743
2238 2780
2238 2801
2238 2806
2238 2880
2238 3061
2238 3084
2238 3111
2238 3113
2238 3129
2238 3170
2238 3181
2238 3187
2238 3206
2238 3299
2238 3311
2238 3343
2238 3357
2238 3369
2238 3392
2238 3399
2238 3417
2238 3423
2238 3430
2238 3478
2238 3515
2238 3528
2238 3615
2238 3647
2238 3710
2238 3715
2238 3728
2238 3737
2238 3767
2238 3769
2238 3782
2238 3784
2238 3815
2238 3850
2238 3854
2238 3878
2238 3897
2238 3923
2238 3975
2238 4008
2238 4021
2238 4040
2238 4042
2238 4043
2238 4052
2238 4056
2238 4057
2238 4138
2238 4153
2238 4174
2238 4185
2238 4194
2238 4236
2238 4262
2238 4270
2238 4290
2238 4298
2238 4312
2238 4352
2238 4389
2238 4479
2238 4486
2239 2259
2239 3130
2239 3345
2240 2277
2240 2327
2240 3811
2241 2270
2241 2334
2241 2357
2241 2385
2241 2404
2241 2431
2241 2555
2241 2583
2241 2589
2241 2592
2241 2628
2241 2649
2241 2830
2241 2863
2241 2867
2241 2869
2241 2920
2241 2954
2241 3017
2241 3020
2241 3023
2241 3034
2241 3064
2241 3082
2241 3131
2241 3178
2241 3189
2241 3194
2241 3213
2241 3237
2241 3265
2241 3404
2241 3501
2241 3541
2241 3565
2241 3678
2241 3742
2241 3758
2241 3776
2241 3837
2241 3875
2241 3908
2241 3950
2241 4076
2241 4240
2241 4242
2241 4250
2241 4309
2241 4316
2241 4326
2241 4332
2241 4347
2241 4377
2241 4422
2241 4425
2241 4432
2241 4470
2242 2821
2242 2855
2242 2907
2242 3113
2242 3399
2242 3515
2242 3521
2242 3566
2242 3646
2242 3665
2242 3720
2242 3810
2242 3842
2242 4202
2242 4396
2243 2278
2243 3212
2243 3468
2243 3943
2244 3113
2245 2313
2245 2764
2245 2879
2245 3001
2245 3113
2245 3435
2245 3483
2245 3495
2245 3523
2245 3526
2245 3698
2245 3928
2245 4275
2245 4459
2246 2826
2246 2872
2246 3016
2246 3083
2246 3468
2246 3617
2246 4028
2246 4031
2246 4218
2246 4359
2247 2339
2247 2792
2247 3785
2248 2273
2248 2375
2248 2507
2248 2553
2248 2632
2248 2637
2248 2708
2248 2789
2248 2800
2248 2802
2248 2866
2248 2913
2248 2971
2248 2981
2248 3015
2248 3027
2248 3071
2248 3095
2248 3244
2248 3378
2248 3468
2248 3476
2248 3477
2248 3497
2248 3596
2248 3629
2248 3633
2248 3673
2248 3677
2248 3714
2248 3745
2248 3747
2248 3826
2248 3910
2248 3953
2248 3997
2248 4192
2248 4214
2248 4222
2248 4241
2248 4266
2248 4400
2248 4405
2248 4421
2248 4448
2249 2255
2249 2301
2249 2385
2249 2387
2249 2392
2249 2414
2249 2415
2249 2422
2249 2423
2249 2456
2249 2480
2249 2535
2249 2564
2249 2594
2249 2598
2249 2622
2249 2652
2249 2698
2249 2699
2249 2733
2249 2784
2249 2806
2249 2821
2249 2855
2249 2950
2249 3033
2249 3111
2249 3113
2249 3129
2249 3151
2249 3181
2249 3187
2249 3198
2249 3349
2249 3369
2249 3392
2249 3430
2249 3432
2249 3436
2249 3478
2249 3515
2249 3521
2249 3528
2249 3562
2249 3586
2249 3615
2249 3675
2249 3710
2249 3728
2249 3737
2249 3739
2249 3767
2249 3769
2249 3782
2249 3784
2249 3860
2249 3862
2249 3897
2249 3961
2249 4008
2249 4020
2249 4040
2249 4042
2249 4142
2249 4147
2249 4153
2249 4188
2249 4193
2249 4196
2249 4270
2249 4292
2249 4293
2249 4312
2249 4313
2249 4331
2249 4370
2249 4383
2249 4479
2249 4486
2250 2266
2250 2312
2250 2389
2250 2426
2250 2463
2250 2527
2250 2543
2250 2578
2250 2770
2250 2773
2250 2835
2250 3021
2250 3184
2250 3407
2250 3494
2250 3582
2250 3639
2250 3661
2250 3748
2250 3818
2250 3938
2250 4019
2250 4051
2250 4091
2250 4093
2250 4156
2250 4173
2250 4413
2251 2367
2251 2468
2251 2550
2251 3101
2251 3113
2251 3355
2251 3870
2251 3967
2251 4327
2251 4356
2251 4379
2251 4459
2251 4460
2252 2272
2252 2289
2252 2388
2252 2439
2252 2440
2252 2494
2252 2577
2252 2753
2252 3035
2252 3077
2252 3137
2252 3335
2252 3338
2252 3460
2252 3774
2252 3781
2252 3892
2252 3899
2252 3911
2252 3999
2252 4005
2252 4054
2252 4072
2252 4129
2252 4281
2252 4294
2252 4455
2252 4465
2253 2343
2253 2383
2253 2477
2253 2597
2253 2624
2253 3055
2253 3100
2253 3468
2253 3876
2253 3925
2253 4002
2253 4225
2253 4315
2253 4351
2254 3113
2254 3665
2254 3814
2254 3960
2255 2270
2255 2341
2255 2600
2255 2699
2255 2781
2255 3010
2255 3033
2255 3038
2255 3076
2255 3194
2255 3213
2255 3252
2255 3468
2255 3611
2255 3615
2255 3837
2255 4188
2255 4196
2255 4377
2255 4431
2256 2318
2256 2407
2256 2547
2256 2562
2256 2568
2256 2796
2256 2998
2256 3025
2256 3113
2256 3229
2256 3363
2256 3390
2256 3527
2256 3536
2256 3686
2256 4206
2256 4226
2256 4446
2256 4477
2257 2308
2257 2332
2257 2343
2257 2350
2257 2419
2257 2443
2257 2544
2257 2599
2257 2624
2257 2761
2257 2941
2257 3070
2257 3100
2257 3186
2257 3226
2257 3231
2257 3238
2257 3257
2257 3303
2257 3325
2257 3409
2257 3451
2257 3468
2257 3534
2257 3609
2257 3622
2257 3750
2257 3787
2257 3868
2257 3916
2257 3954
2257 4002
2257 4089
2257 4141
2257 4239
2257 4255
2259 2381
2259 2649
2259 2686
2259 3260
2259 3889
2259 3908
2259 4095
2259 4118
2259 4272
2259 4398
2260 2303
2260 2517
2260 2603
2260 2669
2260 2690
2260 2788
2260 2804
2260 2934
2260 3113
2260 3164
2260 3291
2260 3570
2260 3660
2260 3816
2260 3822
2260 3934
2260 4011
2260 4055
2260 4343
2260 4402
2261 2497
2261 2642
2261 2746
2261 2831
2261 3059
2261 3117
2261 3374
2261 4015
2261 4110
2261 4271
2262 2618
2262 3426
2262 3462
2262 3468
2262 3787
2263 3468
2263 3510
2263 4300
2263 4361
2264 2292
2265 3810
2265 4349
2265 4384
2266 2312
2266 2328
2266 2348
2266 2426
2266 2454
2266 2463
2266 2527
2266 2543
2266 2773
2266 3021
2266 3320
2266 3494
2266 3530
2266 3582
2266 3587
2266 3639
2266 3655
2266 3661
2266 3756
2266 3818
2266 3861
2266 3938
2266 4013
2266 4019
2266 4051
2266 4091
2266 4093
2266 4156
2266 4173
2266 4308
2266 4365
2268 3964
2269 2351
2269 2390
2269 2533
2269 2634
2269 2650
2269 2997
2269 3113
2269 3235
2269 3285
2269 3307
2269 3344
2269 3691
2269 3749
2269 3973
2269 4094
2269 4128
2270 2334
2270 2357
2270 2404
2270 2430
2270 2453
2270 2555
2270 2558
2270 2583
2270 2589
2270 2592
2270 2628
2270 2631
2270 2648
2270 2649
2270 2656
2270 2744
2270 2747
2270 2751
2270 2771
2270 2774
2270 2781
2270 2830
2270 2850
2270 2863
2270 2867
2270 2904
2270 2920
2270 2922
2270 3010
2270 3011
2270 3017
2270 3023
2270 3034
2270 3058
2270 3082
2270 3123
2270 3131
2270 3170
2270 3178
2270 3189
2270 3191
2270 3194
2270 3195
2270 3213
2270 3237
2270 3252
2270 3275
2270 3290
2270 3321
2270 3331
2270 3404
2270 3405
2270 3406
2270 3413
2270 3436
2270 3501
2270 3519
2270 3541
2270 3565
2270 3583
2270 3589
2270 3638
2270 3654
2270 3666
2270 3678
2270 3697
2270 3742
2270 3758
2270 3762
2270 3776
2270 3837
2270 3848
2270 3863
2270 3875
2270 3889
2270 3908
2270 3950
2270 3983
2270 4067
2270 4076
2270 4095
2270 4115
2270 4117
2270 4134
2270 4181
2270 4240
2270 4242
2270 4250
2270 4272
2270 4307
2270 4309
2270 4316
2270 4317
2270 4326
2270 4330
2270 4347
2270 4360
2270 4377
2270 4425
2270 4431
2270 4432
2270 4450
2270 4470
2271 3211
2271 3315
2271 3468
2271 3821
2271 4041
2271 4098
2271 4295
2271 4310
2271 4428
2272 2388
2272 2439
2272 2494
2272 2753
2272 3137
2272 3335
2272 3490
2272 3575
2272 3922
2272 4005
2272 4054
2272 4072
2272 4129
2272 4399
2272 4449
2272 4455
2272 4472
2273 2611
2273 2632
2273 2637
2273 2682
2273 2708
2273 2736
2273 2789
2273 2800
2273 2802
2273 2913
2273 2955
2273 2971
2273 3015
2273 3176
2273 3244
2273 3270
2273 3317
2273 3378
2273 3468
2273 3497
2273 3531
2273 3629
2273 3633
2273 3667
2273 3677
2273 3682
2273 3826
2273 3836
2273 4120
2273 4151
2273 4166
2273 4192
2273 4214
2273 4266
2273 4268
2273 4421
2273 4438
2273 4448
2273 4476
2274 2303
2274 2370
2274 2521
2274 2545
2274 2669
2274 2932
2274 2990
2274 3113
2274 3291
2274 3648
2274 4055
2274 4114
2274 4280
2274 4343
2274 4402
2274 4404
2275 2327
2275 2410
2275 2560
2275 2563
2275 2593
2275 2621
2275 2851
2275 3156
2275 3190
2275 3266
2275 3283
2275 3330
2275 3376
2275 3377
2275 3472
2275 3473
2275 3512
2275 3522
2275 3584
2275 3840
2275 4015
2275 4044
2275 4149
2275 4177
2275 4301
2276 2358
2276 2429
2276 2495
2276 2511
2276 2729
2276 2787
2276 2810
2276 2899
2276 3569
2276 4197
2276 4258
2276 4406
2277 2402
2277 2625
2277 2963
2277 3142
2277 3199
2277 3350
2277 3415
2277 3811
2277 4369
2278 2373
2278 2429
2278 2827
2278 3133
2278 3458
2278 3488
2278 3537
2278 3838
2278 3932
2278 3959
2278 4268
2279 2330
2279 2879
2279 3113
2279 3223
2279 3250
2279 3344
2279 3483
2279 3495
2279 3526
2279 3870
2279 3872
2279 3988
2280 2472
2280 2795
2280 2859
2280 3031
2280 3097
2280 3254
2280 3804
2280 4015
2280 4085
2280 4110
2280 4189
2280 4305
2281 2316
2281 2354
2281 2378
2281 2380
2281 2441
2281 2468
2281 2487
2281 2520
2281 2804
2281 2860
2281 2997
2281 3063
2281 3101
2281 3113
2281 3271
2281 3282
2281 3309
2281 3351
2281 3443
2281 3471
2281 3535
2281 3553
2281 3924
2281 3931
2281 4100
2281 4169
2281 4327
2281 4342
2281 4379
2281 4381
2281 4451
2281 4457
2281 4459
2282 2347
2282 2529
2282 2554
2282 2570
2282 2686
2282 2964
2282 3012
2282 3130
2282 3219
2282 3401
2282 3466
2282 3518
2282 3641
2282 3702
2282 3768
2282 3845
2282 4302
2282 4323
2282 4401
2283 2347
2283 2465
2283 2554
2283 2686
2283 3012
2283 3218
2283 3256
2283 3395
2283 3768
2283 3800
2283 3830
2283 3933
2283 4187
2283 4269
2283 4366
2283 4401
2284 2302
2284 2370
2284 2517
2284 2521
2284 2788
2284 2804
2284 2934
2284 3113
2284 3164
2284 3210
2284 3382
2284 3410
2284 3442
2284 3503
2284 3540
2284 3560
2284 3648
2284 3816
2284 3840
2284 3934
2284 3949
2284 4011
2284 4055
2284 4088
2284 4114
2284 4343
2284 4402
2284 4443
2285 2305
2285 2368
2285 2392
2285 2420
2285 2442
2285 2450
2285 2476
2285 2491
2285 2496
2285 2594
2285 2619
2285 2622
2285 2659
2285 2666
2285 2678
2285 2699
2285 2740
2285 2780
2285 2948
2285 3076
2285 3084
2285 3111
2285 3113
2285 3129
2285 3132
2285 3187
2285 3264
2285 3311
2285 3327
2285 3392
2285 3417
2285 3430
2285 3446
2285 3452
2285 3464
2285 3478
2285 3520
2285 3521
2285 3615
2285 3715
2285 3737
2285 3767
2285 3782
2285 3797
2285 3802
2285 3812
2285 3819
2285 3878
2285 3897
2285 3955
2285 3975
2285 3998
2285 4008
2285 4042
2285 4043
2285 4052
2285 4056
2285 4057
2285 4067
2285 4113
2285 4138
2285 4146
2285 4153
2285 4174
2285 4185
2285 4236
2285 4270
2285 4298
2285 4313
2285 4331
2285 4352
2285 4383
2285 4389
2286 2923
2286 3143
2286 3149
2286 3323
2286 3493
2286 3591
2286 4015
2286 4017
2286 4464
2287 2290
2287 2297
2287 2309
2287 2356
2287 2358
2287 2368
2287 2381
2287 2398
2287 2459
2287 2495
2287 2499
2287 2524
2287 2566
2287 2600
2287 2617
2287 2658
2287 2672
2287 2686
2287 2702
2287 2721
2287 2733
2287 2755
2287 2758
2287 2776
2287 2787
2287 2794
2287 2810
2287 2822
2287 2833
2287 2837
2287 2858
2287 2899
2287 2901
2287 2910
2287 2918
2287 2924
2287 3038
2287 3082
2287 3106
2287 3107
2287 3108
2287 3112
2287 3138
2287 3162
2287 3218
2287 3246
2287 3258
2287 3260
2287 3293
2287 3354
2287 3365
2287 3408
2287 3425
2287 3487
2287 3505
2287 3564
2287 3569
2287 3604
2287 3611
2287 3623
2287 3685
2287 3706
2287 3708
2287 3800
2287 3833
2287 3899
2287 3966
2287 3970
2287 3987
2287 4023
2287 4058
2287 4060
2287 4061
2287 4080
2287 4095
2287 4118
2287 4145
2287 4154
2287 4219
2287 4223
2287 4259
2287 4287
2287 4292
2287 4294
2287 4325
2287 4346
2287 4398
2287 4406
2287 4410
2287 4434
2287 4454
2287 4461
2287 4465
2287 4478
2288 2404
2288 2430
2288 2555
2288 2628
2288 2649
2288 2781
2288 2863
2288 2867
2288 3010
2288 3017
2288 3023
2288 3058
2288 3123
2288 3189
2288 3194
2288 3213
2288 3225
2288 3237
2288 3252
2288 3265
2288 3275
2288 3413
2288 3519
2288 3541
2288 3621
2288 3654
2288 3678
2288 3983
2288 4023
2288 4095
2288 4216
2288 4232
2288 4240
2288 4326
2288 4332
2288 4347
2288 4360
2288 4432
2288 4450
2289 2440
2289 2494
2289 3137
2289 3232
2289 3295
2289 3335
2289 3490
2289 3575
2289 3599
2289 3626
2289 3829
2289 3892
2289 3911
2289 4005
2289 4072
2289 4129
2289 4170
2289 4281
2289 4346
2289 4399
2289 4472
2290 2309
2290 2368
2290 2398
2290 2491
2290 2495
2290 2600
2290 2617
2290 2649
2290 2672
2290 2686
2290 2702
2290 2755
2290 2776
2290 2787
2290 2794
2290 2809
2290 2822
2290 2833
2290 2837
2290 2858
2290 2924
2290 3038
2290 3082
2290 3107
2290 3147
2290 3258
2290 3260
2290 3343
2290 3356
2290 3365
2290 3386
2290 3408
2290 3425
2290 3487
2290 3564
2290 3569
2290 3611
2290 3643
2290 3685
2290 3706
2290 3724
2290 3777
2290 3970
2290 4023
2290 4058
2290 4060
2290 4095
2290 4115
2290 4118
2290 4145
2290 4167
2290 4219
2290 4259
2290 4398
2290 4410
2290 4461
2290 4478
2291 2461
2291 2506
2291 2708
2291 2736
2291 3027
2291 3103
2291 3468
2291 3477
2291 3531
2291 3677
2291 4074
2291 4227
2291 4438
2292 2511
2292 3424
2292 4191
2293 2505
2293 2543
2293 2552
2293 2655
2293 2688
2293 2828
2293 3003
2293 3567
2293 3717
2293 3743
2293 4012
2293 4019
2293 4288
2294 2298
2294 2398
2294 2422
2294 2430
2294 2501
2294 2583
2294 2628
2294 2648
2294 2649
2294 2669
2294 2771
2294 2787
2294 3017
2294 3034
2294 3038
2294 3181
2294 3258
2294 3392
2294 3404
2294 3405
2294 3406
2294 3728
2294 3739
2294 3750
2294 3837
2294 3934
2294 4015
2294 4138
2294 4188
2294 4193
2294 4287
2294 4410
2294 4431
2294 4482
2295 2786
2295 2984
2295 3113
2295 3250
2295 3370
2295 3463
2295 3839
2295 3894
2295 3979
2295 4036
2296 2386
2296 3705
2296 4015
2297 2309
2297 2459
2297 3445
2297 4145
2298 2387
2298 2392
2298 2415
2298 2422
2298 2456
2298 2480
2298 2496
2298 2564
2298 2698
2298 2727
2298 2743
2298 2805
2298 2821
2298 2855
2298 2881
2298 2948
2298 2977
2298 3033
2298 3061
2298 3066
2298 3076
2298 3113
2298 3129
2298 3132
2298 3147
2298 3151
2298 3170
2298 3185
2298 3187
2298 3198
2298 3394
2298 3417
2298 3432
2298 3446
2298 3478
2298 3485
2298 3515
2298 3562
2298 3728
2298 3737
2298 3767
2298 3782
2298 3842
2298 3860
2298 3893
2298 3955
2298 3975
2298 3977
2298 3998
2298 4020
2298 4042
2298 4113
2298 4132
2298 4153
2298 4193
2298 4196
2298 4270
2298 4313
2298 4319
2298 4370
2298 4396
2298 4469
2298 4479
2299 3113
2299 3687
2300 2422
2300 2592
2300 2794
2300 2804
2300 2940
2300 3033
2300 3113
2300 3189
2300 3252
2300 3404
2300 3501
2300 3728
2300 3837
2300 4080
2300 4250
2300 4330
2300 4461
2301 2442
2301 2476
2301 2699
2301 2732
2301 2784
2301 2855
2301 3033
2301 3076
2301 3111
2301 3113
2301 3129
2301 3132
2301 3181
2301 3264
2301 3464
2301 3485
2301 3515
2301 3586
2301 3647
2301 3739
2301 3782
2301 3802
2301 3812
2301 3961
2301 4020
2301 4147
2301 4313
2301 4341
2301 4488
2302 2341
2302 2370
2302 2664
2302 2669
2302 2804
2302 2934
2302 3113
2302 3164
2302 3210
2302 3442
2302 3503
2302 3540
2302 3570
2302 3816
2302 3934
2302 3949
2302 4011
2302 4055
2302 4088
2302 4265
2302 4343
2302 4402
2303 2370
2303 2517
2303 2521
2303 2526
2303 2603
2303 2669
2303 2788
2303 2804
2303 2916
2303 3013
2303 3113
2303 3291
2303 3382
2303 3503
2303 3648
2303 3668
2303 3816
2303 3822
2303 4011
2303 4055
2303 4114
2303 4343
2303 4404
2304 2665
2304 2686
2304 2748
2304 2877
2304 3060
2304 3488
2304 3539
2304 3871
2304 4461
2304 4478
2305 2446
2305 2450
2305 2619
2305 2659
2305 2678
2305 2699
2305 2726
2305 3076
2305 3111
2305 3113
2305 3264
2305 3452
2305 3715
2305 3784
2305 3812
2305 3819
2305 3878
2305 4008
2305 4043
2305 4056
2305 4138
2305 4174
2305 4185
2305 4236
2305 4298
2305 4352
2305 4433
2306 2497
2306 2671
2306 3374
2306 4015
2307 2651
2307 2988
2307 3427
2308 2315
2308 2332
2308 2336
2308 2343
2308 2349
2308 2350
2308 2419
2308 2421
2308 2443
2308 2538
2308 2544
2308 2548
2308 2599
2308 2608
2308 2626
2308 2761
2308 2882
2308 2940
2308 2969
2308 2974
2308 3070
2308 3110
2308 3160
2308 3217
2308 3230
2308 3247
2308 3248
2308 3257
2308 3303
2308 3325
2308 3332
2308 3372
2308 3403
2308 3426
2308 3451
2308 3468
2308 3525
2308 3534
2308 3617
2308 3733
2308 3750
2308 3759
2308 3773
2308 3787
2308 3873
2308 3954
2308 4141
2308 4184
2308 4225
2308 4239
2308 4255
2308 4273
2308 4322
2308 4436
2308 4467
2308 4471
2309 2356
2309 2358
2309 2398
2309 2459
2309 2473
2309 2491
2309 2495
2309 2499
2309 2558
2309 2572
2309 2600
2309 2617
2309 2658
2309 2672
2309 2686
2309 2702
2309 2747
2309 2755
2309 2758
2309 2776
2309 2787
2309 2794
2309 2810
2309 2822
2309 2833
2309 2837
2309 2858
2309 2899
2309 2904
2309 2918
2309 2924
2309 3009
2309 3038
2309 3082
2309 3107
2309 3112
2309 3120
2309 3124
2309 3138
2309 3162
2309 3175
2309 3246
2309 3258
2309 3260
2309 3343
2309 3365
2309 3408
2309 3425
2309 3487
2309 3505
2309 3564
2309 3569
2309 3576
2309 3604
2309 3611
2309 3623
2309 3685
2309 3706
2309 3708
2309 3718
2309 3724
2309 3769
2309 3777
2309 3791
2309 3833
2309 3987
2309 4014
2309 4023
2309 4058
2309 4060
2309 4080
2309 4095
2309 4117
2309 4145
2309 4154
2309 4178
2309 4219
2309 4234
2309 4258
2309 4259
2309 4287
2309 4294
2309 4325
2309 4346
2309 4398
2309 4410
2309 4454
2309 4461
2309 4465
2309 4478
2311 3002
2311 3113
2311 3474
2312 2409
2312 2454
2312 2463
2312 2527
2312 2543
2312 2561
2312 2773
2312 2835
2312 2986
2312 3021
2312 3184
2312 3268
2312 3407
2312 3494
2312 3507
2312 3580
2312 3582
2312 3639
2312 3655
2312 3661
2312 3664
2312 3818
2312 4148
2312 4173
2312 4413
2313 2367
2313 2510
2313 2609
2313 2623
2313 2644
2313 2848
2313 2860
2313 2875
2313 2879
2313 2984
2313 3001
2313 3041
2313 3113
2313 3119
2313 3250
2313 3279
2313 3370
2313 3483
2313 3523
2313 3526
2313 3588
2313 3616
2313 3670
2313 3816
2313 3870
2313 3872
2313 3894
2313 3967
2313 3988
2313 4064
2313 4073
2313 4081
2313 4084
2313 4114
2313 4119
2313 4122
2313 4275
2313 4339
2313 4460
2313 4487
2314 3113
2314 3803
2314 4386
2315 2349
2315 2974
2315 3100
2315 3186
2315 3303
2315 3403
2315 3426
2315 3468
2315 3773
2315 3868
2315 3919
2315 4254
2315 4467
2316 2354
2316 2378
2316 2380
2316 2390
2316 2441
2316 2468
2316 2487
2316 2520
2316 2533
2316 2550
2316 2579
2316 2804
2316 2860
2316 2997
2316 3046
2316 3113
2316 3235
2316 3271
2316 3471
2316 3535
2316 3553
2316 3691
2316 3749
2316 3770
2316 3924
2316 3931
2316 4092
2316 4100
2316 4104
2316 4114
2316 4119
2316 4169
2316 4230
2316 4327
2316 4342
2316 4381
2316 4387
2316 4451
2316 4457
2316 4459
2317 2859
2317 2933
2317 3031
2317 3060
2317 3740
2317 3796
2317 3896
2317 4015
2317 4085
2317 4282
2318 2407
2318 2562
2318 2675
2318 2796
2318 2998
2318 3025
2318 3113
2318 3229
2318 3363
2318 3390
2318 3527
2318 3536
2318 4206
2318 4226
2319 3113
2320 2339
2320 2345
2320 2437
2320 2654
2320 2844
2320 2908
2320 2942
2320 3000
2320 3158
2320 3308
2320 4032
2320 4423
2321 2390
2321 2502
2321 2579
2321 2634
2321 2808
2321 3063
2321 3113
2321 3307
2321 3481
2321 3496
2321 4367
2322 3468
2322 4014
2322 4097
2323 2437
2323 2931
2323 3026
2323 3233
2323 3649
2324 4015
2325 2414
2325 2416
2325 2423
2325 2525
2325 2633
2325 2728
2325 2875
2325 2996
2325 3041
2325 3113
2325 3168
2325 3214
2325 3336
2325 3767
2325 3782
2325 4064
2325 4196
2325 4289
2326 2342
2326 2344
2326 2830
2326 3307
2326 4473
2327 2709
2327 2814
2327 3185
2327 3547
2327 3931
2327 4039
2327 4073
2327 4204
2327 4325
2327 4375
2327 4417
2328 2426
2328 2543
2328 2690
2328 2750
2328 3021
2328 3661
2328 3680
2328 3938
2329 2447
2329 2820
2329 2994
2329 3007
2329 3014
2329 3093
2329 3280
2329 3397
2329 3645
2329 3853
2329 4039
2329 4179
2329 4246
2329 4279
2329 4456
2330 2848
2330 2984
2330 3113
2330 3223
2330 3336
2330 3344
2330 3424
2330 3483
2330 3670
2330 3754
2330 3988
2330 4084
2330 4096
2330 4244
2331 2470
2331 2694
2331 2767
2331 2804
2331 2887
2331 2939
2331 2957
2331 3093
2331 3459
2331 3540
2331 3613
2331 3625
2331 3852
2331 3934
2331 4039
2331 4190
2331 4195
2331 4210
2331 4243
2331 4435
2331 4456
2331 4474
2332 2336
2332 2343
2332 2350
2332 2419
2332 2443
2332 2514
2332 2544
2332 2608
2332 2730
2332 2761
2332 2826
2332 2861
2332 2882
2332 3055
2332 3070
2332 3100
2332 3204
2332 3231
2332 3238
2332 3257
2332 3277
2332 3325
2332 3451
2332 3468
2332 3534
2332 3609
2332 3622
2332 3750
2332 3787
2332 3868
2332 3954
2332 4211
2332 4273
2332 4314
2332 4345
2332 4462
2333 2530
2333 2570
2333 2680
2333 2686
2333 3012
2333 3240
2333 3702
2333 3933
2333 4106
2333 4401
2333 4407
2334 2357
2334 2404
2334 2430
2334 2501
2334 2555
2334 2589
2334 2592
2334 2614
2334 2628
2334 2631
2334 2648
2334 2649
2334 2656
2334 2751
2334 2771
2334 2781
2334 2830
2334 2850
2334 2863
2334 2867
2334 2920
2334 2954
2334 3010
2334 3017
2334 3023
2334 3024
2334 3034
2334 3058
2334 3123
2334 3131
2334 3152
2334 3189
2334 3194
2334 3213
2334 3237
2334 3252
2334 3265
2334 3275
2334 3290
2334 3321
2334 3331
2334 3354
2334 3406
2334 3501
2334 3541
2334 3565
2334 3589
2334 3621
2334 3638
2334 3654
2334 3666
2334 3672
2334 3678
2334 3697
2334 3742
2334 3769
2334 3776
2334 3837
2334 3848
2334 3875
2334 3950
2334 4076
2334 4134
2334 4139
2334 4181
2334 4240
2334 4242
2334 4250
2334 4272
2334 4293
2334 4309
2334 4316
2334 4326
2334 4330
2334 4360
2334 4377
2334 4425
2334 4431
2334 4432
2334 4450
2334 4482
2335 2530
2335 2686
2335 3012
2335 3381
2335 3798
2335 3993
2335 4187
2336 2343
2336 2419
2336 2443
2336 2544
2336 2599
2336 2608
2336 2769
2336 2861
2336 2882
2336 2940
2336 3204
2336 3205
2336 3231
2336 3257
2336 3297
2336 3325
2336 3409
2336 3434
2336 3451
2336 3468
2336 3534
2336 3609
2336 3622
2336 3732
2336 3733
2336 3750
2336 3787
2336 3868
2336 3935
2336 4171
2336 4211
2336 4350
2337 2462
2337 2471
2337 2846
2337 3087
2337 3113
2337 3263
2337 3306
2337 3659
2337 4453
2338 3130
2338 3641
2338 4321
2339 2345
2339 2585
2339 2654
2339 2921
2339 2942
2339 3000
2339 3026
2339 3158
2339 3188
2339 3193
2339 3308
2339 3500
2339 3649
2339 3832
2339 4252
2339 4423
2340 2528
2340 2976
2341 2384
2341 2385
2341 2458
2341 2470
2341 2474
2341 2660
2341 2664
2341 2669
2341 2675
2341 2693
2341 2694
2341 2718
2341 2775
2341 2803
2341 2804
2341 2806
2341 2820
2341 2823
2341 2903
2341 2917
2341 2925
2341 2934
2341 2939
2341 2957
2341 2994
2341 2996
2341 3007
2341 3008
2341 3009
2341 3014
2341 3043
2341 3049
2341 3113
2341 3150
2341 3157
2341 3164
2341 3241
2341 3269
2341 3280
2341 3288
2341 3352
2341 3354
2341 3457
2341 3502
2341 3506
2341 3540
2341 3561
2341 3570
2341 3625
2341 3630
2341 3671
2341 3700
2341 3769
2341 3777
2341 3853
2341 3877
2341 3934
2341 3949
2341 3991
2341 3993
2341 4039
2341 4077
2341 4086
2341 4109
2341 4130
2341 4137
2341 4143
2341 4195
2341 4246
2341 4279
2341 4299
2341 4378
2341 4402
2341 4412
2341 4435
2341 4441
2341 4456
2341 4463
2341 4475
2341 4481
2343 2383
2343 2419
2343 2443
2343 2538
2343 2544
2343 2565
2343 2597
2343 2599
2343 2608
2343 2624
2343 2626
2343 2641
2343 2730
2343 2769
2343 2940
2343 3055
2343 3100
2343 3108
2343 3125
2343 3152
2343 3160
2343 3183
2343 3204
2343 3205
2343 3217
2343 3231
2343 3238
2343 3257
2343 3261
2343 3297
2343 3325
2343 3369
2343 3409
2343 3434
2343 3451
2343 3468
2343 3534
2343 3594
2343 3609
2343 3612
2343 3642
2343 3732
2343 3733
2343 3750
2343 3787
2343 3820
2343 3867
2343 3868
2343 3873
2343 3876
2343 3925
2343 3935
2343 3954
2343 3987
2343 4078
2343 4089
2343 4211
2343 4255
2343 4273
2343 4306
2343 4314
2343 4315
2343 4345
2343 4350
2343 4393
2343 4419
2343 4471
2344 2651
2344 2886
2344 4164
2345 2908
2345 3000
2346 2829
2346 4282
2347 2529
2347 3012
2347 3077
2347 3179
2347 3674
2347 3702
2347 3768
2347 3933
2347 3966
2347 4112
2347 4323
2347 4366
2348 2543
2348 2690
2348 3021
2348 3530
2348 3587
2348 3661
2348 4365
2349 2974
2349 3110
2349 3230
2349 3303
2349 3426
2349 3468
2349 3743
2349 3773
2349 3780
2349 4220
2349 4239
2349 4264
2349 4322
2349 4467
2350 2419
2350 2443
2350 2544
2350 2624
2350 2761
2350 3070
2350 3073
2350 3100
2350 3133
2350 3231
2350 3257
2350 3325
2350 3368
2350 3451
2350 3468
2350 3601
2350 3609
2350 3750
2350 3773
2350 3787
2350 3789
2350 3868
2350 3876
2350 3954
2350 4002
2350 4089
2350 4251
2350 4253
2350 4273
2350 4306
2351 2484
2351 2533
2351 2579
2351 2634
2351 2669
2351 2684
2351 2804
2351 2997
2351 3063
2351 3113
2351 3285
2351 3307
2351 3424
2351 3443
2351 3471
2351 3481
2351 3598
2351 3691
2351 3749
2351 3849
2351 3874
2351 3931
2351 4094
2351 4128
2351 4233
2351 4381
2352 2358
2352 3139
2352 3632
2352 3879
2352 3880
2352 3976
2352 4224
2352 4338
2353 3429
2353 3468
2353 3614
2353 3943
2354 2378
2354 2804
2354 2860
2354 3113
2354 3282
2354 3362
2354 3471
2354 3770
2354 3924
2354 4100
2354 4104
2354 4209
2354 4297
2354 4381
2354 4451
2354 4457
2355 2515
2355 2569
2355 2725
2355 2812
2355 3050
2355 3652
2355 4010
2355 4101
2355 4328
2356 2372
2356 2499
2356 2524
2356 2600
2356 2658
2356 2672
2356 2686
2356 2701
2356 2755
2356 2758
2356 2776
2356 2787
2356 2794
2356 2822
2356 2833
2356 2837
2356 2858
2356 2899
2356 2910
2356 3009
2356 3082
2356 3107
2356 3108
2356 3112
2356 3138
2356 3162
2356 3293
2356 3327
2356 3365
2356 3408
2356 3487
2356 3505
2356 3611
2356 3685
2356 3706
2356 3708
2356 3724
2356 3828
2356 3899
2356 3991
2356 4023
2356 4037
2356 4058
2356 4080
2356 4115
2356 4145
2356 4154
2356 4219
2356 4287
2356 4294
2356 4346
2356 4398
2356 4410
2356 4454
2356 4478
2357 2404
2357 2430
2357 2453
2357 2555
2357 2583
2357 2589
2357 2592
2357 2628
2357 2631
2357 2648
2357 2649
2357 2656
2357 2744
2357 2751
2357 2781
2357 2830
2357 2838
2357 2850
2357 2863
2357 2901
2357 2920
2357 3010
2357 3011
2357 3017
2357 3020
2357 3023
2357 3034
2357 3051
2357 3058
2357 3082
2357 3131
2357 3170
2357 3178
2357 3189
2357 3194
2357 3213
2357 3237
2357 3252
2357 3290
2357 3321
2357 3331
2357 3404
2357 3413
2357 3501
2357 3519
2357 3541
2357 3589
2357 3638
2357 3666
2357 3678
2357 3697
2357 3742
2357 3762
2357 3776
2357 3837
2357 3848
2357 3875
2357 3950
2357 4076
2357 4134
2357 4139
2357 4240
2357 4242
2357 4250
2357 4272
2357 4307
2357 4309
2357 4316
2357 4317
2357 4326
2357 4330
2357 4425
2357 4431
2357 4450
2357 4470
2358 2429
2358 2459
2358 2495
2358 2810
2358 3425
2358 4058
2358 4145
2359 2405
2359 2425
2359 2609
2359 2715
2359 2989
2359 3400
2359 3459
2359 3650
2359 3778
2359 3904
2359 4071
2359 4143
2360 2418
2360 2477
2360 2597
2360 2624
2360 2941
2360 3055
2360 3070
2360 3088
2360 3100
2360 3160
2360 3238
2360 3366
2360 3409
2360 3433
2360 3468
2360 3612
2360 3622
2360 3645
2360 3868
2360 3873
2360 3876
2360 3916
2360 3935
2360 4002
2360 4078
2360 4103
2360 4225
2360 4315
2360 4350
2360 4419
2361 2488
2361 2759
2361 3174
2361 3768
2361 3798
2362 2906
2362 3284
2362 3634
2362 3699
2362 3795
2362 3978
2362 4015
2363 2435
2363 2755
2363 2787
2363 2888
2363 3034
2363 3113
2363 3556
2363 3666
2363 3819
2363 3890
2363 4023
2363 4076
2363 4134
2364 2591
2364 2848
2364 3052
2364 3113
2364 3450
2364 3483
2364 3823
2364 3844
2364 3872
2364 4355
2364 4392
2365 4015
2366 2450
2366 2659
2366 2732
2366 2801
2366 2880
2366 2907
2366 3061
2366 3113
2366 3129
2366 3132
2366 3181
2366 3299
2366 3399
2366 3521
2366 3528
2366 3647
2366 3648
2366 3720
2366 3728
2366 3784
2366 3794
2366 3878
2366 3897
2366 4008
2366 4052
2366 4396
2367 2427
2367 2468
2367 2623
2367 2644
2367 2836
2367 3041
2367 3113
2367 3483
2367 3504
2367 3616
2367 3870
2367 3894
2367 3967
2367 4081
2367 4122
2367 4339
2367 4356
2367 4460
2367 4484
2368 2543
2368 2589
2368 2821
2368 2948
2368 3082
2368 3100
2368 3113
2368 3131
2368 3181
2368 3187
2368 3682
2368 3733
2368 3837
2368 3848
2368 3875
2368 3893
2368 3950
2368 4015
2368 4021
2368 4042
2368 4145
2368 4185
2368 4192
2368 4193
2368 4298
2368 4309
2368 4330
2368 4398
2368 4425
2368 4459
2368 4482
2369 2401
2369 3036
2369 3102
2369 3169
2369 3610
2370 2521
2370 2526
2370 2596
2370 2603
2370 2788
2370 2804
2370 2916
2370 2934
2370 3013
2370 3113
2370 3291
2370 3382
2370 3503
2370 3540
2370 3560
2370 3648
2370 3668
2370 3816
2370 3822
2370 3934
2370 4055
2370 4088
2370 4114
2370 4343
2370 4404
2371 2791
2371 3004
2371 3358
2371 3468
2371 3846
2371 3905
2372 2672
2372 2758
2372 2787
2372 2822
2372 2837
2372 3058
2372 3082
2372 3112
2372 3365
2372 3611
2372 3685
2372 3724
2372 3783
2372 4058
2372 4124
2372 4178
2372 4219
2372 4398
2373 3044
2373 3197
2373 4015
2373 4452
2374 3255
2374 3551
2374 4213
2374 4218
2374 4354
2375 2553
2375 2613
2375 2632
2375 2789
2375 2800
2375 2802
2375 3015
2375 3118
2375 3244
2375 3378
2375 3468
2375 3595
2375 3633
2375 3826
2375 4074
2375 4192
2375 4214
2375 4222
2375 4241
2375 4266
2375 4448
2376 2448
2376 2581
2376 2814
2376 2870
2376 2895
2376 3313
2376 3322
2376 3581
2376 3684
2376 3929
2376 4015
2377 2389
2377 2463
2377 2543
2377 2835
2377 3021
2377 3509
2377 3530
2377 3664
2377 3938
2377 4091
2377 4297
2378 2380
2378 2390
2378 2441
2378 2468
2378 2484
2378 2487
2378 2520
2378 2550
2378 2634
2378 2669
2378 2804
2378 2860
2378 2997
2378 3101
2378 3113
2378 3271
2378 3282
2378 3351
2378 3443
2378 3471
2378 3535
2378 3553
2378 3573
2378 3606
2378 3770
2378 3924
2378 3931
2378 4100
2378 4104
2378 4169
2378 4209
2378 4327
2378 4342
2378 4379
2378 4381
2378 4451
2378 4457
2378 4459
2379 2580
2379 2817
2379 2825
2379 3113
2379 3126
2379 3128
2379 4158
2380 2441
2380 2468
2380 2550
2380 2804
2380 3113
2380 3471
2380 3573
2380 3924
2380 4100
2380 4104
2380 4169
2380 4342
2380 4381
2380 4451
2380 4457
2380 4459
2381 2649
2381 2686
2381 3232
2381 3405
2381 3445
2381 3564
2381 3828
2381 4095
2381 4118
2381 4145
2381 4272
2381 4398
2382 2428
2382 2467
2382 2626
2382 2826
2382 2969
2382 3048
2382 3226
2382 3297
2382 3433
2382 3468
2382 3492
2382 3609
2382 3919
2382 3944
2382 4026
2382 4140
2382 4264
2382 4361
2382 4436
2383 2477
2383 2597
2383 2624
2383 3055
2383 3100
2383 3186
2383 3231
2383 3238
2383 3468
2383 3563
2383 3868
2383 3876
2383 3916
2383 3935
2383 4002
2383 4078
2383 4103
2383 4315
2383 4351
2384 2823
2384 2957
2384 3008
2384 3150
2384 3352
2384 3877
2384 3993
2385 2404
2385 2414
2385 2598
2385 2656
2385 3033
2385 3082
2385 3113
2385 3138
2385 3181
2385 3252
2385 3405
2385 3541
2385 3638
2385 3697
2385 3742
2385 3750
2385 3762
2385 3767
2385 3812
2385 3899
2385 3934
2385 4192
2385 4236
2385 4272
2385 4294
2385 4309
2385 4312
2385 4370
2385 4454
2385 4459
2385 4469
2386 3387
2386 3581
2386 3705
2386 3725
2386 4015
2387 2392
2387 2414
2387 2415
2387 2456
2387 2496
2387 2531
2387 2622
2387 2696
2387 2821
2387 2948
2387 3033
2387 3076
2387 3111
2387 3113
2387 3151
2387 3187
2387 3220
2387 3299
2387 3311
2387 3478
2387 3485
2387 3515
2387 3767
2387 3782
2387 3857
2387 3893
2387 3955
2387 3975
2387 3977
2387 4042
2387 4113
2387 4185
2387 4194
2387 4262
2387 4270
2387 4298
2387 4313
2387 4319
2387 4374
2387 4383
2387 4469
2387 4486
2388 2439
2388 2440
2388 3077
2388 3137
2388 3335
2388 3338
2388 3575
2388 3829
2388 4054
2388 4072
2388 4129
2388 4170
2388 4399
2388 4455
2388 4472
2389 2409
2389 2454
2389 2543
2389 2835
2389 2967
2389 3184
2389 3407
2389 3494
2389 3582
2389 3818
2389 4091
2389 4413
2390 2533
2390 2579
2390 2650
2390 2676
2390 2684
2390 2804
2390 3063
2390 3113
2390 3235
2390 3285
2390 3307
2390 3309
2390 3344
2390 3424
2390 3481
2390 3691
2390 3749
2390 3770
2390 3819
2390 3874
2390 3881
2390 4003
2390 4094
2390 4128
2391 2433
2391 2594
2391 2919
2391 3113
2391 3171
2391 3385
2391 3685
2391 3742
2391 3767
2391 3837
2391 4242
2391 4377
2392 2407
2392 2414
2392 2422
2392 2450
2392 2456
2392 2485
2392 2496
2392 2531
2392 2535
2392 2564
2392 2594
2392 2598
2392 2622
2392 2652
2392 2660
2392 2696
2392 2698
2392 2701
2392 2765
2392 2780
2392 2784
2392 2813
2392 2821
2392 2855
2392 2880
2392 2948
2392 3033
2392 3099
2392 3111
2392 3113
2392 3120
2392 3129
2392 3132
2392 3151
2392 3220
2392 3311
2392 3417
2392 3430
2392 3478
2392 3485
2392 3520
2392 3615
2392 3710
2392 3728
2392 3737
2392 3767
2392 3784
2392 3819
2392 3862
2392 3897
2392 3975
2392 3977
2392 4020
2392 4042
2392 4090
2392 4131
2392 4194
2392 4196
2392 4236
2392 4262
2392 4270
2392 4312
2392 4313
2392 4370
2392 4383
2392 4403
2392 4469
2392 4479
2392 4486
2393 2482
2393 2883
2393 2928
2393 3136
2393 4015
2393 4016
2393 4165
2394 2461
2394 2553
2394 3027
2394 3103
2394 3468
2394 3593
2394 3677
2394 3745
2394 3747
2394 3826
2394 4041
2394 4214
2394 4227
2395 3037
2395 3548
2395 4015
2395 4337
2396 2506
2396 2802
2396 2913
2396 2971
2396 3103
2396 3378
2396 3402
2396 3468
2396 3531
2396 3596
2396 3633
2396 3673
2396 3677
2396 3714
2396 3745
2396 3826
2396 3910
2396 4135
2396 4214
2396 4241
2396 4266
2396 4421
2397 2911
2397 4015
2398 2459
2398 2499
2398 2600
2398 2658
2398 2660
2398 2686
2398 2744
2398 2755
2398 2758
2398 2776
2398 2787
2398 2794
2398 2809
2398 2822
2398 2856
2398 2858
2398 2899
2398 2910
2398 2924
2398 3009
2398 3038
2398 3082
2398 3112
2398 3191
2398 3258
2398 3293
2398 3365
2398 3386
2398 3408
2398 3487
2398 3564
2398 3569
2398 3604
2398 3611
2398 3685
2398 3706
2398 3708
2398 3718
2398 3847
2398 3863
2398 3970
2398 4023
2398 4037
2398 4058
2398 4060
2398 4095
2398 4115
2398 4145
2398 4154
2398 4234
2398 4259
2398 4287
2398 4325
2398 4346
2398 4398
2398 4410
2398 4422
2398 4478
2399 2812
2399 2952
2399 2973
2399 3026
2399 3127
2399 3180
2399 3652
2399 3679
2399 3793
2399 4102
2399 4123
2399 4247
2399 4485
2400 2768
2400 2981
2400 3326
2400 3468
2400 3673
2400 3689
2400 4204
2400 4329
2402 2963
2402 3134
2402 3142
2402 3199
2402 3350
2402 3811
2403 2657
2403 3384
2403 3468
2404 2430
2404 2453
2404 2501
2404 2555
2404 2583
2404 2589
2404 2592
2404 2614
2404 2628
2404 2631
2404 2648
2404 2649
2404 2656
2404 2751
2404 2771
2404 2781
2404 2824
2404 2830
2404 2838
2404 2850
2404 2863
2404 2867
2404 2922
2404 2954
2404 3010
2404 3017
2404 3020
2404 3023
2404 3024
2404 3034
2404 3058
2404 3082
2404 3092
2404 3131
2404 3178
2404 3189
2404 3194
2404 3195
2404 3213
2404 3234
2404 3237
2404 3252
2404 3265
2404 3275
2404 3290
2404 3321
2404 3331
2404 3354
2404 3394
2404 3404
2404 3405
2404 3406
2404 3413
2404 3501
2404 3519
2404 3541
2404 3565
2404 3583
2404 3638
2404 3654
2404 3666
2404 3678
2404 3697
2404 3742
2404 3758
2404 3762
2404 3776
2404 3837
2404 3847
2404 3848
2404 3875
2404 3889
2404 3908
2404 3923
2404 3950
2404 3983
2404 3991
2404 4076
2404 4134
2404 4139
2404 4146
2404 4157
2404 4216
2404 4240
2404 4242
2404 4250
2404 4272
2404 4307
2404 4309
2404 4316
2404 4326
2404 4330
2404 4347
2404 4360
2404 4377
2404 4425
2404 4431
2404 4432
2404 4482
2405 2425
2405 2609
2405 2715
2405 2989
2405 3400
2405 3778
2405 3904
2405 4071
2405 4143
2406 2615
2406 2691
2406 2798
2406 3262
2406 3461
2406 3543
2406 3585
2406 3895
2406 3957
2406 4217
2406 4245
2406 4382
2407 2562
2407 2796
2407 2893
2407 2943
2407 2998
2407 3025
2407 3113
2407 3229
2407 3363
2407 3390
2407 3527
2407 3536
2407 3558
2407 3686
2407 4206
2407 4226
2407 4446
2408 2686
2408 2810
2408 2865
2408 2884
2408 2899
2408 3135
2408 3286
2408 3305
2408 3328
2408 3467
2408 3488
2408 3576
2408 3604
2408 3783
2408 3800
2408 3855
2408 3933
2408 4167
2408 4223
2408 4287
2408 4324
2408 4409
2408 4478
2409 2463
2409 2543
2409 3021
2409 3268
2409 3507
2409 3655
2409 3664
2409 3818
2409 4051
2409 4173
2410 2482
2410 2563
2410 2779
2410 2945
2410 2976
2410 3266
2410 3278
2410 3448
2410 3796
2410 4015
2410 4049
2410 4301
2410 4340
2410 4394
2411 2741
2411 2749
2411 3173
2411 3542
2412 2791
2412 2935
2412 3039
2412 3339
2412 3438
2412 3468
2412 3510
2412 3759
2412 3780
2412 3817
2412 3867
2412 4140
2412 4141
2412 4235
2412 4254
2413 2907
2413 3084
2413 3113
2413 3692
2413 4075
2413 4383
2414 2422
2414 2496
2414 2525
2414 2535
2414 2564
2414 2594
2414 2598
2414 2622
2414 2629
2414 2698
2414 2699
2414 2784
2414 2855
2414 2932
2414 3033
2414 3051
2414 3066
2414 3111
2414 3113
2414 3129
2414 3132
2414 3151
2414 3168
2414 3170
2414 3198
2414 3220
2414 3264
2414 3299
2414 3394
2414 3430
2414 3432
2414 3478
2414 3506
2414 3615
2414 3670
2414 3710
2414 3713
2414 3722
2414 3728
2414 3737
2414 3767
2414 3784
2414 3819
2414 3847
2414 3897
2414 3987
2414 4003
2414 4020
2414 4021
2414 4042
2414 4056
2414 4067
2414 4070
2414 4138
2414 4146
2414 4153
2414 4185
2414 4188
2414 4193
2414 4196
2414 4262
2414 4270
2414 4289
2414 4290
2414 4293
2414 4298
2414 4312
2414 4313
2414 4331
2414 4370
2414 4383
2414 4389
2414 4469
2414 4479
2414 4486
2415 2422
2415 2496
2415 2564
2415 2594
2415 2622
2415 2683
2415 2780
2415 2805
2415 2821
2415 2855
2415 2909
2415 2950
2415 2977
2415 3061
2415 3066
2415 3113
2415 3129
2415 3185
2415 3187
2415 3264
2415 3349
2415 3417
2415 3430
2415 3478
2415 3520
2415 3562
2415 3615
2415 3710
2415 3728
2415 3737
2415 3767
2415 3777
2415 3784
2415 3797
2415 3812
2415 3850
2415 3857
2415 3860
2415 3862
2415 3893
2415 3897
2415 3955
2415 3975
2415 3998
2415 4040
2415 4042
2415 4138
2415 4147
2415 4153
2415 4185
2415 4236
2415 4262
2415 4270
2415 4290
2415 4298
2415 4312
2415 4317
2415 4319
2415 4370
2415 4383
2415 4389
2415 4479
2415 4486
2416 2423
2416 2728
2416 2996
2416 3113
2416 3168
2416 3214
2416 3336
2417 2532
2417 2546
2417 2588
2417 3113
2417 3389
2417 4097
2418 2538
2418 3160
2418 3205
2418 3231
2418 3303
2418 3403
2418 3409
2418 3468
2418 3594
2418 4231
2418 4306
2418 4419
2419 2424
2419 2443
2419 2544
2419 2608
2419 2730
2419 3070
2419 3100
2419 3204
2419 3226
2419 3231
2419 3238
2419 3257
2419 3277
2419 3325
2419 3451
2419 3468
2419 3534
2419 3609
2419 3622
2419 3733
2419 3750
2419 3787
2419 3820
2419 3916
2419 3935
2419 3954
2419 4089
2419 4141
2419 4253
2419 4255
2419 4306
2419 4345
2420 2442
2420 2450
2420 2476
2420 2524
2420 2594
2420 2659
2420 2699
2420 2726
2420 2728
2420 2732
2420 2733
2420 2743
2420 2744
2420 2801
2420 2992
2420 3033
2420 3061
2420 3076
2420 3113
2420 3129
2420 3151
2420 3181
2420 3187
2420 3196
2420 3264
2420 3327
2420 3392
2420 3417
2420 3430
2420 3464
2420 3478
2420 3515
2420 3521
2420 3528
2420 3615
2420 3647
2420 3715
2420 3739
2420 3767
2420 3782
2420 3784
2420 3812
2420 3819
2420 3878
2420 3893
2420 3897
2420 3961
2420 3975
2420 4008
2420 4020
2420 4052
2420 4138
2420 4185
2420 4236
2420 4270
2420 4298
2420 4317
2420 4383
2420 4389
2420 4403
2420 4441
2420 4488
2421 2427
2421 2608
2421 2940
2421 2974
2421 3160
2421 3226
2421 3231
2421 3297
2421 3368
2421 3468
2421 4220
2421 4350
2421 4393
2422 2442
2422 2450
2422 2491
2422 2531
2422 2535
2422 2558
2422 2594
2422 2598
2422 2619
2422 2622
2422 2652
2422 2659
2422 2699
2422 2726
2422 2743
2422 2801
2422 2805
2422 2806
2422 2821
2422 2948
2422 2950
2422 3033
2422 3076
2422 3084
2422 3111
2422 3113
2422 3129
2422 3151
2422 3170
2422 3185
2422 3198
2422 3220
2422 3261
2422 3264
2422 3299
2422 3385
2422 3417
2422 3436
2422 3464
2422 3478
2422 3485
2422 3521
2422 3615
2422 3708
2422 3710
2422 3715
2422 3728
2422 3737
2422 3739
2422 3767
2422 3782
2422 3784
2422 3819
2422 3878
2422 3893
2422 3897
2422 3977
2422 3991
2422 3998
2422 4042
2422 4056
2422 4132
2422 4138
2422 4153
2422 4174
2422 4188
2422 4193
2422 4236
2422 4262
2422 4270
2422 4290
2422 4293
2422 4312
2422 4313
2422 4341
2422 4383
2422 4389
2422 4426
2422 4479
2422 4486
2423 2496
2423 2728
2423 2948
2423 2996
2423 3002
2423 3066
2423 3111
2423 3113
2423 3151
2423 3168
2423 3214
2423 3299
2423 3329
2423 3336
2423 3379
2423 3388
2423 3399
2423 3417
2423 3515
2423 3520
2423 3562
2423 3605
2423 3615
2423 3665
2423 3708
2423 3728
2423 3767
2423 3857
2423 3862
2423 3893
2423 3955
2423 4153
2423 4196
2423 4202
2423 4218
2423 4270
2423 4290
2423 4313
2423 4334
2423 4370
2424 2959
2424 3447
2424 3468
2425 2609
2425 2715
2425 2989
2425 3400
2425 3650
2425 3778
2425 3904
2425 4071
2425 4143
2426 2463
2426 2543
2426 3021
2426 3494
2426 3530
2426 3661
2426 3938
2426 4019
2426 4091
2426 4093
2426 4156
2427 3920
2427 3971
2427 4102
2428 3227
2428 3468
2428 3658
2428 4028
2428 4083
2428 4436
2429 2495
2429 2566
2429 2600
2429 2617
2429 2702
2429 2787
2429 2810
2429 3038
2429 3135
2429 3192
2429 3253
2429 3569
2429 3685
2429 3696
2429 4058
2429 4167
2429 4197
2429 4258
2430 2453
2430 2491
2430 2501
2430 2555
2430 2583
2430 2589
2430 2592
2430 2614
2430 2628
2430 2631
2430 2648
2430 2649
2430 2656
2430 2751
2430 2771
2430 2781
2430 2830
2430 2850
2430 2863
2430 2867
2430 2901
2430 2950
2430 2954
2430 2991
2430 3010
2430 3011
2430 3017
2430 3020
2430 3023
2430 3024
2430 3034
2430 3058
2430 3064
2430 3082
2430 3120
2430 3123
2430 3124
2430 3131
2430 3178
2430 3189
2430 3194
2430 3195
2430 3213
2430 3225
2430 3237
2430 3252
2430 3265
2430 3275
2430 3290
2430 3321
2430 3331
2430 3343
2430 3354
2430 3356
2430 3404
2430 3405
2430 3406
2430 3413
2430 3446
2430 3501
2430 3510
2430 3519
2430 3541
2430 3565
2430 3583
2430 3589
2430 3638
2430 3654
2430 3666
2430 3678
2430 3697
2430 3742
2430 3758
2430 3762
2430 3776
2430 3837
2430 3848
2430 3875
2430 3889
2430 3908
2430 3950
2430 3983
2430 3987
2430 4023
2430 4057
2430 4070
2430 4076
2430 4095
2430 4115
2430 4131
2430 4134
2430 4139
2430 4146
2430 4199
2430 4224
2430 4240
2430 4242
2430 4250
2430 4260
2430 4272
2430 4307
2430 4309
2430 4316
2430 4326
2430 4330
2430 4347
2430 4360
2430 4377
2430 4425
2430 4431
2430 4432
2430 4450
2430 4475
2430 4482
2431 2501
2431 2555
2431 2649
2431 2689
2431 2867
2431 3017
2431 3034
2431 3131
2431 3194
2431 3225
2431 3445
2431 3458
2431 3678
2431 3762
2431 3848
2431 4023
2431 4037
2431 4157
2431 4216
2431 4232
2431 4296
2431 4309
2431 4326
2431 4332
2431 4432
2432 4218
2433 2863
2433 2919
2433 3113
2433 3171
2433 3385
2433 3685
2433 3742
2433 3767
2433 3837
2433 4242
2433 4377
2434 2890
2434 3545
2434 4015
2435 2755
2435 2888
2435 3113
2435 3178
2435 3187
2435 3556
2435 3819
2435 3890
2435 4023
2435 4076
2436 2484
2436 2533
2436 2550
2436 2579
2436 2684
2436 2997
2436 3113
2436 3119
2436 3235
2436 3250
2436 3307
2436 3598
2436 3749
2436 3754
2436 3843
2436 3849
2436 4094
2436 4119
2437 2500
2437 2512
2437 2515
2437 2542
2437 2921
2437 2931
2437 2942
2437 3026
2437 3158
2437 3193
2437 3233
2437 3239
2437 3308
2437 3383
2437 3649
2437 3734
2437 3832
2437 4420
2438 2687
2438 2717
2438 2882
2438 3054
2438 3332
2438 3468
2438 3525
2438 3794
2438 4322
2439 2440
2439 2577
2439 2700
2439 2753
2439 3035
2439 3077
2439 3137
2439 3335
2439 3338
2439 3490
2439 3550
2439 3575
2439 3911
2439 3922
2439 4054
2439 4072
2439 4129
2439 4281
2439 4399
2439 4449
2439 4455
2439 4472
2440 2494
2440 2577
2440 2753
2440 3035
2440 3077
2440 3137
2440 3335
2440 3338
2440 3460
2440 3490
2440 3550
2440 3774
2440 3892
2440 3922
2440 3999
2440 4005
2440 4054
2440 4072
2440 4129
2440 4168
2440 4170
2440 4281
2440 4399
2440 4455
2441 2468
2441 2487
2441 2520
2441 2550
2441 2804
2441 3113
2441 3271
2441 3282
2441 3471
2441 3573
2441 3931
2441 4100
2441 4169
2441 4209
2441 4230
2441 4327
2441 4342
2441 4381
2441 4451
2441 4457
2441 4459
2442 2450
2442 2476
2442 2491
2442 2594
2442 2619
2442 2698
2442 2699
2442 2726
2442 2784
2442 2821
2442 2869
2442 3033
2442 3076
2442 3113
2442 3129
2442 3151
2442 3264
2442 3299
2442 3392
2442 3417
2442 3464
2442 3478
2442 3485
2442 3515
2442 3520
2442 3521
2442 3528
2442 3586
2442 3728
2442 3739
2442 3767
2442 3782
2442 3784
2442 3819
2442 3863
2442 3878
2442 3897
2442 3961
2442 4008
2442 4020
2442 4042
2442 4052
2442 4113
2442 4147
2442 4153
2442 4174
2442 4185
2442 4188
2442 4236
2442 4270
2442 4290
2442 4313
2442 4383
2442 4433
2442 4488
2443 2544
2443 2599
2443 2608
2443 2769
2443 2826
2443 2861
2443 2882
2443 2940
2443 3070
2443 3100
2443 3204
2443 3205
2443 3217
2443 3231
2443 3238
2443 3257
2443 3297
2443 3325
2443 3409
2443 3434
2443 3451
2443 3468
2443 3534
2443 3609
2443 3622
2443 3642
2443 3732
2443 3733
2443 3750
2443 3787
2443 3799
2443 3867
2443 3868
2443 3935
2443 4141
2443 4168
2443 4211
2443 4255
2443 4273
2444 2736
2444 3106
2445 2993
2445 4285
2446 2659
2446 3076
2446 3113
2446 3264
2446 3452
2446 4389
2446 4433
2447 2470
2447 2804
2447 2820
2447 2994
2447 3007
2447 3008
2447 3014
2447 3093
2447 3280
2447 3397
2447 3540
2447 3645
2447 3650
2447 3852
2447 3934
2447 4179
2447 4378
2447 4456
2447 4474
2448 2581
2448 2814
2448 2895
2448 3141
2448 3313
2448 3322
2448 3391
2448 3684
2448 3744
2448 3929
2448 4015
2449 2507
2449 2553
2449 2674
2449 2736
2449 2864
2449 2866
2449 2913
2449 2981
2449 3176
2449 3378
2449 3468
2449 3476
2449 3531
2449 3595
2449 3596
2449 3629
2449 3673
2449 3682
2449 3745
2449 3805
2449 3910
2449 4041
2449 4120
2449 4135
2449 4405
2449 4430
2449 4438
2450 2476
2450 2485
2450 2564
2450 2594
2450 2619
2450 2659
2450 2678
2450 2696
2450 2698
2450 2699
2450 2726
2450 2732
2450 2744
2450 2774
2450 2801
2450 2838
2450 2855
2450 3076
2450 3084
2450 3111
2450 3113
2450 3129
2450 3181
2450 3202
2450 3234
2450 3299
2450 3311
2450 3327
2450 3369
2450 3392
2450 3399
2450 3417
2450 3423
2450 3457
2450 3478
2450 3515
2450 3520
2450 3521
2450 3528
2450 3586
2450 3615
2450 3647
2450 3710
2450 3715
2450 3723
2450 3728
2450 3737
2450 3739
2450 3767
2450 3782
2450 3784
2450 3797
2450 3812
2450 3862
2450 3878
2450 3897
2450 3961
2450 3975
2450 3991
2450 4008
2450 4021
2450 4042
2450 4043
2450 4052
2450 4056
2450 4067
2450 4070
2450 4138
2450 4153
2450 4174
2450 4185
2450 4188
2450 4194
2450 4236
2450 4262
2450 4270
2450 4290
2450 4298
2450 4313
2450 4352
2450 4389
2450 4479
2450 4486
2451 2804
2451 2934
2451 3113
2451 3115
2451 3164
2451 3210
2451 3540
2451 3560
2452 2651
2452 2942
2452 3158
2452 3188
2452 3308
2452 3364
2452 3427
2452 3510
2452 3734
2452 4025
2453 2555
2453 2583
2453 2589
2453 2614
2453 2751
2453 2781
2453 2830
2453 2920
2453 3011
2453 3024
2453 3082
2453 3131
2453 3194
2453 3213
2453 3275
2453 3406
2453 3666
2453 3742
2453 3908
2453 4134
2453 4139
2453 4181
2453 4240
2453 4242
2453 4272
2453 4307
2453 4316
2453 4326
2453 4330
2453 4425
2453 4432
2454 2486
2454 2561
2454 2578
2454 2688
2454 2743
2454 2835
2454 3494
2454 3551
2454 3629
2454 3661
2454 3695
2454 3702
2454 3984
2454 4007
2454 4091
2454 4193
2454 4238
2454 4413
2455 2619
2455 2758
2455 3010
2455 3024
2455 3082
2455 3113
2455 3129
2455 3252
2455 3406
2455 3408
2455 3417
2455 3468
2455 3478
2455 3604
2455 3654
2455 3678
2455 3739
2455 3758
2455 3762
2455 4042
2455 4145
2455 4147
2455 4188
2455 4193
2455 4236
2455 4360
2455 4425
2455 4431
2455 4488
2456 2531
2456 2821
2456 2855
2456 2881
2456 2948
2456 3033
2456 3113
2456 3129
2456 3132
2456 3151
2456 3198
2456 3220
2456 3485
2456 3562
2456 3737
2456 3961
2456 4020
2456 4188
2456 4270
2456 4313
2456 4370
2457 2535
2457 3113
2457 3430
2457 3528
2457 3897
2457 4298
2457 4312
2457 4383
2458 2470
2458 2474
2458 2568
2458 2662
2458 2694
2458 2889
2458 2927
2458 2939
2458 3008
2458 3502
2458 3540
2458 3561
2458 4039
2458 4077
2458 4412
2458 4463
2459 2495
2459 2600
2459 2672
2459 2702
2459 2755
2459 2810
2459 2899
2459 3038
2459 3112
2459 3138
2459 3162
2459 3260
2459 3425
2459 3474
2459 3487
2459 3505
2459 3569
2459 3576
2459 3604
2459 3611
2459 3718
2459 3724
2459 3829
2459 3833
2459 4058
2459 4145
2459 4167
2459 4287
2459 4406
2459 4454
2459 4461
2460 2985
2460 4427
2461 2632
2461 2708
2461 3468
2461 4409
2462 2613
2462 3113
2462 3388
2462 3624
2463 2527
2463 2543
2463 2568
2463 2630
2463 2773
2463 2835
2463 3021
2463 3276
2463 3320
2463 3407
2463 3494
2463 3587
2463 3639
2463 3651
2463 3655
2463 3661
2463 3938
2463 4013
2463 4019
2463 4091
2463 4093
2463 4136
2463 4156
2463 4413
2465 3179
2465 3401
2465 3445
2466 3337
2466 3468
2466 3510
2466 3525
2466 3814
2466 4141
2466 4235
2466 4359
2467 2761
2467 3045
2467 3048
2467 3212
2467 3226
2467 3337
2467 3468
2467 3750
2467 3876
2467 3925
2467 3954
2467 4253
2467 4273
2467 4315
2467 4361
2467 4471
2468 2520
2468 2550
2468 2676
2468 2764
2468 2804
2468 2997
2468 3113
2468 3271
2468 3355
2468 3370
2468 3443
2468 3471
2468 3526
2468 3553
2468 3870
2468 3883
2468 3894
2468 3924
2468 3931
2468 3967
2468 4029
2468 4100
2468 4104
2468 4169
2468 4209
2468 4244
2468 4327
2468 4342
2468 4381
2468 4451
2468 4457
2468 4459
2468 4487
2469 2940
2469 3468
2469 4014
2469 4097
2469 4358
2469 4436
2470 2669
2470 2694
2470 2728
2470 2804
2470 2820
2470 2939
2470 2957
2470 2994
2470 3007
2470 3008
2470 3014
2470 3049
2470 3093
2470 3113
2470 3210
2470 3214
2470 3280
2470 3503
2470 3540
2470 3560
2470 3561
2470 3630
2470 3852
2470 3853
2470 3934
2470 3949
2470 4011
2470 4039
2470 4055
2470 4077
2470 4246
2470 4265
2470 4279
2470 4402
2470 4412
2471 2697
2471 3113
2471 3526
2471 3662
2471 4006
2471 4068
2472 2642
2472 2739
2472 2859
2472 3031
2472 3094
2472 3254
2472 3374
2472 3796
2472 3902
2472 4015
2472 4082
2472 4085
2472 4189
2472 4304
2472 4305
2472 4337
2472 4395
2473 2686
2473 2776
2473 2787
2473 2794
2473 2809
2473 2858
2473 3082
2473 3107
2473 3246
2473 3258
2473 3365
2473 3408
2473 3487
2473 3564
2473 3611
2473 3685
2473 3706
2473 3718
2473 3908
2473 4080
2473 4095
2473 4145
2473 4259
2473 4398
2473 4410
2473 4465
2474 2675
2474 2694
2474 2889
2474 2917
2474 2927
2474 2994
2474 3007
2474 3008
2474 3043
2474 3157
2474 3280
2474 3630
2474 3853
2474 4039
2474 4137
2474 4143
2474 4195
2474 4246
2474 4378
2474 4412
2474 4456
2475 3380
2475 3470
2475 3755
2475 3827
2475 4424
2476 2699
2476 2821
2476 2855
2476 2937
2476 2948
2476 3033
2476 3076
2476 3111
2476 3113
2476 3129
2476 3264
2476 3392
2476 3464
2476 3521
2476 3528
2476 3647
2476 3739
2476 3782
2476 3802
2476 3812
2476 3961
2476 4008
2476 4020
2476 4147
2476 4185
2476 4188
2476 4248
2476 4409
2476 4488
2477 2597
2477 2624
2477 3055
2477 3100
2477 3409
2477 3468
2477 3868
2477 3876
2477 4103
2477 4351
2478 2532
2478 2588
2478 2596
2478 2990
2478 3113
2478 3608
2478 3932
2478 4003
2478 4443
2479 2987
2479 3140
2479 3541
2480 2496
2480 2784
2480 2855
2480 3033
2480 3061
2480 3113
2480 3129
2480 3151
2480 3187
2480 3196
2480 3392
2480 3430
2480 3432
2480 3528
2480 3562
2480 3586
2480 3728
2480 3893
2480 3961
2480 4147
2480 4153
2480 4193
2480 4202
2480 4270
2480 4298
2480 4313
2480 4370
2480 4374
2480 4396
2480 4479
2480 4488
2481 2967
2482 2709
2482 2883
2482 2898
2482 2900
2482 2928
2482 3072
2482 3136
2482 3177
2482 3278
2482 3283
2482 3287
2482 3851
2482 3926
2482 4015
2482 4016
2482 4165
2482 4447
2483 2729
2483 3113
2483 3154
2483 3220
2483 3485
2483 3564
2483 3646
2483 3794
2483 3803
2483 3977
2483 4396
2484 2533
2484 2669
2484 2684
2484 2997
2484 3063
2484 3113
2484 3285
2484 3307
2484 3309
2484 3535
2484 3598
2484 3606
2484 3749
2484 3849
2484 3924
2484 4104
2484 4128
2484 4381
2485 2543
2485 2652
2485 2669
2485 2699
2485 2776
2485 3100
2485 3111
2485 3246
2485 3468
2485 3519
2485 3848
2485 3961
2485 4015
2485 4080
2485 4188
2485 4236
2485 4312
2485 4316
2485 4383
2485 4410
2485 4461
2485 4488
2486 2509
2486 2543
2486 3582
2487 2545
2487 2669
2487 2804
2487 3113
2487 3471
2487 3496
2487 3598
2487 3924
2487 3931
2487 4100
2487 4169
2487 4327
2487 4342
2487 4381
2487 4451
2487 4457
2487 4459
2488 2772
2488 2962
2488 2999
2488 3174
2489 2620
2490 2637
2490 3402
2490 3468
2490 3633
2490 3677
2491 2501
2491 2543
2491 2564
2491 2583
2491 2594
2491 2686
2491 2802
2491 2863
2491 3020
2491 3113
2491 3129
2491 3178
2491 3231
2491 3246
2491 3275
2491 3405
2491 3417
2491 3519
2491 3569
2491 3589
2491 3708
2491 3733
2491 4015
2491 4023
2491 4076
2491 4095
2491 4138
2491 4181
2491 4236
2491 4250
2491 4309
2491 4316
2491 4398
2491 4432
2491 4459
2492 2559
2492 3352
2492 3859
2493 3179
2493 3218
2493 3219
2493 3445
2493 3518
2493 3830
2493 4027
2493 4035
2493 4461
2494 2577
2494 2753
2494 3035
2494 3077
2494 3137
2494 3335
2494 3460
2494 3490
2494 3550
2494 3575
2494 3774
2494 3892
2494 3911
2494 3922
2494 3999
2494 4005
2494 4054
2494 4072
2494 4129
2494 4170
2494 4281
2494 4399
2494 4449
2494 4455
2494 4472
2495 2566
2495 2617
2495 2672
2495 2702
2495 2776
2495 2787
2495 2810
2495 2822
2495 2924
2495 3038
2495 3082
2495 3135
2495 3246
2495 3408
2495 3425
2495 3569
2495 3611
2495 3685
2495 3833
2495 4045
2495 4058
2495 4145
2495 4197
2495 4258
2495 4406
2496 2524
2496 2525
2496 2594
2496 2598
2496 2622
2496 2666
2496 2683
2496 2740
2496 2744
2496 2780
2496 2805
2496 2869
2496 2948
2496 2977
2496 3061
2496 3067
2496 3076
2496 3111
2496 3113
2496 3129
2496 3147
2496 3151
2496 3185
2496 3187
2496 3214
2496 3273
2496 3349
2496 3369
2496 3394
2496 3417
2496 3420
2496 3478
2496 3515
2496 3520
2496 3528
2496 3615
2496 3643
2496 3710
2496 3728
2496 3767
2496 3784
2496 3815
2496 3819
2496 3857
2496 3862
2496 3893
2496 3955
2496 3998
2496 4008
2496 4040
2496 4042
2496 4153
2496 4193
2496 4262
2496 4270
2496 4290
2496 4313
2496 4319
2496 4383
2496 4479
2496 4486
2497 2642
2497 2746
2497 2859
2497 2878
2497 3374
2497 3571
2497 3721
2497 3741
2497 3796
2497 4015
2497 4110
2497 4271
2498 2519
2498 3113
2498 3399
2498 3559
2498 3665
2498 3814
2499 2572
2499 2686
2499 2729
2499 2755
2499 2758
2499 2776
2499 2787
2499 2794
2499 2822
2499 2833
2499 2837
2499 2858
2499 2899
2499 2910
2499 2918
2499 2924
2499 3038
2499 3082
2499 3107
2499 3112
2499 3246
2499 3365
2499 3386
2499 3408
2499 3487
2499 3564
2499 3590
2499 3604
2499 3611
2499 3685
2499 3706
2499 3708
2499 3724
2499 4060
2499 4080
2499 4095
2499 4118
2499 4145
2499 4219
2499 4259
2499 4346
2499 4398
2499 4410
2499 4434
2500 2515
2500 2654
2500 2668
2500 2829
2500 2844
2500 2942
2500 2985
2500 3026
2500 3155
2500 3158
2500 3304
2500 3364
2500 3734
2500 4427
2501 2555
2501 2583
2501 2589
2501 2592
2501 2628
2501 2631
2501 2648
2501 2649
2501 2751
2501 2771
2501 2781
2501 2830
2501 2850
2501 2863
2501 2867
2501 3010
2501 3017
2501 3023
2501 3024
2501 3034
2501 3058
2501 3082
2501 3123
2501 3131
2501 3178
2501 3183
2501 3189
2501 3225
2501 3237
2501 3252
2501 3265
2501 3290
2501 3321
2501 3331
2501 3404
2501 3458
2501 3501
2501 3541
2501 3565
2501 3638
2501 3654
2501 3666
2501 3697
2501 3742
2501 3762
2501 3875
2501 3950
2501 3983
2501 3987
2501 4067
2501 4076
2501 4095
2501 4240
2501 4250
2501 4272
2501 4309
2501 4326
2501 4330
2501 4347
2501 4360
2501 4377
2501 4422
2501 4425
2501 4431
2501 4432
2501 4450
2501 4475
2501 4482
2502 2515
2502 3669
2502 4004
2502 4213
2502 4325
2503 2529
2503 2570
2503 3012
2503 3219
2503 3966
2503 4112
2503 4323
2503 4366
2504 3220
2504 3972
2504 4143
2505 2543
2505 2552
2505 2655
2505 2688
2505 2722
2505 2778
2505 2828
2505 3346
2505 3567
2505 3717
2505 3743
2505 4012
2505 4191
2506 2507
2506 2553
2506 2632
2506 2637
2506 2674
2506 2736
2506 2752
2506 2802
2506 2852
2506 2864
2506 2866
2506 2902
2506 2972
2506 2981
2506 3028
2506 3095
2506 3176
2506 3211
2506 3402
2506 3468
2506 3476
2506 3531
2506 3595
2506 3596
2506 3600
2506 3633
2506 3673
2506 3682
2506 3714
2506 3745
2506 3910
2506 3951
2506 3953
2506 3982
2506 4041
2506 4120
2506 4135
2506 4192
2506 4204
2506 4228
2506 4266
2506 4421
2506 4428
2506 4430
2506 4438
2506 4467
2507 2553
2507 2752
2507 2768
2507 2789
2507 2802
2507 2854
2507 2864
2507 2972
2507 2981
2507 3095
2507 3244
2507 3326
2507 3468
2507 3595
2507 3600
2507 3633
2507 3673
2507 3714
2507 3747
2507 3826
2507 3953
2507 4041
2507 4214
2508 3974
2508 4015
2509 2543
2509 2690
2509 2790
2509 2986
2509 3582
2510 3113
2510 3251
2510 3913
2510 3958
2510 4191
2511 2669
2511 2673
2511 2980
2511 3001
2511 3046
2511 3047
2511 3074
2511 3113
2511 3121
2511 3310
2511 3424
2511 3541
2511 3549
2511 3592
2511 3640
2511 3824
2511 3856
2511 3940
2511 3956
2511 3989
2511 4030
2511 4066
2511 4336
2512 2515
2512 2651
2512 2654
2512 2921
2512 2942
2512 3158
2512 3427
2512 3649
2512 3707
2513 2514
2513 2538
2513 3079
2513 3277
2513 3396
2513 3468
2513 3622
2513 3820
2513 3884
2513 3954
2513 4002
2513 4314
2514 2538
2514 2730
2514 2940
2514 3029
2514 3039
2514 3079
2514 3205
2514 3277
2514 3312
2514 3396
2514 3434
2514 3468
2514 3510
2514 3622
2514 3642
2514 3733
2514 3759
2514 3780
2514 3925
2514 3954
2514 4026
2514 4089
2514 4171
2514 4314
2514 4315
2514 4345
2514 4393
2514 4436
2515 2654
2515 2668
2515 2725
2515 2921
2515 3000
2515 3026
2515 3155
2515 3158
2515 3233
2515 3308
2515 3364
2515 3383
2515 3412
2515 3734
2515 3832
2515 4101
2515 4282
2516 3468
2516 3582
2517 2603
2517 2664
2517 2669
2517 2788
2517 2804
2517 2934
2517 3113
2517 3164
2517 3291
2517 3503
2517 3570
2517 3660
2517 3816
2517 3934
2517 4011
2517 4055
2517 4343
2517 4402
2518 2694
2518 2767
2518 2957
2518 2994
2518 3007
2518 3008
2518 3280
2518 3561
2518 3625
2518 4137
2519 2698
2519 2907
2519 3113
2519 3114
2519 3154
2519 3367
2519 3485
2519 4194
2519 4212
2520 2550
2520 2804
2520 3101
2520 3113
2520 3471
2520 3553
2520 3770
2520 4100
2520 4169
2520 4327
2520 4342
2520 4379
2520 4381
2520 4451
2520 4457
2520 4459
2521 2596
2521 2788
2521 2804
2521 3113
2521 3210
2521 3442
2521 3540
2521 3560
2521 3648
2521 3668
2521 3934
2521 3949
2521 4055
2521 4114
2521 4265
2521 4343
2521 4404
2522 3193
2523 2642
2523 2745
2523 2859
2523 3086
2523 3094
2523 3374
2523 3571
2523 3741
2523 3796
2523 4015
2523 4110
2524 2659
2524 2686
2524 2771
2524 2787
2524 2794
2524 2924
2524 3011
2524 3061
2524 3231
2524 3252
2524 3293
2524 3487
2524 3638
2524 3682
2524 3710
2524 3728
2524 3767
2524 3848
2524 3908
2524 3910
2524 3961
2524 4037
2524 4185
2524 4270
2524 4454
2525 2664
2525 3041
2525 3113
2525 3168
2525 3185
2525 3528
2525 3713
2525 3782
2525 4193
2525 4289
2525 4313
2526 2596
2526 2603
2526 2804
2526 3113
2526 3382
2526 3648
2526 3743
2526 4055
2526 4109
2526 4114
2526 4404
2527 2543
2527 2561
2527 2690
2527 2695
2527 2835
2527 3021
2527 3314
2527 3320
2527 3407
2527 3494
2527 3587
2527 3639
2527 3661
2527 3680
2527 3818
2527 3861
2527 4007
2527 4013
2527 4019
2527 4091
2527 4093
2527 4173
2527 4413
2528 2555
2528 2583
2528 2689
2528 2976
2528 3106
2528 3253
2528 3786
2528 4224
2528 4326
2529 3077
2529 3219
2529 3240
2529 3395
2529 3597
2529 3641
2529 3768
2529 3798
2529 3947
2529 3966
2529 4072
2529 4112
2529 4187
2529 4283
2529 4321
2529 4323
2529 4366
2529 4376
2530 2554
2530 2570
2530 2686
2530 2894
2530 3012
2530 3219
2530 3240
2530 3381
2530 3449
2530 3466
2530 3518
2530 3845
2530 3858
2530 4014
2530 4027
2530 4099
2530 4401
2530 4478
2531 2652
2531 2846
2531 2880
2531 2948
2531 3113
2531 3129
2531 3154
2531 3198
2531 3220
2531 3357
2531 3485
2531 3615
2531 3812
2531 3842
2531 3843
2531 3955
2531 3975
2531 4020
2531 4132
2531 4153
2531 4194
2531 4262
2531 4313
2531 4341
2531 4396
2532 2588
2532 2990
2532 3113
2532 3608
2532 3713
2532 3932
2532 4003
2533 2676
2533 2804
2533 2997
2533 3063
2533 3113
2533 3285
2533 3307
2533 3691
2533 3849
2533 3973
2533 4094
2534 2731
2534 2742
2534 3047
2534 3310
2534 3592
2534 3856
2535 2594
2535 2598
2535 2622
2535 2652
2535 2699
2535 2731
2535 2780
2535 2805
2535 2821
2535 2849
2535 2855
2535 2881
2535 2948
2535 2950
2535 3033
2535 3061
2535 3084
2535 3111
2535 3113
2535 3129
2535 3151
2535 3185
2535 3187
2535 3198
2535 3299
2535 3369
2535 3430
2535 3432
2535 3464
2535 3478
2535 3562
2535 3615
2535 3643
2535 3710
2535 3715
2535 3728
2535 3737
2535 3767
2535 3784
2535 3857
2535 3897
2535 3975
2535 3977
2535 4020
2535 4021
2535 4042
2535 4138
2535 4153
2535 4185
2535 4188
2535 4193
2535 4196
2535 4236
2535 4262
2535 4270
2535 4298
2535 4312
2535 4313
2535 4341
2535 4383
2535 4469
2535 4486
2536 2613
2536 2840
2536 3113
2537 2594
2537 2867
2537 2910
2537 3107
2537 3111
2537 3113
2537 3129
2537 3252
2537 3404
2537 3405
2537 3430
2537 3528
2537 3589
2537 3604
2537 3633
2537 3697
2537 3715
2537 3728
2537 3762
2537 3782
2537 3819
2537 4015
2537 4154
2537 4181
2537 4219
2537 4236
2537 4272
2537 4298
2537 4377
2537 4410
2537 4431
2537 4454
2537 4469
2538 2599
2538 2608
2538 2626
2538 3079
2538 3100
2538 3160
2538 3217
2538 3277
2538 3341
2538 3396
2538 3409
2538 3434
2538 3468
2538 3581
2538 3622
2538 3733
2538 3820
2538 3873
2538 3925
2538 3954
2538 4141
2538 4211
2538 4314
2538 4345
2538 4427
2539 2616
2539 3140
2539 3152
2539 3222
2539 3236
2539 3301
2539 3342
2539 3555
2539 4285
2539 4445
2540 2650
2540 2685
2540 2827
2540 3113
2540 3235
2540 3285
2540 3309
2540 3336
2540 3344
2540 3598
2540 3606
2540 3749
2540 3770
2540 3874
2540 3973
2540 4128
2540 4367
2541 2604
2541 2987
2541 3468
2541 4354
2542 3026
2542 3239
2542 3272
2542 3308
2543 2552
2543 2561
2543 2578
2543 2630
2543 2643
2543 2647
2543 2655
2543 2688
2543 2722
2543 2750
2543 2770
2543 2778
2543 2828
2543 2835
2543 2838
2543 2901
2543 2936
2543 2986
2543 3003
2543 3021
2543 3051
2543 3108
2543 3124
2543 3170
2543 3184
2543 3268
2543 3276
2543 3320
2543 3346
2543 3407
2543 3416
2543 3431
2543 3484
2543 3494
2543 3507
2543 3509
2543 3530
2543 3532
2543 3567
2543 3580
2543 3587
2543 3639
2543 3651
2543 3655
2543 3661
2543 3664
2543 3676
2543 3680
2543 3717
2543 3756
2543 3765
2543 3777
2543 3818
2543 3861
2543 3887
2543 3938
2543 3980
2543 3984
2543 3992
2543 4007
2543 4012
2543 4013
2543 4019
2543 4051
2543 4061
2543 4091
2543 4093
2543 4131
2543 4136
2543 4148
2543 4156
2543 4173
2543 4183
2543 4207
2543 4229
2543 4288
2543 4292
2543 4293
2543 4308
2543 4365
2543 4413
2543 4468
2543 4475
2544 2597
2544 2599
2544 2608
2544 2624
2544 2826
2544 3055
2544 3070
2544 3100
2544 3204
2544 3205
2544 3231
2544 3238
2544 3257
2544 3277
2544 3325
2544 3409
2544 3434
2544 3451
2544 3468
2544 3525
2544 3534
2544 3594
2544 3609
2544 3622
2544 3642
2544 3732
2544 3733
2544 3750
2544 3787
2544 3820
2544 3867
2544 3868
2544 3873
2544 3925
2544 3935
2544 3954
2544 3965
2544 4002
2544 4211
2544 4314
2545 2664
2545 2669
2545 2804
2545 2932
2545 2990
2545 3052
2545 3113
2545 3648
2545 3840
2545 4055
2545 4114
2545 4196
2545 4270
2545 4280
2545 4404
2546 3574
2546 4139
2547 2796
2547 2998
2547 3113
2547 3363
2547 4206
2548 2599
2548 2626
2548 2974
2548 3160
2548 3204
2548 3316
2548 3368
2548 3468
2548 3658
2548 3681
2548 3817
2548 3873
2548 4024
2548 4089
2548 4141
2548 4253
2548 4436
2548 4462
2549 2946
2549 3637
2549 3704
2549 3809
2549 3834
2549 4015
2550 2804
2550 2860
2550 3101
2550 3113
2550 3309
2550 3355
2550 3471
2550 3553
2550 3573
2550 3754
2550 3770
2550 3816
2550 3819
2550 3924
2550 3931
2550 4100
2550 4169
2550 4209
2550 4230
2550 4327
2550 4342
2550 4379
2550 4451
2550 4457
2550 4459
2551 2625
2551 2914
2551 3094
2551 3254
2551 3741
2551 3796
2551 3896
2551 4015
2551 4082
2551 4395
2552 2655
2552 2688
2552 2722
2552 2778
2552 2828
2552 3003
2552 3567
2552 3676
2552 3717
2552 4012
2553 2632
2553 2789
2553 2790
2553 2802
2553 2854
2553 3015
2553 3095
2553 3270
2553 3378
2553 3402
2553 3468
2553 3497
2553 3595
2553 3596
2553 3629
2553 3633
2553 3677
2553 3747
2553 3826
2553 3836
2553 3910
2553 3997
2553 4074
2553 4192
2553 4222
2553 4266
2554 2570
2554 2686
2554 2964
2554 3130
2554 3219
2554 3401
2554 3466
2554 3518
2554 3798
2554 3845
2554 4027
2554 4302
2554 4401
2555 2557
2555 2583
2555 2589
2555 2592
2555 2614
2555 2628
2555 2631
2555 2648
2555 2649
2555 2656
2555 2665
2555 2689
2555 2729
2555 2751
2555 2771
2555 2781
2555 2830
2555 2850
2555 2863
2555 2867
2555 2920
2555 2922
2555 2954
2555 2975
2555 3010
2555 3011
2555 3017
2555 3023
2555 3024
2555 3034
2555 3058
2555 3064
2555 3081
2555 3082
2555 3108
2555 3123
2555 3131
2555 3178
2555 3189
2555 3194
2555 3195
2555 3213
2555 3225
2555 3237
2555 3252
2555 3265
2555 3275
2555 3290
2555 3321
2555 3331
2555 3356
2555 3369
2555 3394
2555 3404
2555 3405
2555 3406
2555 3413
2555 3436
2555 3446
2555 3458
2555 3501
2555 3519
2555 3541
2555 3564
2555 3565
2555 3583
2555 3589
2555 3638
2555 3654
2555 3666
2555 3678
2555 3697
2555 3723
2555 3742
2555 3758
2555 3762
2555 3776
2555 3791
2555 3837
2555 3848
2555 3875
2555 3889
2555 3908
2555 3950
2555 4023
2555 4037
2555 4076
2555 4095
2555 4115
2555 4134
2555 4139
2555 4146
2555 4157
2555 4181
2555 4219
2555 4232
2555 4240
2555 4242
2555 4250
2555 4272
2555 4296
2555 4307
2555 4309
2555 4316
2555 4326
2555 4330
2555 4332
2555 4347
2555 4360
2555 4377
2555 4406
2555 4425
2555 4431
2555 4432
2555 4437
2555 4450
2555 4470
2555 4482
2556 2612
2556 2824
2556 3010
2556 3058
2556 3685
2556 4023
2556 4309
2556 4425
2557 2600
2557 2649
2557 2659
2557 2787
2557 2804
2557 2837
2557 2858
2557 3023
2557 3058
2557 3113
2557 3151
2557 3194
2557 3365
2557 3405
2557 3468
2557 3528
2557 3697
2557 3708
2557 3767
2557 3776
2557 3819
2557 3934
2557 4008
2557 4139
2557 4313
2557 4326
2557 4370
2558 2628
2558 2747
2558 2781
2558 2904
2558 3178
2558 3762
2558 3837
2558 3897
2558 4117
2558 4326
2560 2593
2560 3156
2560 3283
2560 3353
2560 3376
2560 3472
2560 3473
2560 3514
2560 3522
2560 4015
2561 2770
2561 3407
2561 3494
2561 3582
2561 3587
2561 4007
2561 4091
2562 2796
2562 2998
2562 3025
2562 3113
2562 3229
2562 3363
2562 3390
2562 3527
2562 3536
2562 3558
2562 3686
2562 3729
2562 4206
2562 4226
2562 4446
2562 4477
2563 3136
2563 3278
2563 3283
2563 3371
2563 3796
2563 4015
2563 4301
2564 2594
2564 2598
2564 2652
2564 2683
2564 2698
2564 2727
2564 2732
2564 2838
2564 3033
2564 3113
2564 3129
2564 3151
2564 3170
2564 3187
2564 3417
2564 3478
2564 3515
2564 3528
2564 3615
2564 3715
2564 3728
2564 3737
2564 3767
2564 3815
2564 3819
2564 3842
2564 3857
2564 3893
2564 3897
2564 3991
2564 3998
2564 4021
2564 4040
2564 4042
2564 4153
2564 4202
2564 4262
2564 4270
2564 4290
2564 4312
2564 4313
2564 4319
2564 4383
2564 4403
2564 4469
2564 4479
2564 4486
2565 2755
2565 2821
2565 3113
2565 3275
2565 3392
2565 3408
2565 3666
2565 3784
2565 4185
2565 4290
2565 4309
2565 4370
2565 4377
2565 4383
2566 2617
2566 2787
2566 2810
2566 3038
2566 3246
2566 3569
2566 3685
2566 4058
2566 4145
2566 4197
2566 4258
2567 2588
2567 3113
2567 3608
2568 2592
2568 2662
2568 2702
2568 2704
2568 2889
2568 3964
2568 4088
2568 4226
2569 2725
2569 2812
2569 2931
2569 3050
2569 3652
2569 4010
2569 4101
2570 2686
2570 2964
2570 3012
2570 3130
2570 3179
2570 3219
2570 3256
2570 3401
2570 3449
2570 3518
2570 3674
2570 3768
2570 3845
2570 3858
2570 3966
2570 4187
2570 4221
2570 4269
2570 4302
2570 4401
2571 2761
2571 2974
2571 3215
2571 3227
2571 3468
2571 3681
2571 3759
2571 3817
2571 3865
2571 4024
2571 4436
2572 2672
2572 3069
2572 3082
2572 3107
2572 3112
2572 3386
2572 3800
2572 3933
2572 4208
2572 4259
2572 4410
2573 3468
2574 2672
2574 3879
2574 3880
2574 3976
2574 4338
2575 2812
2575 2886
2575 2942
2575 2973
2575 2985
2575 3000
2575 4247
2576 3068
2576 3158
2576 3798
2577 2753
2577 3077
2577 3137
2577 3338
2577 3550
2577 3599
2577 4005
2577 4072
2577 4129
2577 4281
2577 4455
2578 3184
2578 3582
2578 3587
2578 3818
2578 4091
2579 2650
2579 2684
2579 2997
2579 3113
2579 3235
2579 3285
2579 3307
2579 3471
2579 3481
2579 3553
2579 3598
2579 3691
2579 3749
2579 3849
2579 3874
2579 4367
2580 2825
2580 3113
2580 3126
2580 3128
2580 3844
2580 4158
2580 4418
2581 2814
2581 3313
2581 3322
2581 3391
2581 3684
2581 3929
2581 4015
2582 3004
2582 3153
2582 3468
2582 3846
2582 4282
2583 2589
2583 2592
2583 2628
2583 2631
2583 2648
2583 2649
2583 2656
2583 2660
2583 2751
2583 2771
2583 2830
2583 2850
2583 2863
2583 2867
2583 2901
2583 2920
2583 2954
2583 2991
2583 3010
2583 3011
2583 3017
2583 3023
2583 3024
2583 3034
2583 3058
2583 3081
2583 3082
2583 3108
2583 3123
2583 3131
2583 3175
2583 3178
2583 3189
2583 3194
2583 3195
2583 3213
2583 3237
2583 3252
2583 3265
2583 3327
2583 3331
2583 3404
2583 3405
2583 3406
2583 3413
2583 3501
2583 3519
2583 3541
2583 3565
2583 3583
2583 3589
2583 3638
2583 3666
2583 3678
2583 3697
2583 3742
2583 3758
2583 3762
2583 3837
2583 3848
2583 3875
2583 3889
2583 3908
2583 3950
2583 3983
2583 3987
2583 4076
2583 4090
2583 4134
2583 4146
2583 4240
2583 4242
2583 4250
2583 4272
2583 4307
2583 4309
2583 4316
2583 4326
2583 4330
2583 4331
2583 4347
2583 4360
2583 4431
2583 4432
2583 4450
2583 4470
2583 4483
2584 2651
2584 2654
2584 2921
2584 2988
2584 3308
2584 3707
2585 2921
2585 2942
2585 3158
2585 3840
2585 4252
2586 3428
2586 3945
2587 3427
2588 3113
2588 3608
2588 3713
2588 4003
2588 4443
2589 2592
2589 2628
2589 2631
2589 2648
2589 2649
2589 2656
2589 2744
2589 2751
2589 2771
2589 2781
2589 2830
2589 2850
2589 2863
2589 2920
2589 2954
2589 3010
2589 3011
2589 3017
2589 3020
2589 3023
2589 3024
2589 3034
2589 3058
2589 3064
2589 3082
2589 3123
2589 3131
2589 3178
2589 3189
2589 3194
2589 3195
2589 3213
2589 3225
2589 3234
2589 3237
2589 3252
2589 3265
2589 3275
2589 3290
2589 3321
2589 3331
2589 3343
2589 3356
2589 3404
2589 3405
2589 3406
2589 3501
2589 3519
2589 3541
2589 3565
2589 3583
2589 3589
2589 3638
2589 3654
2589 3666
2589 3697
2589 3742
2589 3758
2589 3762
2589 3776
2589 3837
2589 3847
2589 3848
2589 3863
2589 3875
2589 3950
2589 3987
2589 4076
2589 4095
2589 4134
2589 4139
2589 4181
2589 4240
2589 4242
2589 4250
2589 4272
2589 4307
2589 4309
2589 4316
2589 4326
2589 4330
2589 4347
2589 4360
2589 4377
2589 4425
2589 4431
2589 4432
2589 4450
2589 4470
2589 4482
2590 3581
2590 4015
2590 4409
2591 2825
2591 3113
2591 3126
2591 3206
2591 3549
2591 3665
2591 3844
2591 4158
2591 4303
2591 4392
2591 4418
2592 2614
2592 2628
2592 2631
2592 2648
2592 2649
2592 2656
2592 2689
2592 2751
2592 2781
2592 2830
2592 2850
2592 2863
2592 2867
2592 2920
2592 2961
2592 3010
2592 3011
2592 3017
2592 3020
2592 3023
2592 3024
2592 3034
2592 3058
2592 3131
2592 3147
2592 3178
2592 3189
2592 3194
2592 3213
2592 3234
2592 3237
2592 3252
2592 3265
2592 3275
2592 3290
2592 3321
2592 3356
2592 3369
2592 3394
2592 3404
2592 3413
2592 3501
2592 3519
2592 3541
2592 3565
2592 3638
2592 3666
2592 3678
2592 3697
2592 3742
2592 3758
2592 3762
2592 3769
2592 3776
2592 3848
2592 3875
2592 3950
2592 3983
2592 4067
2592 4076
2592 4090
2592 4134
2592 4139
2592 4181
2592 4240
2592 4242
2592 4250
2592 4272
2592 4307
2592 4309
2592 4316
2592 4326
2592 4330
2592 4332
2592 4347
2592 4360
2592 4377
2592 4425
2592 4431
2592 4432
2592 4450
2592 4482
2593 2851
2593 3156
2593 3283
2593 3472
2593 3473
2593 3522
2593 3584
2593 4015
2593 4301
2593 4340
2594 2598
2594 2619
2594 2622
2594 2652
2594 2659
2594 2666
2594 2678
2594 2699
2594 2726
2594 2740
2594 2743
2594 2780
2594 2805
2594 2821
2594 2849
2594 2855
2594 2869
2594 2901
2594 2909
2594 2950
2594 2961
2594 2977
2594 3009
2594 3033
2594 3061
2594 3066
2594 3076
2594 3111
2594 3113
2594 3129
2594 3151
2594 3181
2594 3185
2594 3187
2594 3191
2594 3214
2594 3264
2594 3273
2594 3311
2594 3349
2594 3354
2594 3392
2594 3417
2594 3430
2594 3478
2594 3506
2594 3520
2594 3562
2594 3615
2594 3647
2594 3710
2594 3715
2594 3720
2594 3728
2594 3737
2594 3767
2594 3784
2594 3791
2594 3812
2594 3815
2594 3819
2594 3847
2594 3850
2594 3857
2594 3862
2594 3893
2594 3897
2594 3955
2594 3987
2594 3998
2594 4008
2594 4020
2594 4021
2594 4040
2594 4042
2594 4056
2594 4138
2594 4153
2594 4174
2594 4185
2594 4188
2594 4193
2594 4236
2594 4262
2594 4270
2594 4290
2594 4298
2594 4312
2594 4313
2594 4319
2594 4352
2594 4370
2594 4383
2594 4389
2594 4469
2594 4479
2594 4481
2594 4486
2595 2703
2595 3284
2595 3304
2595 3634
2595 3699
2595 3978
2595 4015
2596 2603
2596 2669
2596 2934
2596 3113
2596 3291
2596 3608
2596 3668
2596 3713
2596 3816
2596 3949
2596 4003
2596 4055
2596 4443
2597 2599
2597 2624
2597 2626
2597 2641
2597 2891
2597 3055
2597 3100
2597 3186
2597 3204
2597 3231
2597 3325
2597 3340
2597 3409
2597 3468
2597 3563
2597 3594
2597 3622
2597 3628
2597 3733
2597 3750
2597 3761
2597 3867
2597 3868
2597 3873
2597 3876
2597 3916
2597 3925
2597 3935
2597 3965
2597 4002
2597 4078
2597 4103
2597 4161
2597 4315
2597 4351
2597 4353
2597 4361
2597 4480
2598 2652
2598 2666
2598 2733
2598 2780
2598 2821
2598 2849
2598 2855
2598 3033
2598 3061
2598 3113
2598 3129
2598 3151
2598 3187
2598 3198
2598 3220
2598 3356
2598 3417
2598 3430
2598 3432
2598 3478
2598 3485
2598 3520
2598 3521
2598 3615
2598 3737
2598 3767
2598 3815
2598 3819
2598 3842
2598 3860
2598 3897
2598 3961
2598 4020
2598 4042
2598 4052
2598 4070
2598 4146
2598 4153
2598 4188
2598 4193
2598 4262
2598 4298
2598 4312
2598 4313
2598 4319
2598 4370
2598 4383
2598 4403
2598 4441
2598 4479
2598 4486
2599 2608
2599 2626
2599 2641
2599 2730
2599 2769
2599 2861
2599 2940
2599 3055
2599 3100
2599 3160
2599 3186
2599 3204
2599 3205
2599 3231
2599 3238
2599 3297
2599 3325
2599 3409
2599 3434
2599 3468
2599 3534
2599 3612
2599 3622
2599 3642
2599 3732
2599 3733
2599 3750
2599 3787
2599 3843
2599 3867
2599 3868
2599 3873
2599 3876
2599 3925
2599 3935
2599 4002
2599 4141
2599 4171
2599 4211
2599 4314
2599 4345
2599 4350
2599 4393
2599 4471
2600 2658
2600 2672
2600 2686
2600 2755
2600 2776
2600 2787
2600 2794
2600 2809
2600 2810
2600 2822
2600 2833
2600 2837
2600 2858
2600 2899
2600 2924
2600 3038
2600 3082
2600 3112
2600 3124
2600 3138
2600 3162
2600 3232
2600 3258
2600 3260
2600 3293
2600 3295
2600 3305
2600 3365
2600 3369
2600 3408
2600 3474
2600 3487
2600 3505
2600 3506
2600 3564
2600 3569
2600 3604
2600 3611
2600 3685
2600 3708
2600 3718
2600 3724
2600 3783
2600 3829
2600 4023
2600 4058
2600 4060
2600 4080
2600 4095
2600 4145
2600 4154
2600 4178
2600 4234
2600 4259
2600 4287
2600 4294
2600 4324
2600 4398
2600 4406
2600 4410
2600 4441
2600 4454
2600 4461
2600 4478
2601 2976
2601 3468
2601 4014
2601 4097
2602 2929
2603 2804
2603 3113
2603 3164
2603 3291
2603 3503
2603 3570
2603 3648
2603 3660
2603 3816
2603 4011
2603 4055
2603 4109
2603 4114
2603 4203
2603 4443
2604 3468
2605 2823
2605 2887
2605 3201
2605 3886
2606 3113
2606 3245
2607 2690
2607 4137
2607 4474
2608 2624
2608 2626
2608 2641
2608 2730
2608 2769
2608 2861
2608 2882
2608 2940
2608 3100
2608 3204
2608 3205
2608 3217
2608 3231
2608 3238
2608 3257
2608 3297
2608 3325
2608 3409
2608 3434
2608 3451
2608 3468
2608 3534
2608 3609
2608 3612
2608 3622
2608 3642
2608 3732
2608 3733
2608 3750
2608 3787
2608 3867
2608 3868
2608 3925
2608 3935
2608 4089
2608 4141
2608 4171
2608 4211
2608 4255
2608 4345
2608 4350
2608 4393
2609 2663
2609 2715
2609 2875
2609 2915
2609 2984
2609 2989
2609 2990
2609 3008
2609 3052
2609 3091
2609 3113
2609 3279
2609 3400
2609 3450
2609 3483
2609 3526
2609 3588
2609 3650
2609 3778
2609 3872
2609 3904
2609 4071
2609 4084
2609 4143
2610 2625
2610 2963
2610 3811
2610 3900
2611 2789
2611 2972
2611 3270
2611 3402
2611 3468
2611 3603
2611 3633
2611 4192
2611 4214
2611 4266
2611 4421
2611 4448
2612 2751
2612 2824
2612 2830
2612 3010
2612 3058
2612 3685
2612 4023
2612 4145
2612 4309
2613 2817
2613 2835
2613 2840
2613 2937
2613 3045
2613 3319
2613 3594
2613 3624
2613 4006
2614 2628
2614 2631
2614 2648
2614 2649
2614 2656
2614 2751
2614 2781
2614 2816
2614 2830
2614 2850
2614 2863
2614 2867
2614 2920
2614 3017
2614 3020
2614 3023
2614 3024
2614 3058
2614 3131
2614 3178
2614 3189
2614 3194
2614 3213
2614 3237
2614 3252
2614 3265
2614 3275
2614 3290
2614 3321
2614 3331
2614 3404
2614 3405
2614 3406
2614 3501
2614 3506
2614 3541
2614 3565
2614 3583
2614 3589
2614 3638
2614 3697
2614 3742
2614 3762
2614 3837
2614 4076
2614 4134
2614 4240
2614 4250
2614 4272
2614 4309
2614 4316
2614 4326
2614 4330
2614 4347
2614 4360
2614 4377
2614 4422
2614 4425
2614 4432
2614 4481
2615 2691
2615 2798
2615 3262
2615 3543
2615 3585
2615 3895
2615 3957
2615 4217
2615 4245
2615 4382
2616 2995
2616 3140
2616 3236
2616 3301
2616 3342
2616 4285
2616 4445
2617 2702
2617 2787
2617 2810
2617 3038
2617 3246
2617 3304
2617 3425
2617 3569
2617 3685
2617 4058
2617 4145
2617 4258
2618 3426
2618 3462
2618 3468
2618 4105
2619 2652
2619 2659
2619 2678
2619 2699
2619 2726
2619 2740
2619 2992
2619 3009
2619 3076
2619 3084
2619 3111
2619 3113
2619 3129
2619 3147
2619 3181
2619 3191
2619 3264
2619 3311
2619 3392
2619 3417
2619 3430
2619 3452
2619 3464
2619 3478
2619 3521
2619 3615
2619 3647
2619 3715
2619 3728
2619 3767
2619 3769
2619 3782
2619 3784
2619 3812
2619 3819
2619 3878
2619 3897
2619 3975
2619 4008
2619 4042
2619 4043
2619 4056
2619 4090
2619 4115
2619 4138
2619 4153
2619 4174
2619 4185
2619 4236
2619 4270
2619 4298
2619 4352
2619 4389
2619 4475
2619 4488
2620 2957
2620 3007
2620 3613
2620 3630
2620 3853
2620 3884
2620 4039
2621 2945
2621 3377
2621 3920
2621 4015
2621 4059
2621 4177
2622 2652
2622 2698
2622 2740
2622 2744
2622 2805
2622 2855
2622 3033
2622 3061
2622 3111
2622 3113
2622 3129
2622 3181
2622 3220
2622 3234
2622 3299
2622 3417
2622 3430
2622 3478
2622 3485
2622 3615
2622 3710
2622 3728
2622 3737
2622 3767
2622 3782
2622 3784
2622 3815
2622 3819
2622 3860
2622 3862
2622 3897
2622 3991
2622 4020
2622 4042
2622 4138
2622 4142
2622 4153
2622 4188
2622 4193
2622 4236
2622 4262
2622 4270
2622 4290
2622 4298
2622 4312
2622 4313
2622 4383
2622 4388
2622 4389
2622 4469
2622 4486
2623 2875
2623 2984
2623 3113
2623 3168
2623 3250
2623 3336
2623 3370
2623 3483
2623 3523
2623 3605
2623 3608
2623 3616
2623 3767
2623 3870
2623 3894
2623 3967
2623 4064
2623 4073
2623 4081
2623 4244
2623 4327
2623 4339
2623 4459
2623 4460
2623 4487
2624 2641
2624 3055
2624 3100
2624 3186
2624 3231
2624 3238
2624 3409
2624 3468
2624 3594
2624 3609
2624 3622
2624 3696
2624 3732
2624 3733
2624 3750
2624 3867
2624 3868
2624 3873
2624 3876
2624 3916
2624 3925
2624 3935
2624 4002
2624 4078
2624 4211
2624 4225
2624 4306
2624 4315
2624 4351
2625 2635
2625 2757
2625 2963
2625 3134
2625 3415
2625 3764
2625 3811
2625 4287
2625 4369
2626 2730
2626 2769
2626 2826
2626 3029
2626 3055
2626 3160
2626 3204
2626 3231
2626 3434
2626 3468
2626 3622
2626 3733
2626 3867
2626 3873
2626 3876
2626 3925
2626 3935
2626 4002
2626 4089
2626 4141
2626 4144
2626 4255
2626 4315
2626 4345
2626 4351
2626 4419
2626 4471
2627 2804
2627 2875
2627 2990
2627 3113
2627 4344
2628 2631
2628 2648
2628 2649
2628 2656
2628 2734
2628 2747
2628 2751
2628 2781
2628 2830
2628 2850
2628 2863
2628 2867
2628 2869
2628 2904
2628 2954
2628 3005
2628 3010
2628 3011
2628 3017
2628 3020
2628 3023
2628 3024
2628 3034
2628 3058
2628 3082
2628 3108
2628 3131
2628 3175
2628 3178
2628 3189
2628 3194
2628 3202
2628 3213
2628 3225
2628 3237
2628 3252
2628 3265
2628 3275
2628 3290
2628 3321
2628 3331
2628 3404
2628 3405
2628 3406
2628 3413
2628 3420
2628 3446
2628 3501
2628 3519
2628 3541
2628 3565
2628 3589
2628 3638
2628 3654
2628 3666
2628 3678
2628 3697
2628 3742
2628 3758
2628 3762
2628 3776
2628 3777
2628 3837
2628 3848
2628 3875
2628 3889
2628 3908
2628 3923
2628 3950
2628 3983
2628 3987
2628 3991
2628 4076
2628 4095
2628 4117
2628 4134
2628 4146
2628 4199
2628 4240
2628 4242
2628 4250
2628 4272
2628 4307
2628 4309
2628 4316
2628 4326
2628 4330
2628 4347
2628 4360
2628 4377
2628 4425
2628 4431
2628 4432
2628 4450
2628 4482
2629 3111
2629 3113
2629 3129
2629 3151
2629 3220
2629 3737
2629 3767
2629 3819
2629 4196
2629 4313
2629 4370
2630 3276
2630 3494
2630 3655
2630 3661
2630 3664
2630 4019
2630 4091
2631 2648
2631 2649
2631 2656
2631 2751
2631 2781
2631 2830
2631 2850
2631 2863
2631 2950
2631 2954
2631 3010
2631 3017
2631 3023
2631 3024
2631 3034
2631 3058
2631 3067
2631 3081
2631 3123
2631 3131
2631 3178
2631 3189
2631 3213
2631 3237
2631 3252
2631 3265
2631 3290
2631 3321
2631 3331
2631 3406
2631 3413
2631 3436
2631 3501
2631 3519
2631 3541
2631 3565
2631 3638
2631 3643
2631 3654
2631 3666
2631 3678
2631 3697
2631 3742
2631 3762
2631 3776
2631 3791
2631 3837
2631 3875
2631 3889
2631 3908
2631 3950
2631 3991
2631 4076
2631 4134
2631 4240
2631 4242
2631 4250
2631 4272
2631 4307
2631 4309
2631 4316
2631 4326
2631 4347
2631 4360
2631 4377
2631 4425
2631 4450
2631 4470
2631 4482
2632 2682
2632 2789
2632 2800
2632 2802
2632 2913
2632 2971
2632 3015
2632 3071
2632 3244
2632 3314
2632 3317
2632 3378
2632 3402
2632 3468
2632 3497
2632 3603
2632 3677
2632 3714
2632 3747
2632 3826
2632 3836
2632 3906
2632 3997
2632 4135
2632 4192
2632 4214
2632 4222
2632 4241
2632 4266
2632 4405
2632 4421
2633 2728
2633 3113
2633 3168
2633 3336
2633 3540
2633 3767
2633 4064
2633 4116
2633 4196
2633 4297
2634 2669
2634 2676
2634 2684
2634 2997
2634 3063
2634 3113
2634 3285
2634 3307
2634 3344
2634 3439
2634 3481
2634 3496
2634 3535
2634 3598
2634 3691
2634 3749
2634 3819
2634 3924
2634 3973
2634 4094
2634 4119
2634 4128
2635 4238
2635 4285
2637 2682
2637 2735
2637 2736
2637 2752
2637 2789
2637 2800
2637 2802
2637 2806
2637 2854
2637 2866
2637 2869
2637 2913
2637 2971
2637 2972
2637 3015
2637 3103
2637 3147
2637 3170
2637 3175
2637 3176
2637 3244
2637 3354
2637 3378
2637 3394
2637 3402
2637 3436
2637 3468
2637 3476
2637 3497
2637 3506
2637 3531
2637 3600
2637 3603
2637 3629
2637 3633
2637 3673
2637 3677
2637 3682
2637 3745
2637 3747
2637 3826
2637 3836
2637 3847
2637 3912
2637 4041
2637 4115
2637 4135
2637 4151
2637 4166
2637 4192
2637 4214
2637 4227
2637 4228
2637 4241
2637 4266
2637 4292
2637 4317
2637 4405
2637 4421
2637 4422
2637 4448
2639 2894
2639 3073
2639 3218
2639 3219
2639 3240
2639 3641
2639 3845
2639 3858
2639 3966
2639 4269
2639 4287
2639 4366
2641 2940
2641 3100
2641 3186
2641 3204
2641 3205
2641 3231
2641 3238
2641 3257
2641 3297
2641 3409
2641 3434
2641 3468
2641 3612
2641 3622
2641 3642
2641 3732
2641 3733
2641 3868
2641 3873
2641 3916
2641 3925
2641 3935
2641 4002
2641 4171
2641 4225
2641 4315
2641 4345
2641 4350
2641 4393
2641 4471
2642 2724
2642 2745
2642 2746
2642 2797
2642 2831
2642 2845
2642 2859
2642 2878
2642 2947
2642 3086
2642 3094
2642 3374
2642 3571
2642 3574
2642 3721
2642 3741
2642 3796
2642 4015
2642 4082
2642 4110
2642 4271
2643 2693
2643 2936
2643 3530
2643 3756
2643 3887
2643 3938
2643 3992
2643 4365
2644 2836
2644 2848
2644 2879
2644 2951
2644 3041
2644 3113
2644 3167
2644 3168
2644 3370
2644 3483
2644 3526
2644 3616
2644 3894
2644 3967
2644 4064
2644 4081
2644 4122
2644 4339
2644 4411
2644 4460
2644 4484
2645 3402
2645 3468
2645 3677
2645 4295
2645 4310
2645 4428
2647 2690
2647 3021
2648 2649
2648 2731
2648 2751
2648 2771
2648 2781
2648 2830
2648 2838
2648 2850
2648 2863
2648 2867
2648 2954
2648 3011
2648 3017
2648 3020
2648 3023
2648 3024
2648 3034
2648 3058
2648 3064
2648 3082
2648 3147
2648 3178
2648 3189
2648 3194
2648 3195
2648 3213
2648 3234
2648 3237
2648 3252
2648 3321
2648 3413
2648 3501
2648 3506
2648 3519
2648 3541
2648 3565
2648 3589
2648 3638
2648 3654
2648 3666
2648 3672
2648 3678
2648 3697
2648 3742
2648 3762
2648 3837
2648 3848
2648 3875
2648 3889
2648 3923
2648 3943
2648 3950
2648 3983
2648 4061
2648 4076
2648 4095
2648 4134
2648 4139
2648 4146
2648 4181
2648 4240
2648 4242
2648 4250
2648 4272
2648 4294
2648 4307
2648 4309
2648 4316
2648 4326
2648 4347
2648 4360
2648 4377
2648 4425
2648 4431
2648 4432
2648 4441
2648 4450
2649 2656
2649 2686
2649 2689
2649 2729
2649 2751
2649 2771
2649 2781
2649 2830
2649 2838
2649 2850
2649 2863
2649 2867
2649 2918
2649 2920
2649 2954
2649 2991
2649 3010
2649 3011
2649 3017
2649 3020
2649 3024
2649 3034
2649 3058
2649 3064
2649 3082
2649 3099
2649 3123
2649 3131
2649 3178
2649 3183
2649 3189
2649 3194
2649 3195
2649 3213
2649 3234
2649 3237
2649 3246
2649 3252
2649 3265
2649 3275
2649 3290
2649 3321
2649 3331
2649 3404
2649 3405
2649 3406
2649 3420
2649 3501
2649 3519
2649 3541
2649 3565
2649 3589
2649 3638
2649 3643
2649 3654
2649 3666
2649 3678
2649 3697
2649 3723
2649 3742
2649 3762
2649 3776
2649 3791
2649 3837
2649 3848
2649 3875
2649 3889
2649 3908
2649 3923
2649 3950
2649 3983
2649 4023
2649 4037
2649 4070
2649 4076
2649 4095
2649 4134
2649 4139
2649 4145
2649 4181
2649 4240
2649 4250
2649 4258
2649 4272
2649 4307
2649 4309
2649 4316
2649 4326
2649 4330
2649 4347
2649 4360
2649 4377
2649 4398
2649 4409
2649 4422
2649 4425
2649 4431
2649 4432
2649 4450
2649 4465
2649 4470
2649 4482
2650 2685
2650 3063
2650 3113
2650 3235
2650 3285
2650 3309
2650 3344
2650 3424
2650 3598
2650 3606
2650 3691
2650 3749
2650 3849
2650 3874
2650 4094
2650 4119
2650 4128
2650 4367
2650 4387
2651 2988
2651 3239
2651 3308
2651 3422
2651 3707
2651 4466
2652 2666
2652 2699
2652 2701
2652 2740
2652 2743
2652 2801
2652 2821
2652 2855
2652 2901
2652 2948
2652 3113
2652 3129
2652 3187
2652 3198
2652 3299
2652 3417
2652 3478
2652 3485
2652 3615
2652 3647
2652 3708
2652 3710
2652 3728
2652 3767
2652 3782
2652 3784
2652 3819
2652 3860
2652 3893
2652 3897
2652 3977
2652 3987
2652 4008
2652 4020
2652 4040
2652 4042
2652 4052
2652 4061
2652 4090
2652 4132
2652 4138
2652 4142
2652 4188
2652 4194
2652 4262
2652 4270
2652 4312
2652 4313
2652 4331
2652 4383
2652 4403
2652 4469
2652 4479
2652 4486
2653 3113
2653 4205
2654 2844
2654 2973
2654 2988
2654 3000
2654 3026
2654 3105
2654 3158
2654 3180
2654 3308
2654 3557
2654 3707
2654 3734
2654 3793
2654 4485
2655 2688
2655 2778
2655 2828
2655 3003
2655 3021
2655 3567
2655 3717
2655 3743
2656 2735
2656 2744
2656 2751
2656 2781
2656 2830
2656 2838
2656 2850
2656 2863
2656 2954
2656 3010
2656 3017
2656 3020
2656 3023
2656 3034
2656 3058
2656 3082
2656 3123
2656 3131
2656 3147
2656 3157
2656 3178
2656 3183
2656 3189
2656 3194
2656 3195
2656 3213
2656 3237
2656 3252
2656 3261
2656 3265
2656 3275
2656 3290
2656 3321
2656 3331
2656 3356
2656 3369
2656 3394
2656 3404
2656 3405
2656 3406
2656 3446
2656 3501
2656 3519
2656 3541
2656 3565
2656 3583
2656 3589
2656 3638
2656 3654
2656 3666
2656 3672
2656 3697
2656 3742
2656 3758
2656 3762
2656 3837
2656 3875
2656 3908
2656 3950
2656 4076
2656 4090
2656 4134
2656 4139
2656 4181
2656 4240
2656 4242
2656 4250
2656 4272
2656 4307
2656 4309
2656 4316
2656 4326
2656 4330
2656 4347
2656 4360
2656 4377
2656 4425
2656 4431
2656 4432
2656 4450
2656 4475
2656 4482
2657 3384
2657 3468
2657 3843
2658 2686
2658 2755
2658 2758
2658 2787
2658 2794
2658 2833
2658 2858
2658 2899
2658 2910
2658 2922
2658 2924
2658 2976
2658 3082
2658 3098
2658 3138
2658 3162
2658 3258
2658 3293
2658 3386
2658 3487
2658 3505
2658 3604
2658 3611
2658 3685
2658 3708
2658 3724
2658 3800
2658 3899
2658 3970
2658 4023
2658 4037
2658 4058
2658 4080
2658 4145
2658 4154
2658 4178
2658 4234
2658 4287
2658 4294
2658 4325
2658 4346
2658 4398
2658 4410
2658 4454
2658 4478
2659 2666
2659 2678
2659 2699
2659 2726
2659 2732
2659 2733
2659 2740
2659 2743
2659 2801
2659 2806
2659 2880
2659 2948
2659 3033
2659 3076
2659 3084
2659 3111
2659 3113
2659 3129
2659 3147
2659 3181
2659 3191
2659 3264
2659 3299
2659 3311
2659 3417
2659 3452
2659 3464
2659 3478
2659 3515
2659 3521
2659 3528
2659 3615
2659 3643
2659 3647
2659 3715
2659 3728
2659 3737
2659 3767
2659 3782
2659 3784
2659 3797
2659 3812
2659 3819
2659 3859
2659 3863
2659 3878
2659 3897
2659 3961
2659 3975
2659 4008
2659 4021
2659 4042
2659 4043
2659 4052
2659 4056
2659 4090
2659 4138
2659 4174
2659 4185
2659 4194
2659 4236
2659 4270
2659 4290
2659 4298
2659 4383
2659 4389
2659 4433
2659 4483
2659 4486
2660 2751
2660 2758
2660 2794
2660 2804
2660 2830
2660 2850
2660 2910
2660 3011
2660 3038
2660 3111
2660 3409
2660 3468
2660 3611
2660 3633
2660 3685
2660 3708
2660 3983
2660 4042
2660 4095
2660 4188
2660 4196
2660 4298
2660 4346
2660 4370
2661 2738
2661 3468
2662 2675
2662 2694
2662 2704
2662 2889
2662 3157
2662 3700
2662 4412
2663 2911
2663 3041
2663 3052
2663 3091
2663 3113
2663 3450
2663 3483
2663 3670
2663 3872
2663 4084
2664 2669
2664 2728
2664 2804
2664 2875
2664 2990
2664 3013
2664 3053
2664 3076
2664 3113
2664 3314
2664 3503
2664 3528
2664 3560
2664 3648
2664 3713
2664 3782
2664 3934
2664 4055
2664 4088
2664 4109
2664 4114
2664 4116
2664 4280
2664 4313
2664 4402
2664 4404
2664 4488
2665 2922
2665 3621
2665 4037
2665 4216
2665 4240
2665 4332
2665 4347
2666 2678
2666 2699
2666 2726
2666 2744
2666 2780
2666 2909
2666 2948
2666 2977
2666 3067
2666 3111
2666 3113
2666 3129
2666 3181
2666 3273
2666 3349
2666 3356
2666 3417
2666 3478
2666 3520
2666 3521
2666 3615
2666 3643
2666 3710
2666 3715
2666 3728
2666 3736
2666 3767
2666 3777
2666 3782
2666 3802
2666 3812
2666 3815
2666 3819
2666 3847
2666 3850
2666 3857
2666 3859
2666 3862
2666 3878
2666 3893
2666 3955
2666 3975
2666 4021
2666 4040
2666 4042
2666 4056
2666 4138
2666 4147
2666 4153
2666 4174
2666 4185
2666 4236
2666 4270
2666 4290
2666 4298
2666 4312
2666 4319
2666 4383
2666 4389
2666 4483
2666 4486
2667 2712
2667 2905
2667 3056
2667 3375
2667 3465
2667 3468
2667 3511
2667 3547
2667 3937
2667 3972
2667 4263
2667 4439
2669 2694
2669 2728
2669 2744
2669 2788
2669 2804
2669 2875
2669 2934
2669 2957
2669 2978
2669 2990
2669 2997
2669 3046
2669 3052
2669 3113
2669 3164
2669 3210
2669 3327
2669 3442
2669 3503
2669 3504
2669 3540
2669 3560
2669 3570
2669 3598
2669 3606
2669 3648
2669 3660
2669 3671
2669 3723
2669 3754
2669 3767
2669 3816
2669 3819
2669 3847
2669 3882
2669 3934
2669 3949
2669 4011
2669 4030
2669 4077
2669 4090
2669 4114
2669 4119
2669 4265
2669 4280
2669 4293
2669 4331
2669 4336
2669 4343
2669 4378
2669 4388
2669 4404
2669 4412
2669 4456
2670 2693
2670 2862
2670 3316
2670 3339
2670 3468
2670 3614
2670 3891
2671 2746
2671 3690
2671 3721
2671 4015
2671 4082
2672 2755
2672 2758
2672 2776
2672 2787
2672 2810
2672 2899
2672 2910
2672 2924
2672 3038
2672 3112
2672 3138
2672 3162
2672 3260
2672 3408
2672 3505
2672 3564
2672 3569
2672 3611
2672 3685
2672 3708
2672 3724
2672 3970
2672 4023
2672 4058
2672 4080
2672 4124
2672 4145
2672 4154
2672 4294
2672 4454
2673 2731
2673 2980
2673 3047
2673 3074
2673 3099
2673 3310
2673 3592
2673 3640
2673 4030
2673 4363
2674 2736
2674 2752
2674 2864
2674 2866
2674 2913
2674 2981
2674 3176
2674 3270
2674 3402
2674 3468
2674 3476
2674 3531
2674 3596
2674 3629
2674 3682
2674 3745
2674 3836
2674 3910
2674 4041
2674 4120
2674 4135
2674 4438
2675 2711
2675 2820
2675 2927
2675 3209
2675 3316
2675 3540
2675 3568
2675 3773
2675 3778
2675 3877
2675 4077
2675 4143
2675 4345
2676 2684
2676 2997
2676 3113
2676 3285
2676 3344
2676 3598
2676 3691
2676 3749
2676 3849
2676 3973
2676 4119
2676 4128
2676 4387
2677 2787
2677 2856
2677 2910
2677 3293
2677 3408
2677 3685
2677 3706
2677 4014
2677 4023
2677 4398
2678 2699
2678 3033
2678 3076
2678 3084
2678 3113
2678 3264
2678 3417
2678 3452
2678 3478
2678 3647
2678 3715
2678 3739
2678 3767
2678 3782
2678 3797
2678 3812
2678 3819
2678 3878
2678 3975
2678 4042
2678 4043
2678 4056
2678 4138
2678 4174
2678 4185
2678 4236
2678 4270
2678 4298
2678 4389
2679 2847
2679 2852
2679 2902
2679 2953
2679 2981
2679 3176
2679 3208
2679 3211
2679 3468
2679 3682
2679 3951
2679 4160
2679 4192
2679 4228
2679 4400
2680 3012
2680 3674
2680 3798
2680 3966
2680 4321
2681 3324
2681 3914
2681 4180
2681 4285
2682 2736
2682 2800
2682 2802
2682 2847
2682 2866
2682 2913
2682 2971
2682 3015
2682 3071
2682 3176
2682 3244
2682 3317
2682 3378
2682 3468
2682 3476
2682 3497
2682 3537
2682 3603
2682 3629
2682 3633
2682 3677
2682 3682
2682 3747
2682 3836
2682 3906
2682 3910
2682 4135
2682 4151
2682 4166
2682 4192
2682 4241
2682 4268
2682 4405
2682 4421
2683 2805
2683 2909
2683 2943
2683 2948
2683 2977
2683 3061
2683 3066
2683 3113
2683 3129
2683 3185
2683 3187
2683 3349
2683 3417
2683 3520
2683 3615
2683 3728
2683 3850
2683 3862
2683 3893
2683 3955
2683 3998
2683 4040
2683 4147
2683 4153
2683 4270
2683 4290
2684 2997
2684 3063
2684 3113
2684 3235
2684 3272
2684 3285
2684 3307
2684 3309
2684 3481
2684 3535
2684 3598
2684 3849
2684 3874
2684 3973
2684 4381
2685 3063
2685 3113
2685 3214
2685 3309
2685 3344
2685 3598
2685 3606
2685 3849
2685 4289
2685 4327
2685 4367
2686 2720
2686 2721
2686 2729
2686 2748
2686 2755
2686 2758
2686 2776
2686 2794
2686 2822
2686 2833
2686 2837
2686 2849
2686 2856
2686 2858
2686 2865
2686 2899
2686 2910
2686 2918
2686 2924
2686 2950
2686 2964
2686 2975
2686 3012
2686 3038
2686 3082
2686 3106
2686 3107
2686 3112
2686 3130
2686 3138
2686 3162
2686 3170
2686 3179
2686 3209
2686 3219
2686 3240
2686 3246
2686 3258
2686 3260
2686 3286
2686 3293
2686 3305
2686 3319
2686 3327
2686 3328
2686 3365
2686 3386
2686 3395
2686 3401
2686 3408
2686 3436
2686 3466
2686 3467
2686 3487
2686 3488
2686 3518
2686 3539
2686 3564
2686 3569
2686 3576
2686 3590
2686 3604
2686 3611
2686 3623
2686 3674
2686 3675
2686 3685
2686 3706
2686 3718
2686 3724
2686 3768
2686 3783
2686 3800
2686 3845
2686 3854
2686 3855
2686 3899
2686 3933
2686 3966
2686 3970
2686 4023
2686 4027
2686 4037
2686 4058
2686 4060
2686 4080
2686 4090
2686 4095
2686 4106
2686 4118
2686 4124
2686 4145
2686 4154
2686 4167
2686 4219
2686 4221
2686 4223
2686 4259
2686 4269
2686 4287
2686 4294
2686 4302
2686 4317
2686 4325
2686 4346
2686 4398
2686 4401
2686 4407
2686 4410
2686 4434
2686 4454
2686 4461
2686 4465
2686 4478
2686 4483
2687 2717
2687 2882
2687 3029
2687 3054
2687 3303
2687 3332
2687 3468
2687 3525
2687 3759
2687 4277
2687 4322
2688 2722
2688 2936
2688 3567
2688 3582
2688 3717
2688 3798
2688 4012
2688 4365
2689 2867
2689 3194
2689 3225
2689 3541
2689 3678
2689 3786
2689 4023
2689 4037
2689 4157
2689 4181
2689 4216
2689 4232
2689 4240
2689 4296
2689 4316
2689 4326
2689 4332
2689 4432
2689 4437
2690 2750
2690 2828
2690 2936
2690 3416
2690 3509
2690 3655
2690 3659
2690 3717
2690 3765
2690 4013
2690 4091
2690 4365
2691 2798
2691 3262
2691 3543
2691 3585
2691 3957
2691 4217
2691 4245
2691 4382
2692 3377
2692 3479
2692 4015
2693 2868
2693 2930
2693 3031
2693 3043
2693 3683
2693 3909
2693 4110
2693 4412
2693 4435
2694 2704
2694 2804
2694 2994
2694 3007
2694 3008
2694 3014
2694 3502
2694 3540
2694 3625
2694 3630
2694 3816
2694 3934
2694 4039
2694 4412
2694 4463
2695 3196
2695 3204
2695 3414
2695 3416
2695 3508
2695 3651
2695 3834
2695 3984
2695 4035
2695 4089
2695 4112
2695 4141
2695 4229
2695 4468
2696 2765
2696 2813
2696 2880
2696 3113
2696 3311
2696 3399
2696 3485
2696 3646
2696 3720
2696 3784
2696 3866
2696 3975
2696 3977
2696 4194
2696 4270
2696 4396
2696 4469
2697 3113
2697 3363
2697 3662
2697 4006
2697 4068
2698 2727
2698 2821
2698 2855
2698 2948
2698 3111
2698 3113
2698 3220
2698 3314
2698 3432
2698 3478
2698 3485
2698 3528
2698 3562
2698 3710
2698 3737
2698 3767
2698 3955
2698 3977
2698 4008
2698 4042
2698 4132
2698 4153
2698 4194
2698 4202
2698 4262
2698 4270
2698 4312
2698 4341
2698 4370
2698 4383
2698 4469
2698 4486
2699 2701
2699 2726
2699 2740
2699 2806
2699 2948
2699 2950
2699 3033
2699 3076
2699 3084
2699 3111
2699 3113
2699 3129
2699 3147
2699 3181
2699 3264
2699 3311
2699 3356
2699 3392
2699 3417
2699 3430
2699 3452
2699 3464
2699 3478
2699 3521
2699 3586
2699 3647
2699 3710
2699 3715
2699 3739
2699 3767
2699 3782
2699 3784
2699 3812
2699 3819
2699 3878
2699 3975
2699 4008
2699 4021
2699 4042
2699 4043
2699 4052
2699 4056
2699 4113
2699 4138
2699 4142
2699 4153
2699 4174
2699 4185
2699 4194
2699 4236
2699 4270
2699 4292
2699 4298
2699 4312
2699 4313
2699 4319
2699 4352
2699 4389
2699 4422
2700 3137
2700 3335
2700 3490
2700 3911
2700 4005
2700 4129
2700 4455
2701 2804
2701 2940
2701 3020
2701 3107
2701 3111
2701 3113
2701 3406
2701 3565
2701 3611
2701 3615
2701 3710
2701 3784
2701 3819
2701 3837
2701 4015
2701 4240
2701 4262
2701 4272
2701 4290
2701 4298
2701 4347
2702 2721
2702 2755
2702 2758
2702 2776
2702 2787
2702 2810
2702 2899
2702 2924
2702 3038
2702 3082
2702 3106
2702 3138
2702 3162
2702 3209
2702 3246
2702 3260
2702 3425
2702 3569
2702 3685
2702 3718
2702 3724
2702 4023
2702 4058
2702 4145
2702 4234
2702 4258
2702 4454
2702 4461
2703 2906
2703 3284
2703 3634
2703 3699
2703 3884
2703 3978
2703 4015
2704 2889
2704 3853
2704 4039
2704 4246
2705 3140
2705 3555
2705 4285
2706 2777
2706 3242
2706 3342
2706 3489
2706 4126
2706 4152
2707 4025
2708 2800
2708 2852
2708 2953
2708 3027
2708 3028
2708 3103
2708 3176
2708 3468
2708 3477
2708 3593
2708 3667
2708 3677
2708 3682
2708 4192
2708 4268
2709 2900
2709 3323
2709 3421
2709 3744
2709 3796
2709 4015
2709 4049
2709 4165
2710 2859
2710 2951
2710 4425
2711 2791
2711 3468
2711 3905
2712 2905
2712 3056
2712 3375
2712 3453
2712 3468
2712 3511
2712 3547
2712 3937
2712 4263
2712 4439
2713 2859
2713 3122
2713 3254
2713 3740
2713 3796
2713 3804
2713 4015
2713 4085
2713 4189
2713 4305
2713 4337
2713 4395
2714 3428
2714 3657
2714 3945
2715 2989
2715 3400
2715 3650
2715 3778
2715 3904
2715 4071
2715 4143
2717 2882
2717 3054
2717 3217
2717 3247
2717 3332
2717 3468
2717 3525
2717 4322
2718 2823
2718 2957
2718 2994
2718 3008
2718 3150
2718 3280
2718 3288
2718 3352
2718 3502
2718 3540
2718 3877
2718 4137
2719 3019
2719 3242
2719 3644
2719 3801
2719 3918
2719 3990
2719 4015
2719 4034
2719 4284
2720 3604
2720 3845
2720 4045
2720 4287
2720 4302
2720 4478
2721 2748
2721 2755
2721 2865
2721 2899
2721 3138
2721 3209
2721 3260
2721 3365
2721 3395
2721 3425
2721 3487
2721 3800
2721 3899
2721 3933
2721 4095
2721 4145
2721 4167
2721 4219
2721 4234
2721 4407
2721 4440
2721 4461
2721 4478
2722 2778
2722 2828
2722 3582
2722 3717
2722 3743
2722 4012
2723 2965
2723 3419
2723 3909
2723 4015
2723 4349
2723 4368
2724 2739
2724 2746
2724 2797
2724 2831
2724 2845
2724 2859
2724 2947
2724 3086
2724 3374
2724 3387
2724 3571
2724 3574
2724 3741
2724 3896
2724 3956
2724 4015
2724 4110
2725 2812
2725 3050
2725 3652
2725 4010
2725 4101
2725 4328
2726 2732
2726 2801
2726 2901
2726 2909
2726 3061
2726 3076
2726 3084
2726 3113
2726 3129
2726 3264
2726 3272
2726 3299
2726 3311
2726 3369
2726 3392
2726 3417
2726 3420
2726 3430
2726 3478
2726 3515
2726 3528
2726 3581
2726 3647
2726 3710
2726 3715
2726 3728
2726 3767
2726 3784
2726 3812
2726 3819
2726 3850
2726 3854
2726 3859
2726 3878
2726 3897
2726 3961
2726 4008
2726 4021
2726 4042
2726 4043
2726 4052
2726 4138
2726 4146
2726 4174
2726 4185
2726 4236
2726 4270
2726 4298
2726 4312
2726 4352
2726 4389
2726 4469
2726 4475
2726 4486
2727 2855
2727 2948
2727 3113
2727 3187
2727 3417
2727 3432
2727 3562
2727 3708
2727 3728
2727 3842
2727 3977
2727 3998
2727 4020
2727 4194
2727 4262
2727 4370
2727 4469
2727 4479
2727 4486
2728 2932
2728 2996
2728 3002
2728 3041
2728 3066
2728 3113
2728 3168
2728 3214
2728 3388
2728 3504
2728 3605
2728 3728
2728 3767
2728 4073
2728 4196
2729 2737
2729 2873
2729 2876
2729 3082
2729 3293
2729 3564
2729 3597
2729 3598
2729 3685
2729 3692
2729 3783
2729 3935
2729 3970
2729 4058
2729 4112
2729 4154
2729 4263
2729 4326
2730 2760
2730 2761
2730 2940
2730 3204
2730 3205
2730 3231
2730 3434
2730 3451
2730 3468
2730 3534
2730 3622
2730 3642
2730 3732
2730 3733
2730 3750
2730 3789
2730 3792
2730 3867
2730 3925
2730 3935
2730 3944
2730 4141
2730 4171
2730 4314
2730 4345
2730 4350
2730 4359
2730 4393
2731 2969
2731 2974
2731 3048
2731 3070
2731 3215
2731 3289
2731 3312
2731 3316
2731 3337
2731 3368
2731 3601
2731 3865
2731 3869
2731 3959
2731 4069
2731 4158
2731 4178
2731 4207
2731 4436
2732 2801
2732 2855
2732 2881
2732 3033
2732 3113
2732 3299
2732 3311
2732 3515
2732 3528
2732 3715
2732 3728
2732 3784
2732 3961
2732 4008
2732 4052
2732 4236
2732 4312
2732 4313
2732 4389
2733 2802
2733 2821
2733 2924
2733 2948
2733 3034
2733 3187
2733 3194
2733 3213
2733 3237
2733 3468
2733 3706
2733 3762
2733 3819
2733 3868
2733 3875
2733 3961
2733 4095
2733 4139
2733 4154
2733 4181
2733 4192
2733 4370
2733 4465
2734 2850
2734 3005
2734 3202
2734 3252
2734 3468
2734 3478
2734 3611
2734 4360
2735 2948
2735 3017
2735 3076
2735 3113
2735 3187
2735 3258
2735 3290
2735 3413
2735 3487
2735 3638
2735 3776
2735 3837
2735 3868
2735 3878
2735 4058
2735 4076
2735 4250
2735 4309
2735 4316
2736 2854
2736 2864
2736 2866
2736 2902
2736 2913
2736 2981
2736 3095
2736 3103
2736 3176
2736 3211
2736 3378
2736 3468
2736 3476
2736 3497
2736 3531
2736 3595
2736 3596
2736 3629
2736 3633
2736 3667
2736 3673
2736 3677
2736 3682
2736 3745
2736 3910
2736 3951
2736 3982
2736 4041
2736 4120
2736 4135
2736 4151
2736 4166
2736 4192
2736 4204
2736 4228
2736 4295
2736 4405
2736 4421
2736 4438
2736 4448
2736 4476
2737 3048
2737 3468
2737 3614
2737 3628
2737 3884
2737 3919
2737 4254
2737 4416
2738 3459
2738 4119
2738 4204
2738 4241
2739 2746
2739 2956
2739 3254
2739 3517
2739 3896
2739 4015
2739 4082
2739 4304
2739 4337
2739 4395
2740 2743
2740 3076
2740 3113
2740 3129
2740 3299
2740 3417
2740 3430
2740 3478
2740 3728
2740 3767
2740 3784
2740 3897
2740 4040
2740 4042
2740 4056
2740 4185
2740 4262
2740 4270
2740 4298
2740 4389
2740 4486
2741 2749
2741 3173
2741 3542
2742 3047
2742 3121
2742 3592
2742 3640
2742 3856
2743 3033
2743 3066
2743 3076
2743 3113
2743 3151
2743 3273
2743 3520
2743 3615
2743 3647
2743 3815
2743 3893
2743 3897
2743 3955
2743 4042
2743 4188
2743 4270
2743 4312
2743 4319
2743 4383
2743 4469
2744 2758
2744 2776
2744 2821
2744 2954
2744 3010
2744 3020
2744 3058
2744 3111
2744 3123
2744 3129
2744 3181
2744 3195
2744 3417
2744 3519
2744 3710
2744 3739
2744 3750
2744 3848
2744 3878
2744 3897
2744 3934
2744 4076
2744 4272
2744 4326
2744 4370
2744 4470
2744 4482
2745 2746
2745 2797
2745 2831
2745 2878
2745 2947
2745 2956
2745 3117
2745 3571
2745 3716
2745 4015
2745 4110
2745 4305
2746 2762
2746 2797
2746 2831
2746 2947
2746 3117
2746 3374
2746 3517
2746 3719
2746 3896
2746 4015
2746 4110
2747 2904
2747 3762
2747 3837
2747 3897
2747 4117
2747 4313
2747 4326
2748 2865
2748 3209
2748 3293
2748 3395
2748 3449
2748 3518
2748 3800
2748 3933
2748 4167
2748 4269
2748 4346
2748 4461
2748 4478
2749 3173
2749 3542
2750 3510
2750 3530
2750 3661
2750 3680
2750 3756
2750 3887
2750 3938
2751 2771
2751 2781
2751 2830
2751 2850
2751 2863
2751 2920
2751 2954
2751 3010
2751 3011
2751 3017
2751 3020
2751 3023
2751 3024
2751 3034
2751 3058
2751 3064
2751 3067
2751 3082
2751 3123
2751 3131
2751 3189
2751 3194
2751 3213
2751 3252
2751 3261
2751 3265
2751 3275
2751 3290
2751 3321
2751 3331
2751 3404
2751 3405
2751 3406
2751 3413
2751 3458
2751 3501
2751 3506
2751 3541
2751 3565
2751 3583
2751 3589
2751 3638
2751 3654
2751 3678
2751 3697
2751 3742
2751 3762
2751 3776
2751 3848
2751 3875
2751 3889
2751 3950
2751 3983
2751 4023
2751 4076
2751 4139
2751 4142
2751 4181
2751 4234
2751 4240
2751 4242
2751 4250
2751 4272
2751 4293
2751 4307
2751 4309
2751 4326
2751 4330
2751 4347
2751 4360
2751 4377
2751 4403
2751 4425
2751 4431
2751 4432
2751 4450
2751 4470
2751 4482
2752 2768
2752 2802
2752 2854
2752 2864
2752 2866
2752 2972
2752 3176
2752 3468
2752 3476
2752 3531
2752 3595
2752 3596
2752 3633
2752 3682
2752 3714
2752 3745
2752 3910
2752 4041
2752 4135
2752 4430
2752 4438
2753 3077
2753 3137
2753 3335
2753 3460
2753 3550
2753 3575
2753 3774
2753 3911
2753 3999
2753 4005
2753 4054
2753 4072
2753 4129
2753 4170
2753 4281
2753 4399
2753 4449
2753 4455
2753 4472
2754 3785
2755 2758
2755 2776
2755 2787
2755 2794
2755 2822
2755 2833
2755 2837
2755 2856
2755 2858
2755 2888
2755 2899
2755 2910
2755 2918
2755 2924
2755 2961
2755 3038
2755 3067
2755 3082
2755 3106
2755 3107
2755 3112
2755 3124
2755 3138
2755 3162
2755 3170
2755 3209
2755 3246
2755 3258
2755 3260
2755 3293
2755 3365
2755 3369
2755 3373
2755 3386
2755 3408
2755 3425
2755 3487
2755 3505
2755 3556
2755 3564
2755 3569
2755 3590
2755 3604
2755 3611
2755 3623
2755 3685
2755 3706
2755 3708
2755 3724
2755 3890
2755 3899
2755 3970
2755 3991
2755 4023
2755 4037
2755 4058
2755 4060
2755 4080
2755 4090
2755 4095
2755 4145
2755 4154
2755 4167
2755 4178
2755 4219
2755 4234
2755 4258
2755 4259
2755 4287
2755 4294
2755 4325
2755 4346
2755 4398
2755 4406
2755 4410
2755 4440
2755 4454
2755 4461
2755 4465
2755 4475
2755 4478
2756 3069
2756 4015
2756 4386
2757 3900
2757 4369
2758 2776
2758 2787
2758 2794
2758 2822
2758 2837
2758 2856
2758 2899
2758 2910
2758 2911
2758 3038
2758 3067
2758 3082
2758 3106
2758 3107
2758 3112
2758 3138
2758 3162
2758 3191
2758 3209
2758 3258
2758 3260
2758 3293
2758 3327
2758 3356
2758 3365
2758 3386
2758 3408
2758 3425
2758 3487
2758 3564
2758 3569
2758 3590
2758 3604
2758 3611
2758 3623
2758 3685
2758 3708
2758 3724
2758 3899
2758 3996
2758 4023
2758 4037
2758 4060
2758 4080
2758 4095
2758 4145
2758 4154
2758 4219
2758 4287
2758 4294
2758 4346
2758 4398
2758 4410
2758 4454
2758 4461
2758 4465
2758 4478
2759 3174
2759 3445
2760 2940
2760 3227
2760 3289
2760 3468
2760 3959
2760 4436
2761 2949
2761 3016
2761 3048
2761 3100
2761 3133
2761 3186
2761 3230
2761 3231
2761 3277
2761 3297
2761 3429
2761 3451
2761 3468
2761 3609
2761 3622
2761 3733
2761 3750
2761 3787
2761 3799
2761 3820
2761 3916
2761 3919
2761 3954
2761 4002
2761 4069
2761 4083
2761 4255
2761 4264
2761 4306
2761 4462
2762 3117
2762 3896
2762 4015
2762 4368
2763 4336
2764 2840
2764 2848
2764 3001
2764 3091
2764 3113
2764 3163
2764 3388
2764 3526
2764 3698
2764 3872
2764 3928
2764 3967
2764 3988
2764 4275
2764 4459
2765 3113
2765 3485
2765 3566
2765 3665
2765 3814
2765 3977
2765 4414
2766 3019
2766 3644
2766 3801
2766 3918
2766 3990
2766 4015
2766 4034
2766 4284
2767 2804
2767 2823
2767 2957
2767 2994
2767 3008
2767 3093
2767 3334
2767 3561
2767 3852
2767 3934
2767 4077
2767 4190
2767 4378
2767 4456
2767 4474
2768 2802
2768 2854
2768 2972
2768 3326
2768 3468
2768 3595
2768 3596
2768 3673
2768 3747
2768 3826
2768 3982
2768 4266
2769 2861
2769 3055
2769 3060
2769 3204
2769 3205
2769 3231
2769 3257
2769 3297
2769 3409
2769 3434
2769 3468
2769 3534
2769 3622
2769 3642
2769 3732
2769 3733
2769 3867
2769 3935
2769 4141
2769 4171
2769 4211
2769 4393
2770 3021
2770 3494
2770 4091
2770 4093
2770 4136
2771 2830
2771 2849
2771 2850
2771 2863
2771 2954
2771 3010
2771 3017
2771 3020
2771 3023
2771 3034
2771 3082
2771 3123
2771 3124
2771 3131
2771 3175
2771 3178
2771 3189
2771 3213
2771 3237
2771 3252
2771 3290
2771 3404
2771 3413
2771 3501
2771 3519
2771 3541
2771 3638
2771 3654
2771 3666
2771 3672
2771 3678
2771 3697
2771 3742
2771 3762
2771 3777
2771 3837
2771 3875
2771 3923
2771 3950
2771 3983
2771 4076
2771 4134
2771 4181
2771 4242
2771 4250
2771 4272
2771 4309
2771 4316
2771 4317
2771 4347
2771 4377
2771 4425
2771 4431
2771 4432
2771 4470
2772 2999
2772 3060
2772 3174
2772 4009
2773 3021
2773 3043
2773 3077
2773 3266
2773 3494
2773 3525
2773 3590
2773 3661
2773 3908
2773 4024
2773 4036
2773 4303
2774 2822
2774 2863
2774 3020
2774 3023
2774 3113
2774 3252
2774 3468
2774 3521
2774 3569
2774 3633
2774 3706
2774 3724
2774 4313
2774 4316
2774 4478
2774 4486
2775 3943
2775 4039
2775 4279
2776 2787
2776 2794
2776 2806
2776 2822
2776 2833
2776 2837
2776 2858
2776 2899
2776 2910
2776 2911
2776 2918
2776 2924
2776 3038
2776 3082
2776 3106
2776 3107
2776 3112
2776 3138
2776 3162
2776 3246
2776 3258
2776 3260
2776 3354
2776 3365
2776 3408
2776 3487
2776 3506
2776 3564
2776 3569
2776 3611
2776 3623
2776 3685
2776 3706
2776 3708
2776 3718
2776 3724
2776 3854
2776 3899
2776 3970
2776 4023
2776 4080
2776 4090
2776 4095
2776 4145
2776 4154
2776 4219
2776 4258
2776 4259
2776 4294
2776 4325
2776 4346
2776 4398
2776 4410
2776 4434
2776 4454
2776 4465
2777 3055
2777 3246
2777 3456
2777 3489
2777 4126
2777 4152
2777 4202
2777 4378
2777 4464
2778 3346
2778 3530
2778 3567
2778 3582
2778 3717
2778 3743
2778 3798
2778 4288
2778 4365
2779 2883
2779 2928
2779 3190
2779 3266
2779 3283
2779 3353
2779 3376
2779 3514
2779 3744
2779 3796
2779 3962
2779 4015
2779 4149
2779 4177
2779 4340
2780 3033
2780 3061
2780 3113
2780 3129
2780 3187
2780 3273
2780 3349
2780 3417
2780 3430
2780 3478
2780 3515
2780 3615
2780 3710
2780 3715
2780 3728
2780 3767
2780 3784
2780 3815
2780 3819
2780 3850
2780 3857
2780 3878
2780 3893
2780 3897
2780 4021
2780 4040
2780 4042
2780 4236
2780 4270
2780 4290
2780 4298
2780 4312
2780 4383
2780 4479
2780 4486
2781 2830
2781 2838
2781 2850
2781 2863
2781 2954
2781 2975
2781 3010
2781 3011
2781 3017
2781 3020
2781 3023
2781 3024
2781 3034
2781 3058
2781 3082
2781 3123
2781 3131
2781 3147
2781 3189
2781 3194
2781 3213
2781 3225
2781 3237
2781 3252
2781 3265
2781 3275
2781 3290
2781 3321
2781 3331
2781 3354
2781 3356
2781 3413
2781 3436
2781 3501
2781 3519
2781 3541
2781 3565
2781 3589
2781 3638
2781 3654
2781 3678
2781 3697
2781 3742
2781 3762
2781 3776
2781 3837
2781 3875
2781 3908
2781 3950
2781 3983
2781 4076
2781 4095
2781 4115
2781 4134
2781 4240
2781 4242
2781 4250
2781 4272
2781 4309
2781 4326
2781 4330
2781 4347
2781 4360
2781 4377
2781 4425
2781 4431
2781 4432
2781 4475
2782 2982
2782 3096
2782 3555
2782 3914
2782 4285
2783 2870
2783 3393
2783 4015
2784 3033
2784 3111
2784 3113
2784 3129
2784 3132
2784 3392
2784 3528
2784 3586
2784 3739
2784 3767
2784 3782
2784 4020
2784 4196
2784 4313
2784 4488
2785 3798
2785 3971
2785 4015
2787 2794
2787 2810
2787 2822
2787 2833
2787 2837
2787 2856
2787 2858
2787 2899
2787 2910
2787 2911
2787 2924
2787 3038
2787 3067
2787 3082
2787 3112
2787 3138
2787 3162
2787 3246
2787 3258
2787 3260
2787 3293
2787 3356
2787 3365
2787 3408
2787 3425
2787 3487
2787 3505
2787 3564
2787 3569
2787 3590
2787 3604
2787 3611
2787 3623
2787 3685
2787 3706
2787 3708
2787 3718
2787 3724
2787 3777
2787 3800
2787 3899
2787 3970
2787 4023
2787 4037
2787 4058
2787 4080
2787 4095
2787 4145
2787 4154
2787 4197
2787 4219
2787 4234
2787 4258
2787 4259
2787 4287
2787 4294
2787 4325
2787 4331
2787 4346
2787 4398
2787 4406
2787 4410
2787 4461
2787 4465
2787 4478
2788 2804
2788 2934
2788 3113
2788 3164
2788 3291
2788 3503
2788 3540
2788 3560
2788 3648
2788 3660
2788 3668
2788 3816
2788 3822
2788 3882
2788 3934
2788 4011
2788 4055
2788 4114
2788 4343
2788 4402
2789 2800
2789 2802
2789 2854
2789 2955
2789 2971
2789 2972
2789 3015
2789 3095
2789 3103
2789 3244
2789 3270
2789 3326
2789 3378
2789 3402
2789 3468
2789 3497
2789 3581
2789 3596
2789 3629
2789 3633
2789 3747
2789 3826
2789 3836
2789 3906
2789 3910
2789 3953
2789 4151
2789 4192
2789 4222
2789 4241
2789 4266
2789 4405
2789 4421
2789 4448
2789 4476
2790 2943
2790 3010
2790 3040
2790 3107
2790 3494
2791 2868
2791 2935
2791 3004
2791 3016
2791 3048
2791 3212
2791 3358
2791 3468
2791 3563
2791 3694
2791 3773
2791 3780
2791 3846
2791 3905
2791 3925
2791 4069
2791 4103
2791 4141
2791 4251
2791 4306
2791 4314
2792 3785
2793 3468
2793 3825
2794 2809
2794 2822
2794 2833
2794 2837
2794 2856
2794 2858
2794 2899
2794 2910
2794 2911
2794 2918
2794 2924
2794 2950
2794 3038
2794 3051
2794 3082
2794 3107
2794 3112
2794 3138
2794 3147
2794 3162
2794 3191
2794 3246
2794 3258
2794 3260
2794 3293
2794 3365
2794 3386
2794 3408
2794 3425
2794 3487
2794 3505
2794 3564
2794 3569
2794 3590
2794 3604
2794 3611
2794 3623
2794 3685
2794 3706
2794 3708
2794 3718
2794 3724
2794 3899
2794 3970
2794 4023
2794 4037
2794 4058
2794 4060
2794 4080
2794 4095
2794 4145
2794 4154
2794 4178
2794 4219
2794 4234
2794 4259
2794 4260
2794 4287
2794 4294
2794 4325
2794 4346
2794 4398
2794 4410
2794 4440
2794 4454
2794 4461
2794 4465
2794 4478
2795 2859
2795 3031
2795 3097
2795 3740
2795 3796
2795 3804
2795 4015
2795 4082
2795 4085
2795 4189
2795 4305
2796 2998
2796 3025
2796 3113
2796 3229
2796 3363
2796 3390
2796 3527
2796 3536
2796 3686
2796 4206
2796 4226
2796 4446
2796 4477
2797 3086
2797 3571
2797 4015
2798 3543
2798 3585
2798 3895
2798 3957
2798 4217
2798 4245
2798 4282
2798 4382
2799 4015
2800 2802
2800 2854
2800 2913
2800 3015
2800 3244
2800 3402
2800 3468
2800 3497
2800 3633
2800 3673
2800 3747
2800 3826
2800 3836
2800 3906
2800 4151
2800 4214
2800 4222
2800 4241
2800 4266
2800 4405
2800 4421
2800 4448
2801 3111
2801 3113
2801 3299
2801 3430
2801 3478
2801 3515
2801 3528
2801 3715
2801 3728
2801 3784
2801 3819
2801 3878
2801 3897
2801 4008
2801 4042
2801 4056
2801 4138
2801 4193
2801 4236
2801 4270
2801 4389
2801 4486
2802 2847
2802 2854
2802 2864
2802 2913
2802 2971
2802 2972
2802 3015
2802 3071
2802 3103
2802 3176
2802 3244
2802 3261
2802 3270
2802 3317
2802 3326
2802 3354
2802 3378
2802 3402
2802 3468
2802 3497
2802 3531
2802 3593
2802 3595
2802 3596
2802 3629
2802 3633
2802 3677
2802 3682
2802 3714
2802 3745
2802 3747
2802 3826
2802 3836
2802 3906
2802 3910
2802 3953
2802 3997
2802 4041
2802 4135
2802 4151
2802 4192
2802 4214
2802 4222
2802 4241
2802 4266
2802 4295
2802 4405
2802 4421
2802 4438
2802 4448
2802 4475
2802 4476
2803 3099
2803 3302
2803 4191
2803 4412
2804 2823
2804 2875
2804 2916
2804 2925
2804 2934
2804 2939
2804 2950
2804 2957
2804 2975
2804 2978
2804 2990
2804 2994
2804 3007
2804 3008
2804 3009
2804 3013
2804 3014
2804 3043
2804 3093
2804 3113
2804 3115
2804 3124
2804 3164
2804 3191
2804 3210
2804 3234
2804 3241
2804 3271
2804 3280
2804 3282
2804 3291
2804 3354
2804 3382
2804 3394
2804 3424
2804 3436
2804 3442
2804 3443
2804 3471
2804 3481
2804 3496
2804 3503
2804 3533
2804 3535
2804 3540
2804 3560
2804 3570
2804 3573
2804 3625
2804 3630
2804 3643
2804 3648
2804 3660
2804 3668
2804 3671
2804 3736
2804 3816
2804 3819
2804 3822
2804 3847
2804 3849
2804 3852
2804 3853
2804 3882
2804 3924
2804 3931
2804 3934
2804 3949
2804 3991
2804 4011
2804 4039
2804 4055
2804 4077
2804 4088
2804 4100
2804 4104
2804 4109
2804 4114
2804 4115
2804 4143
2804 4169
2804 4195
2804 4233
2804 4265
2804 4279
2804 4327
2804 4342
2804 4343
2804 4381
2804 4402
2804 4404
2804 4412
2804 4426
2804 4435
2804 4451
2804 4456
2804 4457
2804 4459
2804 4474
2805 2909
2805 2977
2805 3061
2805 3066
2805 3111
2805 3113
2805 3151
2805 3185
2805 3187
2805 3273
2805 3299
2805 3349
2805 3417
2805 3528
2805 3615
2805 3728
2805 3737
2805 3784
2805 3815
2805 3819
2805 3850
2805 3857
2805 3893
2805 3961
2805 3998
2805 4040
2805 4193
2805 4194
2805 4270
2805 4313
2805 4374
2806 3082
2806 3113
2806 3178
2806 3189
2806 3194
2806 3213
2806 3260
2806 3264
2806 3405
2806 3468
2806 3710
2806 3715
2806 4015
2806 4145
2806 4242
2806 4307
2806 4326
2806 4432
2806 4479
2807 3302
2808 3779
2809 2833
2809 2858
2809 3082
2809 3564
2809 3685
2809 3970
2809 4145
2809 4259
2809 4410
2809 4465
2810 3038
2810 3246
2810 3425
2810 3467
2810 3569
2810 3576
2810 3611
2810 3685
2810 3724
2810 3783
2810 3800
2810 4058
2810 4080
2810 4145
2810 4197
2810 4223
2810 4258
2810 4287
2810 4344
2810 4478
2811 2947
2811 2990
2811 3063
2811 3515
2811 3571
2811 3653
2811 3810
2811 3835
2811 3999
2811 4049
2811 4110
2811 4240
2812 2952
2812 2973
2812 3026
2812 3050
2812 3652
2812 4010
2812 4101
2812 4328
2813 2880
2813 3033
2813 3113
2813 3311
2813 3485
2813 3515
2813 3646
2813 3708
2813 3842
2813 3866
2813 3897
2813 3975
2813 4194
2814 2895
2814 3313
2814 3322
2814 3391
2814 3684
2814 3929
2814 4015
2814 4249
2815 2917
2815 3109
2815 3259
2815 3359
2815 3459
2815 3568
2815 4014
2815 4195
2816 3699
2816 3906
2817 3113
2817 3329
2817 3939
2817 4158
2817 4392
2818 2890
2818 2965
2818 3731
2818 3909
2818 4015
2818 4182
2818 4373
2819 3157
2819 3308
2819 3832
2820 2939
2820 2994
2820 3014
2820 3043
2820 3157
2820 3269
2820 3280
2820 3934
2820 4179
2820 4279
2820 4456
2821 2855
2821 2937
2821 2948
2821 2961
2821 2977
2821 3033
2821 3061
2821 3076
2821 3111
2821 3113
2821 3129
2821 3151
2821 3198
2821 3220
2821 3343
2821 3417
2821 3420
2821 3430
2821 3432
2821 3478
2821 3485
2821 3515
2821 3528
2821 3562
2821 3615
2821 3728
2821 3737
2821 3739
2821 3767
2821 3782
2821 3784
2821 3791
2821 3819
2821 3847
2821 3850
2821 3857
2821 3862
2821 3955
2821 3977
2821 3991
2821 3998
2821 4020
2821 4042
2821 4132
2821 4153
2821 4188
2821 4196
2821 4262
2821 4270
2821 4290
2821 4298
2821 4312
2821 4313
2821 4370
2821 4383
2821 4396
2821 4441
2821 4469
2821 4486
2822 2833
2822 2837
2822 2858
2822 2869
2822 2899
2822 2910
2822 2924
2822 3082
2822 3107
2822 3112
2822 3120
2822 3138
2822 3175
2822 3209
2822 3258
2822 3293
2822 3327
2822 3365
2822 3408
2822 3487
2822 3564
2822 3604
2822 3611
2822 3623
2822 3685
2822 3706
2822 3708
2822 3724
2822 3777
2822 3899
2822 3970
2822 3996
2822 4023
2822 4057
2822 4080
2822 4095
2822 4145
2822 4154
2822 4219
2822 4259
2822 4325
2822 4346
2822 4398
2822 4410
2822 4454
2822 4465
2822 4478
2823 2917
2823 2957
2823 3007
2823 3043
2823 3150
2823 3334
2823 3533
2823 3993
2823 4137
2823 4246
2823 4299
2823 4456
2824 3010
2824 3058
2824 3685
2824 4023
2824 4309
2825 3113
2825 3114
2825 3126
2825 3128
2825 3206
2825 3549
2825 4158
2825 4303
2825 4418
2826 3160
2826 3257
2826 3451
2826 3468
2826 3622
2826 3787
2826 3799
2826 3820
2826 3873
2826 4322
2827 2848
2827 2879
2827 3113
2827 3119
2827 3168
2827 3223
2827 3285
2827 3336
2827 3370
2827 3389
2827 3397
2827 3496
2827 3526
2827 3588
2827 3849
2827 3870
2827 3883
2827 3973
2827 3979
2827 4073
2827 4356
2827 4459
2827 4460
2828 3567
2828 3717
2828 3743
2829 3158
2829 3364
2829 3427
2829 3441
2829 4282
2830 2850
2830 2863
2830 2867
2830 2954
2830 3010
2830 3011
2830 3017
2830 3020
2830 3023
2830 3024
2830 3034
2830 3058
2830 3067
2830 3082
2830 3108
2830 3123
2830 3131
2830 3178
2830 3189
2830 3194
2830 3213
2830 3225
2830 3252
2830 3265
2830 3275
2830 3321
2830 3331
2830 3405
2830 3406
2830 3413
2830 3446
2830 3501
2830 3519
2830 3541
2830 3565
2830 3589
2830 3638
2830 3654
2830 3666
2830 3678
2830 3697
2830 3736
2830 3742
2830 3758
2830 3762
2830 3776
2830 3837
2830 3848
2830 3875
2830 3889
2830 3908
2830 3950
2830 3983
2830 4061
2830 4067
2830 4076
2830 4090
2830 4117
2830 4131
2830 4134
2830 4139
2830 4181
2830 4240
2830 4242
2830 4250
2830 4272
2830 4307
2830 4309
2830 4316
2830 4326
2830 4330
2830 4347
2830 4360
2830 4377
2830 4422
2830 4425
2830 4431
2830 4432
2830 4450
2830 4475
2830 4483
2831 2878
2831 2956
2831 2965
2831 3086
2831 3117
2831 3374
2831 3517
2831 4015
2831 4110
2832 3044
2832 4015
2832 4452
2833 2837
2833 2856
2833 2858
2833 2899
2833 2911
2833 2918
2833 2924
2833 3038
2833 3082
2833 3107
2833 3138
2833 3162
2833 3246
2833 3258
2833 3365
2833 3408
2833 3487
2833 3505
2833 3564
2833 3604
2833 3611
2833 3623
2833 3672
2833 3685
2833 3706
2833 3708
2833 3724
2833 3748
2833 3800
2833 3899
2833 3970
2833 4023
2833 4037
2833 4058
2833 4080
2833 4095
2833 4142
2833 4145
2833 4154
2833 4180
2833 4234
2833 4259
2833 4287
2833 4325
2833 4346
2833 4398
2833 4410
2833 4454
2833 4465
2833 4478
2834 3113
2835 3021
2835 3320
2835 3407
2835 3461
2835 3494
2835 3582
2835 3627
2835 4019
2835 4091
2835 4093
2835 4413
2836 2848
2836 2879
2836 2951
2836 3041
2836 3113
2836 3370
2836 3450
2836 3483
2836 3526
2836 3616
2836 3894
2836 3967
2836 4045
2836 4081
2836 4244
2836 4339
2836 4356
2836 4411
2836 4460
2837 2858
2837 2869
2837 2899
2837 2910
2837 2918
2837 2924
2837 3038
2837 3082
2837 3107
2837 3112
2837 3138
2837 3162
2837 3246
2837 3258
2837 3365
2837 3386
2837 3408
2837 3487
2837 3564
2837 3569
2837 3611
2837 3623
2837 3685
2837 3706
2837 3708
2837 3718
2837 3724
2837 3736
2837 3791
2837 3970
2837 4023
2837 4057
2837 4058
2837 4095
2837 4145
2837 4154
2837 4234
2837 4259
2837 4325
2837 4346
2837 4398
2837 4410
2837 4454
2837 4465
2837 4478
2838 2855
2838 2858
2838 2899
2838 3058
2838 3076
2838 3138
2838 3189
2838 3237
2838 3252
2838 3258
2838 3392
2838 3468
2838 3565
2838 3615
2838 3784
2838 3934
2838 4023
2838 4312
2838 4313
2838 4316
2838 4432
2839 2998
2840 3113
2840 3526
2840 3967
2840 4000
2841 3581
2841 3705
2841 4015
2842 2995
2842 3080
2842 3140
2842 3222
2842 4097
2842 4285
2844 2985
2844 3026
2845 2947
2845 2956
2845 3086
2845 4015
2845 4110
2846 3113
2846 3263
2846 3306
2846 3708
2846 4453
2847 2852
2847 2902
2847 2981
2847 3208
2847 3468
2847 3497
2847 3593
2847 3682
2847 3982
2847 4192
2847 4228
2848 2879
2848 3001
2848 3041
2848 3052
2848 3091
2848 3113
2848 3163
2848 3250
2848 3370
2848 3450
2848 3483
2848 3495
2848 3523
2848 3526
2848 3670
2848 3870
2848 3872
2848 3894
2848 3967
2848 3988
2848 4062
2848 4084
2848 4339
2849 3017
2849 3061
2849 3082
2849 3111
2849 3113
2849 3138
2849 3195
2849 3213
2849 3604
2849 3633
2849 3750
2849 3762
2849 4015
2849 4076
2849 4250
2849 4312
2849 4383
2849 4398
2850 2863
2850 2869
2850 2920
2850 2954
2850 3005
2850 3010
2850 3011
2850 3017
2850 3020
2850 3023
2850 3024
2850 3034
2850 3058
2850 3064
2850 3082
2850 3120
2850 3123
2850 3131
2850 3147
2850 3178
2850 3189
2850 3194
2850 3202
2850 3213
2850 3225
2850 3234
2850 3237
2850 3265
2850 3275
2850 3290
2850 3321
2850 3331
2850 3404
2850 3405
2850 3413
2850 3501
2850 3519
2850 3541
2850 3565
2850 3589
2850 3638
2850 3654
2850 3666
2850 3678
2850 3697
2850 3762
2850 3776
2850 3837
2850 3848
2850 3875
2850 3889
2850 3923
2850 3950
2850 3983
2850 3987
2850 4070
2850 4076
2850 4095
2850 4134
2850 4234
2850 4240
2850 4242
2850 4250
2850 4272
2850 4309
2850 4316
2850 4326
2850 4330
2850 4347
2850 4360
2850 4377
2850 4425
2850 4431
2850 4432
2850 4450
2850 4470
2850 4482
2851 3283
2851 3522
2851 3974
2851 4015
2851 4301
2852 2902
2852 3152
2852 3208
2852 3211
2852 3454
2852 3468
2852 3531
2852 3682
2852 3683
2852 3901
2852 4098
2852 4192
2852 4310
2853 3888
2853 4015
2854 2864
2854 2972
2854 2981
2854 3244
2854 3270
2854 3326
2854 3468
2854 3497
2854 3595
2854 3596
2854 3629
2854 3673
2854 3745
2854 3747
2854 3805
2854 3826
2854 3910
2854 3953
2854 4120
2854 4214
2854 4228
2854 4266
2854 4268
2854 4448
2855 2937
2855 2948
2855 2992
2855 3009
2855 3033
2855 3076
2855 3111
2855 3113
2855 3129
2855 3151
2855 3170
2855 3187
2855 3198
2855 3220
2855 3234
2855 3299
2855 3394
2855 3417
2855 3478
2855 3485
2855 3515
2855 3521
2855 3528
2855 3562
2855 3615
2855 3708
2855 3728
2855 3737
2855 3739
2855 3767
2855 3782
2855 3784
2855 3819
2855 3842
2855 3893
2855 3897
2855 3998
2855 4042
2855 4132
2855 4147
2855 4153
2855 4188
2855 4193
2855 4196
2855 4199
2855 4236
2855 4262
2855 4270
2855 4290
2855 4293
2855 4298
2855 4312
2855 4313
2855 4317
2855 4341
2855 4370
2855 4383
2855 4469
2855 4479
2855 4486
2855 4488
2856 2899
2856 3038
2856 3107
2856 3138
2856 3209
2856 3258
2856 3260
2856 3293
2856 3365
2856 3386
2856 3425
2856 3487
2856 3569
2856 3590
2856 3611
2856 3623
2856 3685
2856 3706
2856 3708
2856 3718
2856 3800
2856 3899
2856 4023
2856 4037
2856 4060
2856 4145
2856 4154
2856 4219
2856 4294
2856 4346
2856 4398
2856 4454
2856 4461
2856 4465
2856 4478
2857 3113
2858 2899
2858 2910
2858 2918
2858 2924
2858 3038
2858 3082
2858 3107
2858 3138
2858 3162
2858 3175
2858 3183
2858 3237
2858 3246
2858 3258
2858 3260
2858 3293
2858 3327
2858 3356
2858 3365
2858 3408
2858 3436
2858 3446
2858 3487
2858 3505
2858 3564
2858 3569
2858 3604
2858 3611
2858 3623
2858 3685
2858 3695
2858 3706
2858 3708
2858 3718
2858 3724
2858 3800
2858 3899
2858 3970
2858 4023
2858 4058
2858 4060
2858 4080
2858 4095
2858 4145
2858 4146
2858 4154
2858 4219
2858 4234
2858 4259
2858 4287
2858 4294
2858 4325
2858 4331
2858 4346
2858 4398
2858 4410
2858 4454
2858 4461
2858 4465
2858 4478
2859 2933
2859 2947
2859 3031
2859 3037
2859 3094
2859 3097
2859 3122
2859 3254
2859 3374
2859 3571
2859 3721
2859 3740
2859 3741
2859 3796
2859 3804
2859 3896
2859 3902
2859 4015
2859 4018
2859 4082
2859 4085
2859 4110
2859 4133
2859 4189
2859 4304
2859 4305
2859 4395
2860 2984
2860 3113
2860 3119
2860 3235
2860 3250
2860 3279
2860 3471
2860 3495
2860 3588
2860 3616
2860 4128
2860 4275
2860 4457
2860 4459
2860 4460
2861 2940
2861 3231
2861 3297
2861 3434
2861 3468
2861 3534
2861 3601
2861 3622
2861 3642
2861 3732
2861 3733
2861 4171
2861 4211
2861 4239
2861 4393
2862 3224
2862 3468
2862 3628
2862 3814
2862 3884
2862 4251
2863 2867
2863 2920
2863 2950
2863 2954
2863 3010
2863 3011
2863 3017
2863 3020
2863 3023
2863 3024
2863 3034
2863 3058
2863 3064
2863 3067
2863 3082
2863 3108
2863 3120
2863 3123
2863 3131
2863 3178
2863 3189
2863 3194
2863 3195
2863 3213
2863 3237
2863 3252
2863 3265
2863 3275
2863 3290
2863 3321
2863 3331
2863 3404
2863 3406
2863 3420
2863 3501
2863 3519
2863 3541
2863 3565
2863 3583
2863 3589
2863 3638
2863 3654
2863 3666
2863 3678
2863 3697
2863 3742
2863 3758
2863 3762
2863 3776
2863 3848
2863 3863
2863 3875
2863 3908
2863 3950
2863 3983
2863 3987
2863 4076
2863 4115
2863 4134
2863 4181
2863 4240
2863 4242
2863 4250
2863 4272
2863 4307
2863 4309
2863 4316
2863 4326
2863 4330
2863 4347
2863 4360
2863 4377
2863 4403
2863 4425
2863 4431
2863 4432
2863 4450
2863 4470
2863 4482
2864 2866
2864 2972
2864 3468
2864 3476
2864 3531
2864 3596
2864 3633
2864 3673
2864 3682
2864 3714
2864 3745
2864 3826
2864 3910
2864 4041
2864 4135
2864 4421
2864 4430
2864 4438
2865 3135
2865 3209
2865 3286
2865 3293
2865 3328
2865 3395
2865 3604
2865 3800
2865 3933
2865 4167
2865 4208
2865 4269
2865 4407
2865 4409
2865 4461
2865 4478
2866 2902
2866 2981
2866 3095
2866 3176
2866 3208
2866 3315
2866 3326
2866 3468
2866 3476
2866 3497
2866 3531
2866 3595
2866 3596
2866 3600
2866 3673
2866 3677
2866 3682
2866 3745
2866 3901
2866 3910
2866 3982
2866 4041
2866 4098
2866 4120
2866 4135
2866 4192
2866 4204
2866 4228
2866 4430
2866 4438
2867 2976
2867 3010
2867 3011
2867 3017
2867 3024
2867 3034
2867 3058
2867 3082
2867 3123
2867 3131
2867 3189
2867 3194
2867 3225
2867 3237
2867 3252
2867 3265
2867 3275
2867 3404
2867 3413
2867 3519
2867 3541
2867 3565
2867 3638
2867 3654
2867 3697
2867 3742
2867 3762
2867 3776
2867 3837
2867 3908
2867 3923
2867 3983
2867 4037
2867 4057
2867 4076
2867 4095
2867 4115
2867 4139
2867 4181
2867 4232
2867 4240
2867 4250
2867 4272
2867 4307
2867 4309
2867 4316
2867 4326
2867 4347
2867 4360
2867 4377
2867 4431
2867 4432
2867 4441
2867 4454
2867 4482
2868 2935
2868 2940
2868 2974
2868 3016
2868 3048
2868 3215
2868 3226
2868 3281
2868 3297
2868 3312
2868 3337
2868 3434
2868 3468
2868 3694
2868 3789
2868 3891
2868 3954
2868 4141
2868 4264
2868 4361
2868 4416
2869 2948
2869 3058
2869 3113
2869 3181
2869 3194
2869 3260
2869 3430
2869 3468
2869 3487
2869 3528
2869 3541
2869 3565
2869 3604
2869 3615
2869 3724
2869 3758
2869 3767
2869 3784
2869 3819
2869 3837
2869 3899
2869 4015
2869 4023
2869 4134
2869 4290
2869 4294
2869 4307
2869 4312
2869 4313
2869 4360
2869 4383
2869 4410
2869 4425
2869 4431
2869 4450
2869 4482
2869 4486
2870 2923
2870 3143
2870 3149
2870 3493
2870 4015
2870 4017
2870 4464
2871 3725
2871 4015
2872 3468
2873 2876
2873 4445
2874 2906
2874 3284
2874 3634
2874 3699
2874 3978
2874 3981
2874 4015
2875 2990
2875 2996
2875 3113
2875 3168
2875 3210
2875 3214
2875 3336
2875 3370
2875 3503
2875 3523
2875 3608
2875 3648
2875 3767
2875 3784
2875 3870
2875 3894
2875 4064
2875 4073
2875 4114
2875 4196
2875 4339
2875 4381
2875 4402
2875 4411
2875 4460
2875 4487
2876 3073
2876 3641
2876 3947
2877 3395
2877 3871
2878 3374
2878 3571
2878 4015
2878 4045
2878 4110
2878 4271
2878 4305
2878 4348
2879 3001
2879 3041
2879 3113
2879 3223
2879 3344
2879 3370
2879 3389
2879 3483
2879 3495
2879 3523
2879 3526
2879 3588
2879 3616
2879 3870
2879 3894
2879 3967
2879 3988
2879 4081
2879 4084
2879 4122
2879 4191
2879 4327
2879 4339
2879 4356
2879 4381
2879 4459
2879 4460
2879 4484
2880 2948
2880 3113
2880 3311
2880 3478
2880 3515
2880 3646
2880 3728
2880 3784
2880 3812
2880 3878
2880 3897
2880 3975
2880 3977
2880 4056
2880 4138
2880 4194
2880 4236
2880 4298
2880 4389
2880 4469
2880 4486
2881 2948
2881 3033
2881 3113
2881 3151
2881 3187
2881 3198
2881 3485
2881 3562
2881 3586
2881 4147
2881 4188
2881 4313
2881 4341
2881 4370
2882 3054
2882 3217
2882 3231
2882 3247
2882 3257
2882 3332
2882 3451
2882 3468
2882 3525
2882 3534
2882 3609
2882 3750
2882 3787
2882 4322
2883 2900
2883 2928
2883 3136
2883 3287
2883 3421
2883 4015
2883 4016
2883 4165
2884 3286
2884 3305
2884 3328
2884 3467
2884 3488
2884 3604
2884 3783
2884 4223
2885 3744
2885 3763
2885 4015
2886 2985
2886 3272
2886 4247
2887 2939
2887 3093
2887 3613
2887 3934
2887 4190
2887 4210
2887 4243
2887 4435
2888 3113
2888 3556
2888 3819
2888 3890
2888 4023
2888 4076
2889 2927
2889 3157
2890 2958
2890 2965
2890 3152
2890 3419
2890 3545
2890 3743
2890 3909
2890 4015
2890 4182
2890 4349
2890 4357
2890 4368
2890 4373
2891 3100
2891 3104
2891 3468
2891 3761
2891 3868
2891 3876
2891 3965
2891 4002
2891 4161
2891 4361
2892 2976
2892 3266
2892 4015
2893 2999
2893 3113
2893 3558
2893 3687
2893 4191
2894 3179
2894 3219
2894 3845
2894 3966
2894 4027
2895 3141
2895 3304
2895 3313
2895 3322
2895 3391
2895 3684
2895 3929
2895 4015
2895 4318
2896 3110
2896 3999
2897 2929
2897 3763
2897 4172
2897 4278
2898 2900
2898 2928
2898 3072
2898 3136
2898 3283
2898 3287
2898 3421
2898 3926
2898 4001
2898 4015
2898 4016
2898 4177
2899 2924
2899 2975
2899 3038
2899 3082
2899 3106
2899 3107
2899 3112
2899 3138
2899 3162
2899 3170
2899 3209
2899 3246
2899 3258
2899 3260
2899 3293
2899 3365
2899 3386
2899 3408
2899 3425
2899 3446
2899 3487
2899 3564
2899 3569
2899 3590
2899 3604
2899 3611
2899 3623
2899 3685
2899 3695
2899 3708
2899 3723
2899 3724
2899 3783
2899 3791
2899 3899
2899 3970
2899 4023
2899 4037
2899 4058
2899 4060
2899 4080
2899 4090
2899 4095
2899 4115
2899 4145
2899 4154
2899 4219
2899 4287
2899 4294
2899 4325
2899 4346
2899 4398
2899 4406
2899 4410
2899 4440
2899 4441
2899 4454
2899 4461
2899 4465
2899 4478
2900 2928
2900 3072
2900 3136
2900 3177
2900 3421
2900 3645
2900 4001
2900 4015
2900 4165
2901 3023
2901 3038
2901 3123
2901 3138
2901 3151
2901 3265
2901 3275
2901 3408
2901 3468
2901 3515
2901 3528
2901 3565
2901 3611
2901 3615
2901 3638
2901 3678
2901 3697
2901 3758
2901 3762
2901 3782
2901 3908
2901 4154
2901 4298
2901 4360
2901 4431
2901 4450
2901 4454
2902 2981
2902 3208
2902 3211
2902 3454
2902 3468
2902 3476
2902 3531
2902 3682
2902 3901
2902 3910
2902 3951
2902 4160
2902 4192
2902 4204
2902 4228
2903 4086
2903 4378
2904 3189
2904 3837
2904 3875
2904 3897
2904 4117
2904 4134
2904 4326
2905 3030
2905 3056
2905 3375
2905 3453
2905 3468
2905 3511
2905 3547
2905 3937
2905 3972
2905 4263
2905 4439
2906 3249
2906 3284
2906 3634
2906 3699
2906 3978
2906 4015
2907 3113
2907 3329
2907 3399
2907 3566
2907 3646
2907 3659
2907 3810
2907 3975
2907 4132
2907 4202
2907 4303
2907 4384
2907 4396
2909 2959
2909 2977
2909 3066
2909 3113
2909 3185
2909 3187
2909 3273
2909 3349
2909 3417
2909 3430
2909 3520
2909 3615
2909 3710
2909 3728
2909 3815
2909 3850
2909 3998
2909 4021
2909 4040
2909 4270
2909 4486
2910 3038
2910 3082
2910 3107
2910 3112
2910 3120
2910 3138
2910 3147
2910 3162
2910 3232
2910 3242
2910 3246
2910 3258
2910 3293
2910 3295
2910 3386
2910 3408
2910 3505
2910 3564
2910 3590
2910 3604
2910 3626
2910 3685
2910 3706
2910 3708
2910 3724
2910 3748
2910 3828
2910 3829
2910 3899
2910 3923
2910 4037
2910 4058
2910 4061
2910 4080
2910 4145
2910 4154
2910 4178
2910 4219
2910 4234
2910 4287
2910 4294
2910 4346
2910 4398
2910 4410
2910 4454
2910 4465
2910 4478
2910 4483
2911 2918
2911 3004
2911 3082
2911 3260
2911 3386
2911 3408
2911 3425
2911 3646
2911 3708
2911 4080
2911 4095
2911 4154
2911 4256
2911 4287
2911 4440
2911 4460
2911 4465
2911 4478
2912 2949
2912 3056
2912 3212
2912 3468
2912 3642
2912 3943
2912 4254
2913 3015
2913 3176
2913 3317
2913 3378
2913 3402
2913 3468
2913 3476
2913 3497
2913 3603
2913 3629
2913 3633
2913 3673
2913 3747
2913 3805
2913 3836
2913 3906
2913 3910
2913 3997
2913 4151
2913 4192
2913 4222
2913 4241
2913 4310
2913 4405
2913 4421
2913 4430
2913 4448
2914 2953
2915 3113
2915 3503
2915 3564
2915 3872
2916 3013
2916 3113
2916 3291
2916 3382
2916 3503
2916 3668
2916 4055
2916 4114
2917 2927
2917 2994
2917 3007
2917 3008
2917 3014
2917 3157
2917 3334
2917 3352
2917 3359
2917 3459
2917 3853
2917 4137
2917 4143
2917 4195
2917 4246
2918 2924
2918 3082
2918 3107
2918 3138
2918 3246
2918 3258
2918 3365
2918 3408
2918 3487
2918 3611
2918 3685
2918 3706
2918 4023
2918 4095
2918 4145
2918 4258
2918 4259
2918 4346
2918 4398
2918 4410
2918 4440
2918 4465
2919 3113
2919 3171
2919 3385
2919 3685
2919 3708
2919 3742
2919 3767
2919 3837
2919 4023
2919 4242
2919 4377
2920 2954
2920 3023
2920 3024
2920 3082
2920 3178
2920 3194
2920 3213
2920 3237
2920 3275
2920 3290
2920 3541
2920 3583
2920 3678
2920 3697
2920 3742
2920 3762
2920 3837
2920 3908
2920 3950
2920 4076
2920 4134
2920 4240
2920 4242
2920 4307
2920 4316
2920 4326
2920 4377
2920 4425
2920 4432
2921 2931
2921 2942
2921 2988
2921 3000
2921 3026
2921 3158
2921 3308
2921 3364
2921 3383
2921 3427
2921 3557
2921 4025
2921 4420
2921 4466
2921 4485
2922 3237
2922 3578
2922 4181
2922 4216
2922 4234
2922 4307
2922 4431
2922 4437
2923 3143
2923 3149
2923 3493
2923 3591
2923 3884
2923 4015
2923 4017
2923 4464
2924 3009
2924 3067
2924 3082
2924 3106
2924 3107
2924 3138
2924 3162
2924 3170
2924 3209
2924 3246
2924 3258
2924 3260
2924 3293
2924 3365
2924 3406
2924 3408
2924 3425
2924 3505
2924 3564
2924 3604
2924 3611
2924 3623
2924 3643
2924 3672
2924 3685
2924 3706
2924 3800
2924 3970
2924 4080
2924 4095
2924 4145
2924 4154
2924 4259
2924 4287
2924 4325
2924 4346
2924 4398
2924 4410
2924 4422
2924 4434
2924 4440
2924 4441
2924 4454
2924 4461
2924 4465
2924 4478
2925 3099
2925 3157
2925 3540
2925 3561
2925 3625
2925 3630
2925 3877
2925 3934
2925 4077
2925 4435
2926 3470
2926 3755
2926 3827
2926 4079
2926 4424
2927 2994
2927 3157
2927 4246
2927 4378
2927 4456
2928 3072
2928 3136
2928 3177
2928 3287
2928 3345
2928 3376
2928 3421
2928 4001
2928 4015
2928 4016
2928 4059
2928 4149
2928 4165
2928 4177
2928 4301
2928 4397
2929 3243
2929 3763
2929 4172
2929 4278
2930 4015
2931 2973
2931 3050
2931 3072
2931 3127
2931 3159
2931 3291
2931 3679
2931 3700
2931 3971
2931 4010
2931 4071
2931 4101
2931 4102
2931 4123
2931 4328
2931 4479
2932 2990
2932 3113
2932 3388
2932 3722
2932 4055
2933 3031
2933 3094
2933 3219
2933 3740
2933 3796
2933 3804
2933 4015
2933 4082
2933 4085
2933 4305
2933 4395
2934 3113
2934 3115
2934 3164
2934 3210
2934 3442
2934 3503
2934 3540
2934 3560
2934 3648
2934 3816
2934 3882
2934 3934
2934 4011
2934 4055
2934 4088
2934 4265
2934 4343
2935 3238
2935 3274
2935 3438
2935 3468
2935 3510
2935 3773
2935 3780
2935 3925
2935 4083
2935 4140
2935 4141
2936 3021
2936 3530
2936 3645
2936 3938
2936 4365
2937 3113
2937 3129
2937 3379
2937 3561
2937 3647
2937 3782
2937 3961
2937 4021
2937 4188
2938 2999
2938 3764
2938 4285
2939 2957
2939 3007
2939 3008
2939 3014
2939 3093
2939 3157
2939 3241
2939 3269
2939 3280
2939 3540
2939 3613
2939 3625
2939 3630
2939 3671
2939 3852
2939 3934
2939 3948
2939 3993
2939 4039
2939 4077
2939 4190
2939 4210
2939 4243
2939 4378
2939 4402
2939 4412
2939 4435
2939 4456
2939 4474
2940 2961
2940 2970
2940 2974
2940 3100
2940 3108
2940 3160
2940 3186
2940 3204
2940 3205
2940 3231
2940 3238
2940 3289
2940 3297
2940 3369
2940 3402
2940 3409
2940 3434
2940 3436
2940 3451
2940 3468
2940 3534
2940 3612
2940 3617
2940 3622
2940 3633
2940 3642
2940 3694
2940 3732
2940 3733
2940 3867
2940 3868
2940 3873
2940 3925
2940 3944
2940 3954
2940 4050
2940 4089
2940 4140
2940 4141
2940 4171
2940 4211
2940 4255
2940 4315
2940 4350
2940 4361
2940 4393
2940 4403
2940 4422
2940 4436
2941 3292
2941 3409
2941 3433
2941 3468
2941 3916
2941 4002
2941 4353
2941 4361
2941 4419
2942 3158
2942 3188
2942 3308
2942 3364
2942 3427
2942 3557
2942 3734
2942 4252
2942 4391
2942 4420
2943 3046
2943 3113
2943 3164
2943 3388
2943 3504
2943 3660
2943 3882
2943 4011
2943 4265
2943 4402
2944 4423
2945 3072
2945 3266
2945 3278
2945 4015
2946 3486
2946 3524
2946 3637
2946 3809
2946 3834
2946 4015
2947 3086
2947 3254
2947 3304
2947 3374
2947 3574
2947 3627
2947 3796
2947 3840
2947 3956
2947 4015
2947 4029
2947 4110
2947 4297
2948 2975
2948 3009
2948 3033
2948 3111
2948 3113
2948 3129
2948 3151
2948 3181
2948 3187
2948 3220
2948 3234
2948 3311
2948 3394
2948 3417
2948 3478
2948 3485
2948 3521
2948 3528
2948 3562
2948 3586
2948 3615
2948 3646
2948 3675
2948 3715
2948 3728
2948 3730
2948 3802
2948 3819
2948 3842
2948 3857
2948 3955
2948 3961
2948 3975
2948 3977
2948 4020
2948 4138
2948 4147
2948 4153
2948 4174
2948 4185
2948 4188
2948 4194
2948 4196
2948 4236
2948 4270
2948 4298
2948 4312
2948 4313
2948 4341
2948 4352
2948 4389
2948 4469
2948 4479
2949 3203
2949 3212
2949 3296
2949 3303
2949 3468
2949 3694
2949 3750
2949 3891
2949 3943
2949 3965
2949 4254
2950 3011
2950 3038
2950 3058
2950 3113
2950 3252
2950 3275
2950 3404
2950 3406
2950 3417
2950 3468
2950 3478
2950 3520
2950 3569
2950 3604
2950 3666
2950 3697
2950 3706
2950 3715
2950 3762
2950 3784
2950 3875
2950 3897
2950 4015
2950 4181
2950 4185
2950 4188
2950 4193
2950 4272
2950 4313
2950 4377
2950 4482
2950 4486
2951 3113
2951 4411
2952 2973
2953 3454
2953 3468
2953 3593
2953 3667
2953 3677
2953 4192
2953 4228
2953 4400
2954 3010
2954 3011
2954 3017
2954 3020
2954 3023
2954 3024
2954 3034
2954 3058
2954 3064
2954 3082
2954 3131
2954 3178
2954 3189
2954 3191
2954 3194
2954 3213
2954 3237
2954 3252
2954 3265
2954 3275
2954 3290
2954 3321
2954 3331
2954 3404
2954 3406
2954 3413
2954 3420
2954 3501
2954 3519
2954 3565
2954 3589
2954 3638
2954 3654
2954 3666
2954 3675
2954 3678
2954 3697
2954 3723
2954 3742
2954 3758
2954 3769
2954 3848
2954 3875
2954 3908
2954 3950
2954 3983
2954 4076
2954 4090
2954 4095
2954 4115
2954 4134
2954 4139
2954 4216
2954 4240
2954 4242
2954 4250
2954 4272
2954 4307
2954 4309
2954 4316
2954 4326
2954 4330
2954 4347
2954 4360
2954 4377
2954 4403
2954 4422
2954 4425
2954 4431
2954 4432
2954 4450
2954 4470
2955 3468
2955 3912
2956 3117
2956 3474
2956 3716
2956 3796
2956 3896
2956 4015
2956 4082
2957 2994
2957 3007
2957 3008
2957 3014
2957 3093
2957 3241
2957 3288
2957 3352
2957 3459
2957 3613
2957 3630
2957 3671
2957 3852
2957 3877
2957 3934
2957 3993
2957 4039
2957 4077
2957 4195
2957 4246
2957 4378
2957 4402
2957 4435
2957 4474
2958 3545
2958 3618
2958 4015
2958 4349
2958 4357
2959 3749
2960 3301
2960 3342
2960 4047
2960 4285
2960 4445
2961 3017
2961 3082
2961 3113
2961 3131
2961 3515
2961 3520
2961 3724
2961 3762
2961 4015
2961 4076
2961 4080
2961 4192
2961 4377
2961 4459
2961 4478
2962 2999
2962 3174
2962 3445
2963 3134
2963 3142
2963 3415
2963 3811
2963 3900
2964 3130
2964 3401
2964 3466
2964 3518
2964 3798
2964 3845
2964 4027
2964 4302
2964 4401
2965 3006
2965 3419
2965 3445
2965 3579
2965 3618
2965 3731
2965 3909
2965 4015
2965 4087
2965 4182
2965 4349
2965 4368
2965 4373
2966 4015
2967 3698
2968 2980
2968 3310
2968 3592
2968 3856
2968 4363
2969 3337
2969 3451
2969 3468
2969 3750
2969 3944
2969 4045
2969 4361
2970 3468
2970 3474
2970 4014
2970 4097
2971 2972
2971 3244
2971 3270
2971 3326
2971 3378
2971 3402
2971 3468
2971 3497
2971 3595
2971 3596
2971 3629
2971 3633
2971 3747
2971 3826
2971 3906
2971 3910
2971 3952
2971 3953
2971 4151
2971 4192
2971 4241
2971 4266
2971 4421
2971 4430
2971 4448
2972 3095
2972 3103
2972 3270
2972 3314
2972 3326
2972 3468
2972 3595
2972 3596
2972 3633
2972 3677
2972 3682
2972 3745
2972 3747
2972 3826
2972 3910
2972 3953
2972 4041
2972 4135
2972 4214
2972 4438
2972 4448
2973 2985
2973 3127
2973 3159
2973 3180
2973 3308
2973 3679
2973 3793
2973 4102
2973 4123
2973 4485
2974 3016
2974 3045
2974 3054
2974 3227
2974 3231
2974 3303
2974 3316
2974 3337
2974 3340
2974 3368
2974 3403
2974 3426
2974 3429
2974 3468
2974 3563
2974 3658
2974 3681
2974 3759
2974 3773
2974 3780
2974 3789
2974 3865
2974 3954
2974 3959
2974 4024
2974 4069
2974 4225
2974 4253
2974 4254
2974 4256
2974 4264
2974 4273
2974 4322
2974 4353
2974 4436
2974 4462
2974 4467
2975 3024
2975 3061
2975 3252
2975 3293
2975 3417
2975 3478
2975 3528
2975 3685
2975 3708
2975 3893
2975 3897
2975 4023
2975 4058
2975 4154
2975 4192
2975 4242
2975 4346
2975 4347
2976 3622
2976 3692
2976 3973
2976 4201
2976 4394
2977 3061
2977 3113
2977 3185
2977 3187
2977 3273
2977 3349
2977 3417
2977 3430
2977 3615
2977 3728
2977 3815
2977 3819
2977 3850
2977 3857
2977 3955
2977 3977
2977 4040
2977 4262
2977 4270
2977 4290
2977 4312
2977 4319
2977 4486
2978 3424
2978 3915
2978 4030
2978 4336
2979 3113
2979 4248
2980 2994
2980 3074
2980 3280
2980 3310
2980 3640
2980 3856
2980 4344
2981 3176
2981 3211
2981 3468
2981 3476
2981 3531
2981 3600
2981 3667
2981 3673
2981 3682
2981 3910
2981 3982
2981 4135
2981 4192
2981 4204
2981 4228
2981 4295
2981 4438
2982 3555
2982 3914
2982 4285
2983 3116
2983 3656
2984 3113
2984 3119
2984 3250
2984 3370
2984 3389
2984 3463
2984 3483
2984 3523
2984 3616
2984 3670
2984 3698
2984 3839
2984 3894
2984 4036
2984 4084
2984 4122
2984 4339
2984 4411
2984 4460
2985 3158
2985 3793
2985 4032
2985 4247
2986 3461
2986 3494
2986 3917
2986 3980
2987 3468
2988 3308
2988 3422
2988 3707
2988 3884
2988 4466
2989 3650
2989 3663
2989 3778
2989 4143
2990 3113
2990 3164
2990 3503
2990 3648
2990 3660
2990 4011
2990 4055
2990 4088
2990 4114
2990 4280
2990 4402
2990 4443
2991 3010
2991 3082
2991 3189
2991 3237
2991 3252
2991 3404
2991 3638
2991 3697
2991 4076
2991 4095
2991 4272
2991 4309
2991 4432
2991 4470
2992 3076
2992 3113
2992 3129
2992 3181
2992 3728
2992 3739
2992 3782
2992 3784
2992 3819
2992 3961
2992 4153
2992 4383
2992 4488
2993 4285
2994 3007
2994 3043
2994 3241
2994 3280
2994 3359
2994 3502
2994 3540
2994 3561
2994 3625
2994 3630
2994 3650
2994 3671
2994 3852
2994 3853
2994 4039
2994 4077
2994 4137
2994 4179
2994 4246
2994 4279
2994 4378
2994 4412
2994 4456
2994 4463
2995 3080
2995 3140
2995 3222
2995 3324
2995 4285
2996 3041
2996 3113
2996 3168
2996 3214
2996 3302
2996 3336
2996 3388
2996 3504
2996 3605
2996 3608
2996 3767
2996 4003
2996 4064
2996 4073
2996 4196
2996 4203
2996 4233
2996 4339
2997 3063
2997 3113
2997 3235
2997 3285
2997 3307
2997 3309
2997 3351
2997 3439
2997 3481
2997 3535
2997 3598
2997 3606
2997 3691
2997 3749
2997 3770
2997 3816
2997 3849
2997 3874
2997 4094
2997 4119
2997 4128
2997 4387
2998 3025
2998 3113
2998 3229
2998 3363
2998 3390
2998 3527
2998 3536
2998 3558
2998 3967
2998 4206
2998 4226
2998 4303
2998 4446
2998 4477
2999 3215
2999 3248
2999 3383
2999 3554
2999 3670
2999 3767
2999 3903
2999 4009
3000 3158
3000 3304
3000 3364
3000 3412
3000 3557
3000 3832
3000 4032
3001 3091
3001 3113
3001 3483
3001 3495
3001 3523
3001 3526
3001 3698
3001 3870
3001 3872
3001 3988
3001 4062
3001 4084
3001 4111
3001 4275
3001 4459
3002 3113
3003 3567
3003 3743
3004 3358
3004 3468
3004 3905
3005 3129
3005 3131
3005 3202
3005 3252
3005 3265
3005 3468
3005 3478
3005 3611
3005 4425
3006 3731
3006 3952
3006 4015
3006 4087
3006 4182
3006 4349
3006 4373
3007 3008
3007 3014
3007 3043
3007 3241
3007 3280
3007 3314
3007 3533
3007 3540
3007 3625
3007 3630
3007 3671
3007 3853
3007 4039
3007 4077
3007 4179
3007 4195
3007 4246
3007 4279
3007 4463
3008 3043
3008 3093
3008 3241
3008 3280
3008 3288
3008 3502
3008 3540
3008 3561
3008 3613
3008 3625
3008 3630
3008 3650
3008 3712
3008 3852
3008 3853
3008 3934
3008 4039
3008 4077
3008 4137
3008 4246
3008 4249
3008 4279
3008 4378
3008 4412
3008 4456
3008 4463
3009 3061
3009 3113
3009 3213
3009 3264
3009 3299
3009 3408
3009 3468
3009 3515
3009 3520
3009 3541
3009 3622
3009 3654
3009 3685
3009 3697
3009 3708
3009 3724
3009 3737
3009 3819
3009 3875
3009 3910
3009 4008
3009 4021
3009 4058
3009 4080
3009 4134
3009 4145
3009 4188
3009 4313
3009 4316
3009 4346
3009 4370
3009 4425
3009 4432
3009 4470
3009 4479
3010 3011
3010 3017
3010 3020
3010 3023
3010 3024
3010 3034
3010 3082
3010 3108
3010 3123
3010 3131
3010 3147
3010 3178
3010 3189
3010 3195
3010 3213
3010 3225
3010 3237
3010 3252
3010 3265
3010 3275
3010 3290
3010 3321
3010 3331
3010 3356
3010 3369
3010 3394
3010 3404
3010 3405
3010 3413
3010 3501
3010 3519
3010 3541
3010 3565
3010 3589
3010 3638
3010 3654
3010 3666
3010 3678
3010 3697
3010 3742
3010 3762
3010 3791
3010 3837
3010 3847
3010 3875
3010 3908
3010 4023
3010 4057
3010 4076
3010 4079
3010 4115
3010 4134
3010 4139
3010 4146
3010 4216
3010 4240
3010 4242
3010 4250
3010 4260
3010 4272
3010 4307
3010 4309
3010 4326
3010 4330
3010 4347
3010 4360
3010 4377
3010 4425
3010 4431
3010 4450
3010 4482
3011 3017
3011 3020
3011 3023
3011 3024
3011 3034
3011 3058
3011 3123
3011 3131
3011 3178
3011 3194
3011 3213
3011 3237
3011 3265
3011 3275
3011 3290
3011 3321
3011 3331
3011 3354
3011 3404
3011 3446
3011 3501
3011 3519
3011 3541
3011 3589
3011 3638
3011 3666
3011 3697
3011 3742
3011 3762
3011 3837
3011 3875
3011 3950
3011 4057
3011 4076
3011 4095
3011 4134
3011 4146
3011 4181
3011 4240
3011 4242
3011 4250
3011 4272
3011 4307
3011 4309
3011 4316
3011 4326
3011 4347
3011 4377
3011 4425
3011 4431
3011 4432
3011 4470
3011 4482
3012 3218
3012 3240
3012 3381
3012 3449
3012 3518
3012 3674
3012 3845
3012 4027
3012 4187
3012 4221
3012 4269
3012 4302
3012 4401
3013 3113
3013 3291
3013 3382
3013 3648
3013 3819
3013 3949
3013 4114
3013 4265
3013 4404
3014 3093
3014 3241
3014 3280
3014 3502
3014 3540
3014 3630
3014 3671
3014 3852
3014 3853
3014 3877
3014 3934
3014 4039
3014 4077
3014 4137
3014 4143
3014 4179
3014 4246
3014 4456
3014 4474
3015 3095
3015 3244
3015 3317
3015 3378
3015 3402
3015 3468
3015 3497
3015 3537
3015 3596
3015 3603
3015 3629
3015 3633
3015 3682
3015 3714
3015 3747
3015 3826
3015 3836
3015 3906
3015 3910
3015 3953
3015 3997
3015 4166
3015 4192
3015 4222
3015 4241
3015 4405
3015 4421
3015 4448
3016 3045
3016 3048
3016 3075
3016 3083
3016 3133
3016 3204
3016 3205
3016 3238
3016 3289
3016 3340
3016 3451
3016 3468
3016 3492
3016 3563
3016 3642
3016 3694
3016 3733
3016 3750
3016 3787
3016 3789
3016 3867
3016 4105
3016 4141
3016 4144
3016 4264
3016 4300
3016 4361
3016 4415
3016 4462
3017 3020
3017 3023
3017 3024
3017 3034
3017 3058
3017 3064
3017 3082
3017 3123
3017 3131
3017 3178
3017 3183
3017 3189
3017 3194
3017 3213
3017 3234
3017 3237
3017 3252
3017 3265
3017 3275
3017 3290
3017 3302
3017 3321
3017 3331
3017 3404
3017 3405
3017 3413
3017 3436
3017 3458
3017 3501
3017 3519
3017 3541
3017 3565
3017 3583
3017 3589
3017 3638
3017 3654
3017 3678
3017 3697
3017 3742
3017 3758
3017 3762
3017 3776
3017 3837
3017 3848
3017 3875
3017 3889
3017 3908
3017 3950
3017 3983
3017 3987
3017 4076
3017 4095
3017 4134
3017 4139
3017 4146
3017 4240
3017 4242
3017 4250
3017 4272
3017 4307
3017 4309
3017 4316
3017 4326
3017 4330
3017 4331
3017 4347
3017 4360
3017 4377
3017 4425
3017 4431
3017 4432
3017 4470
3017 4475
3017 4482
3018 4015
3019 3644
3019 3779
3019 3801
3019 3918
3019 3990
3019 4015
3019 4034
3019 4284
3020 3023
3020 3034
3020 3058
3020 3064
3020 3082
3020 3123
3020 3131
3020 3170
3020 3175
3020 3178
3020 3189
3020 3194
3020 3213
3020 3237
3020 3252
3020 3290
3020 3404
3020 3406
3020 3501
3020 3519
3020 3589
3020 3638
3020 3666
3020 3697
3020 3762
3020 3769
3020 3837
3020 3847
3020 3848
3020 3854
3020 3875
3020 3950
3020 3983
3020 4070
3020 4076
3020 4095
3020 4134
3020 4139
3020 4142
3020 4240
3020 4250
3020 4307
3020 4316
3020 4326
3020 4347
3020 4377
3020 4422
3020 4425
3020 4431
3020 4450
3020 4470
3021 3268
3021 3320
3021 3494
3021 3530
3021 3639
3021 3661
3021 3861
3021 3887
3021 3938
3021 3992
3021 4013
3021 4019
3021 4051
3021 4091
3021 4093
3021 4136
3021 4156
3021 4288
3022 3468
3023 3024
3023 3034
3023 3058
3023 3064
3023 3067
3023 3082
3023 3123
3023 3131
3023 3178
3023 3189
3023 3194
3023 3195
3023 3213
3023 3225
3023 3237
3023 3252
3023 3265
3023 3275
3023 3290
3023 3331
3023 3369
3023 3404
3023 3405
3023 3406
3023 3413
3023 3501
3023 3519
3023 3541
3023 3565
3023 3583
3023 3589
3023 3638
3023 3654
3023 3666
3023 3678
3023 3697
3023 3742
3023 3762
3023 3776
3023 3837
3023 3848
3023 3875
3023 3908
3023 3950
3023 3983
3023 3987
3023 3991
3023 4076
3023 4090
3023 4095
3023 4134
3023 4139
3023 4146
3023 4181
3023 4199
3023 4216
3023 4234
3023 4240
3023 4242
3023 4250
3023 4272
3023 4307
3023 4309
3023 4316
3023 4326
3023 4330
3023 4347
3023 4360
3023 4377
3023 4425
3023 4432
3023 4450
3023 4470
3024 3034
3024 3058
3024 3081
3024 3123
3024 3131
3024 3175
3024 3178
3024 3189
3024 3194
3024 3213
3024 3237
3024 3252
3024 3265
3024 3290
3024 3321
3024 3331
3024 3343
3024 3404
3024 3405
3024 3501
3024 3541
3024 3556
3024 3565
3024 3583
3024 3589
3024 3638
3024 3654
3024 3666
3024 3678
3024 3697
3024 3742
3024 3758
3024 3762
3024 3776
3024 3837
3024 3848
3024 3875
3024 3889
3024 3908
3024 3950
3024 4061
3024 4076
3024 4139
3024 4157
3024 4181
3024 4240
3024 4242
3024 4250
3024 4260
3024 4272
3024 4307
3024 4309
3024 4316
3024 4326
3024 4330
3024 4347
3024 4360
3024 4377
3024 4425
3024 4431
3024 4432
3024 4450
3025 3113
3025 3229
3025 3363
3025 3390
3025 3527
3025 3536
3025 3686
3025 3729
3025 4206
3025 4303
3025 4446
3025 4477
3026 3158
3026 3239
3026 3364
3026 3649
3026 3652
3026 4010
3026 4101
3027 3103
3027 3219
3027 3468
3027 3477
3027 3633
3027 3677
3027 4041
3027 4074
3027 4192
3027 4227
3027 4438
3027 4476
3028 3468
3028 3531
3028 3677
3028 4438
3029 3468
3029 3510
3029 3820
3029 4105
3029 4300
3030 3056
3030 3375
3030 3453
3030 3468
3030 3511
3030 3937
3030 3972
3030 4439
3031 3037
3031 3094
3031 3254
3031 3740
3031 3796
3031 3902
3031 4015
3031 4082
3031 4085
3031 4189
3031 4305
3031 4337
3031 4395
3032 3075
3032 3224
3032 3468
3032 3510
3032 3628
3032 3814
3032 4175
3032 4235
3032 4251
3033 3051
3033 3066
3033 3067
3033 3076
3033 3111
3033 3113
3033 3120
3033 3129
3033 3147
3033 3151
3033 3185
3033 3187
3033 3198
3033 3202
3033 3220
3033 3264
3033 3299
3033 3392
3033 3399
3033 3417
3033 3430
3033 3432
3033 3464
3033 3478
3033 3485
3033 3515
3033 3520
3033 3521
3033 3528
3033 3562
3033 3586
3033 3615
3033 3646
3033 3647
3033 3715
3033 3728
3033 3737
3033 3739
3033 3767
3033 3769
3033 3782
3033 3784
3033 3819
3033 3842
3033 3847
3033 3862
3033 3897
3033 3961
3033 3975
3033 3977
3033 4008
3033 4020
3033 4042
3033 4052
3033 4061
3033 4113
3033 4138
3033 4147
3033 4153
3033 4185
3033 4188
3033 4193
3033 4196
3033 4262
3033 4270
3033 4290
3033 4298
3033 4312
3033 4313
3033 4331
3033 4341
3033 4370
3033 4374
3033 4383
3033 4389
3033 4469
3033 4479
3033 4486
3033 4488
3034 3058
3034 3064
3034 3123
3034 3131
3034 3170
3034 3183
3034 3189
3034 3194
3034 3213
3034 3237
3034 3252
3034 3265
3034 3275
3034 3321
3034 3331
3034 3404
3034 3405
3034 3420
3034 3501
3034 3506
3034 3519
3034 3541
3034 3565
3034 3583
3034 3589
3034 3638
3034 3654
3034 3666
3034 3672
3034 3678
3034 3697
3034 3742
3034 3762
3034 3776
3034 3848
3034 3854
3034 3863
3034 3875
3034 3950
3034 3983
3034 3987
3034 4076
3034 4090
3034 4134
3034 4146
3034 4181
3034 4240
3034 4250
3034 4272
3034 4307
3034 4309
3034 4316
3034 4326
3034 4330
3034 4331
3034 4347
3034 4360
3034 4377
3034 4425
3034 4431
3034 4432
3034 4450
3034 4475
3034 4482
3035 3077
3035 3137
3035 3335
3035 3338
3035 3460
3035 3490
3035 3575
3035 3781
3035 3911
3035 4005
3035 4054
3035 4072
3035 4129
3035 4170
3035 4281
3035 4399
3035 4472
3036 3159
3037 3094
3037 3571
3037 4015
3037 4082
3037 4189
3037 4305
3037 4337
3037 4386
3038 3082
3038 3107
3038 3112
3038 3138
3038 3147
3038 3246
3038 3258
3038 3260
3038 3293
3038 3327
3038 3365
3038 3386
3038 3408
3038 3425
3038 3487
3038 3505
3038 3569
3038 3590
3038 3611
3038 3623
3038 3685
3038 3706
3038 3708
3038 3718
3038 3724
3038 3736
3038 3783
3038 3847
3038 3899
3038 3970
3038 4023
3038 4037
3038 4057
3038 4058
3038 4060
3038 4095
3038 4118
3038 4145
3038 4178
3038 4219
3038 4234
3038 4258
3038 4259
3038 4293
3038 4294
3038 4346
3038 4398
3038 4454
3038 4461
3038 4465
3038 4478
3039 3062
3039 3227
3039 3281
3039 3361
3039 3468
3039 3558
3039 4171
3039 4235
3040 3461
3040 3468
3040 4014
3040 4097
3040 4253
3040 4358
3040 4436
3041 3091
3041 3113
3041 3168
3041 3370
3041 3450
3041 3483
3041 3504
3041 3605
3041 3670
3041 3870
3041 3872
3041 3967
3041 4073
3041 4081
3041 4084
3041 4191
3041 4244
3041 4339
3041 4411
3041 4460
3042 3113
3042 3329
3042 3814
3042 3939
3042 4075
3042 4439
3043 3157
3043 3241
3043 3280
3043 3310
3043 3457
3043 3630
3043 3853
3043 3877
3043 3993
3043 4039
3043 4066
3043 4077
3043 4137
3043 4279
3043 4299
3043 4378
3043 4412
3043 4456
3043 4474
3044 3197
3044 4015
3044 4452
3045 3337
3045 3468
3045 3563
3045 3658
3045 3954
3045 4026
3045 4255
3046 3113
3046 3816
3046 4088
3047 3074
3047 3121
3047 3310
3047 3572
3047 3856
3047 4030
3047 4363
3048 3133
3048 3160
3048 3238
3048 3451
3048 3468
3048 3492
3048 3563
3048 3601
3048 3622
3048 3694
3048 3726
3048 3750
3048 3773
3048 3925
3048 3935
3048 3954
3048 4069
3048 4083
3048 4089
3048 4105
3048 4141
3048 4239
3048 4255
3048 4264
3048 4306
3048 4350
3048 4361
3048 4462
3049 3630
3049 3671
3049 3853
3049 4077
3050 3652
3050 3798
3050 4010
3050 4101
3051 3123
3051 3129
3051 3181
3051 3299
3051 3321
3051 3331
3051 3468
3051 3519
3051 3654
3051 3728
3051 4037
3051 4058
3051 4145
3051 4294
3051 4389
3052 3091
3052 3113
3052 3163
3052 3370
3052 3450
3052 3483
3052 3523
3052 3526
3052 3670
3052 3698
3052 3870
3052 3872
3052 4244
3052 4459
3053 3113
3053 3410
3053 4109
3053 4116
3053 4388
3054 3217
3054 3332
3054 3468
3054 3525
3054 3773
3054 3794
3054 4277
3054 4300
3054 4322
3055 3100
3055 3104
3055 3186
3055 3204
3055 3231
3055 3257
3055 3325
3055 3409
3055 3468
3055 3563
3055 3622
3055 3733
3055 3750
3055 3868
3055 3873
3055 3876
3055 3916
3055 3925
3055 3935
3055 4002
3055 4078
3055 4103
3055 4141
3055 4306
3055 4315
3055 4351
3055 4471
3056 3375
3056 3453
3056 3468
3056 3511
3056 3547
3056 3937
3056 3972
3056 4263
3056 4439
3057 3468
3057 3510
3058 3064
3058 3082
3058 3123
3058 3131
3058 3178
3058 3189
3058 3191
3058 3194
3058 3213
3058 3237
3058 3252
3058 3265
3058 3321
3058 3331
3058 3404
3058 3405
3058 3406
3058 3413
3058 3501
3058 3519
3058 3541
3058 3565
3058 3583
3058 3638
3058 3654
3058 3672
3058 3697
3058 3742
3058 3758
3058 3762
3058 3776
3058 3837
3058 3889
3058 3908
3058 3983
3058 4037
3058 4067
3058 4070
3058 4076
3058 4095
3058 4115
3058 4124
3058 4134
3058 4139
3058 4181
3058 4240
3058 4250
3058 4272
3058 4307
3058 4309
3058 4316
3058 4326
3058 4330
3058 4347
3058 4360
3058 4377
3058 4425
3058 4431
3058 4432
3058 4441
3058 4450
3058 4470
3058 4482
3059 3422
3060 3140
3060 3163
3060 3319
3060 3374
3060 3626
3060 3725
3060 3783
3060 3903
3060 4009
3060 4060
3060 4207
3061 3066
3061 3113
3061 3129
3061 3151
3061 3185
3061 3187
3061 3273
3061 3349
3061 3356
3061 3369
3061 3417
3061 3478
3061 3615
3061 3710
3061 3715
3061 3728
3061 3737
3061 3767
3061 3784
3061 3815
3061 3819
3061 3857
3061 3862
3061 3893
3061 3897
3061 3955
3061 3975
3061 3998
3061 4040
3061 4042
3061 4090
3061 4146
3061 4193
3061 4236
3061 4270
3061 4290
3061 4312
3061 4313
3061 4319
3061 4383
3061 4479
3061 4483
3061 4486
3062 3221
3062 3281
3062 3468
3062 3780
3062 3803
3062 3814
3062 4235
3063 3113
3063 3282
3063 3285
3063 3307
3063 3309
3063 3439
3063 3442
3063 3481
3063 3496
3063 3535
3063 3553
3063 3598
3063 3606
3063 3749
3063 3849
3063 3874
3063 4094
3063 4128
3063 4367
3063 4459
3064 3082
3064 3131
3064 3189
3064 3194
3064 3213
3064 3237
3064 3252
3064 3275
3064 3321
3064 3404
3064 3501
3064 3541
3064 3565
3064 3678
3064 3742
3064 3758
3064 3762
3064 3776
3064 3837
3064 3908
3064 4076
3064 4118
3064 4134
3064 4240
3064 4272
3064 4309
3064 4316
3064 4347
3064 4425
3064 4432
3064 4482
3065 3068
3065 3437
3066 3113
3066 3185
3066 3187
3066 3214
3066 3349
3066 3417
3066 3615
3066 3670
3066 3728
3066 3819
3066 3850
3066 3857
3066 3893
3066 3955
3066 3998
3066 4040
3066 4147
3066 4188
3066 4270
3066 4383
3067 3113
3067 3129
3067 3178
3067 3187
3067 3194
3067 3213
3067 3237
3067 3654
3067 3724
3067 3758
3067 4037
3067 4250
3067 4461
3068 3937
3068 4060
3069 4133
3069 4482
3070 3242
3070 3257
3070 3303
3070 3325
3070 3468
3070 3622
3070 4225
3070 4282
3070 4351
3071 3468
3071 3633
3071 3747
3071 4266
3071 4421
3071 4448
3072 3744
3072 4001
3072 4015
3072 4016
3072 4165
3072 4177
3072 4301
3073 3109
3073 3135
3073 3172
3073 3611
3073 3906
3073 3947
3073 3970
3073 4223
3073 4299
3074 3310
3074 3424
3074 3572
3074 3640
3074 3915
3074 4030
3074 4336
3074 4363
3075 3468
3075 3733
3075 3919
3075 4235
3076 3111
3076 3113
3076 3129
3076 3147
3076 3151
3076 3181
3076 3185
3076 3264
3076 3392
3076 3430
3076 3452
3076 3464
3076 3478
3076 3515
3076 3521
3076 3528
3076 3615
3076 3647
3076 3713
3076 3715
3076 3739
3076 3767
3076 3782
3076 3802
3076 3812
3076 3819
3076 3862
3076 3863
3076 3878
3076 3893
3076 3961
3076 4008
3076 4020
3076 4043
3076 4052
3076 4056
3076 4090
3076 4113
3076 4138
3076 4174
3076 4185
3076 4188
3076 4236
3076 4270
3076 4298
3076 4313
3076 4352
3076 4370
3076 4383
3076 4433
3076 4488
3077 3401
3077 3460
3077 3550
3077 3641
3077 3768
3077 3774
3077 3911
3077 3933
3077 4005
3077 4054
3077 4072
3077 4129
3077 4170
3077 4281
3077 4283
3077 4366
3077 4376
3077 4455
3077 4472
3079 3100
3079 3157
3079 3277
3079 3341
3079 3451
3079 3468
3079 3622
3079 3820
3079 3935
3079 3954
3079 4002
3079 4314
3080 3140
3080 3222
3080 3324
3080 4285
3081 3131
3081 3178
3081 3194
3081 3237
3081 3265
3081 3406
3081 3501
3081 3666
3081 3678
3081 3697
3081 3762
3081 3848
3081 3875
3081 4076
3081 4134
3081 4242
3081 4309
3081 4316
3081 4326
3081 4360
3081 4425
3081 4432
3081 4450
3081 4470
3082 3106
3082 3107
3082 3108
3082 3112
3082 3123
3082 3131
3082 3138
3082 3170
3082 3175
3082 3178
3082 3189
3082 3194
3082 3209
3082 3213
3082 3225
3082 3237
3082 3246
3082 3252
3082 3258
3082 3260
3082 3265
3082 3275
3082 3327
3082 3331
3082 3365
3082 3386
3082 3404
3082 3405
3082 3406
3082 3408
3082 3413
3082 3420
3082 3425
3082 3487
3082 3501
3082 3519
3082 3541
3082 3564
3082 3565
3082 3583
3082 3589
3082 3604
3082 3611
3082 3623
3082 3638
3082 3666
3082 3672
3082 3685
3082 3695
3082 3697
3082 3706
3082 3708
3082 3724
3082 3742
3082 3758
3082 3762
3082 3769
3082 3837
3082 3847
3082 3848
3082 3875
3082 3889
3082 3899
3082 3908
3082 3950
3082 3970
3082 3983
3082 3996
3082 4023
3082 4037
3082 4070
3082 4076
3082 4080
3082 4095
3082 4134
3082 4145
3082 4154
3082 4219
3082 4234
3082 4240
3082 4242
3082 4250
3082 4258
3082 4259
3082 4260
3082 4272
3082 4287
3082 4292
3082 4307
3082 4309
3082 4316
3082 4325
3082 4326
3082 4331
3082 4346
3082 4347
3082 4377
3082 4398
3082 4410
3082 4422
3082 4425
3082 4431
3082 4432
3082 4441
3082 4450
3082 4454
3082 4461
3082 4465
3082 4478
3082 4481
3082 4482
3083 3433
3083 3468
3083 3642
3083 4031
3083 4300
3084 3111
3084 3113
3084 3129
3084 3299
3084 3417
3084 3478
3084 3692
3084 3710
3084 3782
3084 3784
3084 3812
3084 3878
3084 3897
3084 4042
3084 4043
3084 4056
3084 4138
3084 4174
3084 4185
3084 4236
3084 4270
3084 4352
3084 4389
3085 3113
3085 3763
3086 3374
3086 3571
3086 3574
3086 3741
3086 4015
3086 4110
3087 3542
3087 4031
3088 3409
3088 3468
3088 3594
3088 3916
3088 3965
3088 4002
3088 4315
3089 3116
3089 3656
3090 3809
3090 4299
3090 4488
3091 3113
3091 3483
3091 3523
3091 3526
3091 3872
3091 3894
3091 3988
3091 4062
3091 4111
3091 4402
3092 3113
3092 3444
3092 3772
3092 4313
3092 4326
3092 4426
3092 4432
3093 3459
3093 3540
3093 3613
3093 3630
3093 3852
3093 3934
3093 4190
3093 4210
3093 4243
3093 4246
3093 4435
3093 4474
3094 3097
3094 3254
3094 3374
3094 3571
3094 3740
3094 3741
3094 3796
3094 3804
3094 3902
3094 4015
3094 4082
3094 4085
3094 4189
3094 4305
3094 4395
3095 3176
3095 3244
3095 3468
3095 3476
3095 3477
3095 3595
3095 3596
3095 3629
3095 3633
3095 3689
3095 3714
3095 3745
3095 3747
3095 3910
3095 3943
3095 4041
3095 4074
3095 4120
3095 4135
3095 4222
3095 4227
3095 4430
3096 3342
3096 4285
3096 4445
3097 3254
3097 3302
3097 3740
3097 3796
3097 3804
3097 4015
3097 4082
3097 4085
3097 4133
3097 4189
3097 4305
3097 4395
3098 3445
3099 3125
3099 3246
3099 4154
3099 4178
3099 4215
3099 4230
3099 4258
3100 3125
3100 3186
3100 3231
3100 3238
3100 3257
3100 3325
3100 3409
3100 3451
3100 3468
3100 3534
3100 3563
3100 3594
3100 3609
3100 3612
3100 3622
3100 3672
3100 3694
3100 3732
3100 3733
3100 3750
3100 3761
3100 3787
3100 3854
3100 3868
3100 3873
3100 3876
3100 3891
3100 3916
3100 3923
3100 3925
3100 3935
3100 3954
3100 3965
3100 4002
3100 4078
3100 4103
3100 4146
3100 4161
3100 4211
3100 4231
3100 4273
3100 4306
3100 4315
3100 4350
3100 4361
3100 4480
3101 3113
3101 3282
3101 3355
3101 3442
3101 3465
3101 3535
3101 3553
3101 4100
3101 4379
3101 4457
3101 4459
3102 3169
3103 3176
3103 3244
3103 3326
3103 3402
3103 3468
3103 3477
3103 3497
3103 3593
3103 3596
3103 3633
3103 3667
3103 3677
3103 3714
3103 3745
3103 3747
3103 3826
3103 3953
3103 4074
3103 4135
3103 4151
3103 4192
3103 4214
3103 4222
3103 4227
3103 4266
3103 4268
3103 4448
3103 4476
3104 3151
3104 3205
3104 3277
3104 3434
3104 3642
3104 3761
3104 3944
3104 3954
3104 4071
3104 4078
3104 4128
3104 4231
3104 4471
3105 3193
3105 4176
3106 3138
3106 3162
3106 3209
3106 3260
3106 3425
3106 3590
3106 3685
3106 3706
3106 3864
3106 3976
3106 4023
3106 4219
3106 4346
3106 4398
3106 4454
3106 4461
3107 3108
3107 3138
3107 3219
3107 3246
3107 3258
3107 3365
3107 3386
3107 3394
3107 3408
3107 3487
3107 3564
3107 3569
3107 3590
3107 3604
3107 3611
3107 3685
3107 3724
3107 3899
3107 3970
3107 3987
3107 4023
3107 4037
3107 4080
3107 4095
3107 4145
3107 4154
3107 4259
3107 4325
3107 4346
3107 4398
3107 4410
3107 4454
3107 4465
3107 4478
3108 3129
3108 3131
3108 3195
3108 3417
3108 3468
3108 3478
3108 3899
3108 4008
3108 4145
3108 4240
3108 4389
3108 4431
3108 4478
3109 3150
3110 3248
3110 3303
3110 3316
3110 3426
3110 3468
3110 4239
3110 4345
3110 4467
3111 3113
3111 3129
3111 3132
3111 3151
3111 3181
3111 3198
3111 3261
3111 3264
3111 3311
3111 3327
3111 3392
3111 3417
3111 3446
3111 3452
3111 3464
3111 3478
3111 3515
3111 3520
3111 3615
3111 3710
3111 3728
3111 3737
3111 3739
3111 3767
3111 3782
3111 3784
3111 3812
3111 3819
3111 3862
3111 3878
3111 3893
3111 3897
3111 3955
3111 3977
3111 3987
3111 3991
3111 4008
3111 4021
3111 4042
3111 4043
3111 4056
3111 4090
3111 4131
3111 4138
3111 4153
3111 4174
3111 4188
3111 4194
3111 4196
3111 4262
3111 4270
3111 4290
3111 4312
3111 4313
3111 4352
3111 4370
3111 4383
3111 4389
3111 4422
3111 4441
3111 4469
3111 4479
3111 4486
3111 4488
3112 3138
3112 3162
3112 3237
3112 3258
3112 3365
3112 3487
3112 3505
3112 3564
3112 3569
3112 3604
3112 3611
3112 3685
3112 3724
3112 3899
3112 3996
3112 4023
3112 4058
3112 4080
3112 4095
3112 4154
3112 4178
3112 4219
3112 4234
3112 4398
3112 4406
3112 4410
3112 4454
3112 4465
3113 3114
3113 3115
3113 3119
3113 3120
3113 3126
3113 3128
3113 3129
3113 3132
3113 3151
3113 3154
3113 3163
3113 3164
3113 3166
3113 3167
3113 3168
3113 3170
3113 3171
3113 3172
3113 3181
3113 3182
3113 3185
3113 3187
3113 3191
3113 3196
3113 3198
3113 3206
3113 3207
3113 3210
3113 3214
3113 3220
3113 3223
3113 3229
3113 3235
3113 3245
3113 3250
3113 3263
3113 3264
3113 3271
3113 3273
3113 3279
3113 3282
3113 3285
3113 3291
3113 3299
3113 3300
3113 3306
3113 3307
3113 3309
3113 3311
3113 3329
3113 3336
3113 3343
3113 3344
3113 3349
3113 3351
3113 3355
3113 3356
3113 3357
3113 3362
3113 3363
3113 3367
3113 3370
3113 3379
3113 3382
3113 3385
3113 3388
3113 3389
3113 3390
3113 3392
3113 3394
3113 3399
3113 3410
3113 3417
3113 3418
3113 3420
3113 3423
3113 3424
3113 3430
3113 3432
3113 3435
3113 3439
3113 3442
3113 3443
3113 3444
3113 3450
3113 3452
3113 3463
3113 3464
3113 3468
3113 3471
3113 3478
3113 3481
3113 3483
3113 3485
3113 3495
3113 3496
3113 3499
3113 3503
3113 3504
3113 3506
3113 3508
3113 3515
3113 3516
3113 3520
3113 3521
3113 3523
3113 3526
3113 3527
3113 3528
3113 3535
3113 3536
3113 3540
3113 3544
3113 3549
3113 3553
3113 3554
3113 3556
3113 3558
3113 3559
3113 3560
3113 3562
3113 3564
3113 3566
3113 3570
3113 3573
3113 3586
3113 3588
3113 3598
3113 3605
3113 3606
3113 3608
3113 3615
3113 3616
3113 3624
3113 3643
3113 3646
3113 3647
3113 3648
3113 3659
3113 3660
3113 3662
3113 3665
3113 3668
3113 3670
3113 3672
3113 3686
3113 3687
3113 3691
3113 3692
3113 3698
3113 3701
3113 3703
3113 3708
3113 3710
3113 3713
3113 3715
3113 3720
3113 3722
3113 3728
3113 3729
3113 3736
3113 3737
3113 3739
3113 3749
3113 3754
3113 3757
3113 3767
3113 3769
3113 3770
3113 3771
3113 3772
3113 3782
3113 3784
3113 3791
3113 3794
3113 3797
3113 3802
3113 3803
3113 3810
3113 3812
3113 3814
3113 3815
3113 3816
3113 3819
3113 3822
3113 3823
3113 3839
3113 3842
3113 3844
3113 3849
3113 3850
3113 3857
3113 3859
3113 3860
3113 3862
3113 3866
3113 3870
3113 3872
3113 3874
3113 3878
3113 3881
3113 3882
3113 3883
3113 3885
3113 3890
3113 3893
3113 3894
3113 3897
3113 3923
3113 3924
3113 3928
3113 3931
3113 3932
3113 3934
3113 3939
3113 3949
3113 3955
3113 3958
3113 3960
3113 3961
3113 3967
3113 3973
3113 3975
3113 3977
3113 3979
3113 3987
3113 3988
3113 3991
3113 3998
3113 4003
3113 4006
3113 4008
3113 4011
3113 4020
3113 4021
3113 4036
3113 4040
3113 4042
3113 4043
3113 4052
3113 4055
3113 4056
3113 4062
3113 4064
3113 4067
3113 4068
3113 4070
3113 4073
3113 4075
3113 4081
3113 4084
3113 4088
3113 4094
3113 4096
3113 4100
3113 4104
3113 4109
3113 4111
3113 4113
3113 4114
3113 4115
3113 4116
3113 4119
3113 4122
3113 4128
3113 4132
3113 4138
3113 4142
3113 4146
3113 4147
3113 4153
3113 4158
3113 4162
3113 4169
3113 4174
3113 4185
3113 4188
3113 4193
3113 4194
3113 4196
3113 4199
3113 4200
3113 4202
3113 4203
3113 4205
3113 4206
3113 4209
3113 4212
3113 4226
3113 4230
3113 4233
3113 4236
3113 4244
3113 4248
3113 4257
3113 4262
3113 4265
3113 4270
3113 4275
3113 4280
3113 4286
3113 4289
3113 4290
3113 4293
3113 4298
3113 4303
3113 4312
3113 4313
3113 4319
3113 4320
3113 4327
3113 4334
3113 4339
3113 4341
3113 4342
3113 4343
3113 4352
3113 4355
3113 4356
3113 4367
3113 4370
3113 4372
3113 4374
3113 4379
3113 4380
3113 4381
3113 4383
3113 4384
3113 4387
3113 4388
3113 4389
3113 4392
3113 4396
3113 4402
3113 4404
3113 4411
3113 4414
3113 4418
3113 4422
3113 4426
3113 4429
3113 4433
3113 4441
3113 4443
3113 4444
3113 4446
3113 4451
3113 4453
3113 4457
3113 4459
3113 4460
3113 4469
3113 4475
3113 4477
3113 4479
3113 4484
3113 4486
3113 4487
3113 4488
3114 3154
3114 3367
3114 4212
3115 3210
3115 3540
3115 3560
3116 3491
3116 3656
3116 3752
3116 4267
3117 4015
3117 4110
3118 3595
3118 4360
3119 3168
3119 3250
3119 3336
3119 3483
3119 3670
3119 3754
3119 3881
3119 4064
3119 4339
3119 4459
3119 4460
3120 3468
3120 3569
3120 3776
3120 3782
3120 3875
3120 4015
3120 4056
3120 4095
3120 4145
3120 4330
3120 4486
3121 3310
3121 3592
3121 3640
3121 3856
3121 4030
3122 3498
3122 4015
3122 4085
3122 4337
3123 3131
3123 3147
3123 3178
3123 3189
3123 3194
3123 3213
3123 3225
3123 3237
3123 3252
3123 3265
3123 3275
3123 3321
3123 3331
3123 3343
3123 3404
3123 3413
3123 3501
3123 3519
3123 3541
3123 3546
3123 3565
3123 3589
3123 3638
3123 3654
3123 3742
3123 3837
3123 3875
3123 3950
3123 4023
3123 4076
3123 4090
3123 4134
3123 4181
3123 4240
3123 4242
3123 4250
3123 4272
3123 4309
3123 4326
3123 4347
3123 4377
3123 4425
3123 4431
3123 4432
3124 3131
3124 3331
3124 3406
3124 3762
3124 3784
3124 3878
3124 4042
3124 4076
3124 4139
3124 4147
3124 4153
3124 4287
3124 4346
3124 4398
3124 4459
3125 3186
3125 3204
3125 3238
3125 3409
3125 3468
3125 3622
3125 3817
3125 3876
3125 3916
3125 4002
3125 4089
3125 4315
3125 4480
3126 3128
3126 4158
3126 4418
3127 3180
3127 3679
3127 3793
3127 4102
3127 4123
3127 4247
3127 4485
3128 3844
3128 4158
3128 4303
3128 4418
3129 3151
3129 3170
3129 3175
3129 3185
3129 3187
3129 3198
3129 3264
3129 3327
3129 3349
3129 3392
3129 3399
3129 3417
3129 3430
3129 3432
3129 3452
3129 3464
3129 3478
3129 3485
3129 3515
3129 3520
3129 3521
3129 3528
3129 3556
3129 3562
3129 3586
3129 3615
3129 3647
3129 3708
3129 3710
3129 3715
3129 3728
3129 3730
3129 3737
3129 3739
3129 3767
3129 3782
3129 3784
3129 3802
3129 3812
3129 3819
3129 3857
3129 3860
3129 3862
3129 3878
3129 3893
3129 3897
3129 3955
3129 3961
3129 3977
3129 3987
3129 4008
3129 4020
3129 4042
3129 4043
3129 4052
3129 4056
3129 4090
3129 4113
3129 4132
3129 4138
3129 4147
3129 4153
3129 4185
3129 4188
3129 4193
3129 4196
3129 4202
3129 4262
3129 4270
3129 4290
3129 4293
3129 4298
3129 4312
3129 4313
3129 4319
3129 4352
3129 4370
3129 4374
3129 4383
3129 4384
3129 4389
3129 4422
3129 4469
3129 4475
3129 4479
3129 4486
3129 4488
3130 3219
3130 3401
3130 3466
3130 3518
3130 3674
3130 3798
3130 3830
3130 3845
3130 4302
3130 4321
3130 4401
3131 3175
3131 3178
3131 3189
3131 3194
3131 3213
3131 3237
3131 3252
3131 3265
3131 3275
3131 3290
3131 3321
3131 3331
3131 3404
3131 3405
3131 3406
3131 3413
3131 3444
3131 3458
3131 3501
3131 3506
3131 3519
3131 3541
3131 3565
3131 3583
3131 3589
3131 3638
3131 3654
3131 3666
3131 3678
3131 3697
3131 3742
3131 3762
3131 3776
3131 3837
3131 3848
3131 3875
3131 3889
3131 3908
3131 3950
3131 3983
3131 4023
3131 4076
3131 4095
3131 4134
3131 4139
3131 4240
3131 4242
3131 4250
3131 4272
3131 4307
3131 4309
3131 4316
3131 4326
3131 4330
3131 4347
3131 4360
3131 4377
3131 4422
3131 4425
3131 4431
3131 4432
3131 4450
3131 4470
3131 4482
3132 3417
3132 3515
3132 3647
3132 3728
3132 3767
3132 3782
3132 3794
3132 3897
3132 3955
3132 4153
3132 4194
3132 4270
3132 4313
3133 3226
3133 3292
3133 3468
3133 3601
3133 3750
3133 3773
3133 3954
3133 3986
3133 4251
3133 4345
3133 4462
3134 3415
3135 3685
3135 4167
3135 4258
3136 3177
3136 3283
3136 3287
3136 3371
3136 3376
3136 3421
3136 4001
3136 4015
3136 4016
3136 4165
3136 4301
3136 4447
3137 3335
3137 3338
3137 3460
3137 3490
3137 3550
3137 3575
3137 3774
3137 3892
3137 3911
3137 3922
3137 3999
3137 4005
3137 4054
3137 4072
3137 4129
3137 4170
3137 4281
3137 4399
3137 4449
3137 4455
3137 4472
3138 3162
3138 3209
3138 3246
3138 3258
3138 3260
3138 3293
3138 3365
3138 3386
3138 3408
3138 3425
3138 3487
3138 3505
3138 3564
3138 3569
3138 3590
3138 3604
3138 3611
3138 3623
3138 3643
3138 3685
3138 3708
3138 3724
3138 3783
3138 3854
3138 3863
3138 3899
3138 4023
3138 4037
3138 4058
3138 4060
3138 4061
3138 4080
3138 4095
3138 4145
3138 4154
3138 4219
3138 4259
3138 4287
3138 4294
3138 4325
3138 4346
3138 4398
3138 4403
3138 4406
3138 4410
3138 4440
3138 4454
3138 4461
3138 4465
3138 4478
3139 3879
3139 3880
3139 3976
3139 4224
3139 4338
3140 3222
3140 3301
3140 3555
3140 3914
3140 4285
3141 3391
3141 4015
3142 3199
3142 3350
3142 3415
3142 3751
3142 3811
3142 4107
3143 3149
3143 3323
3143 3493
3143 3591
3143 3930
3143 4015
3143 4017
3143 4464
3144 3963
3144 4015
3144 4110
3145 3342
3145 3635
3145 4285
3145 4445
3146 3358
3146 3481
3147 3405
3147 3406
3147 3478
3147 3520
3147 3565
3147 3569
3147 3589
3147 3678
3147 3708
3147 3715
3147 4023
3147 4134
3147 4147
3147 4154
3147 4309
3147 4454
3147 4486
3149 3152
3149 3323
3149 3493
3149 3591
3149 4000
3149 4015
3149 4017
3149 4464
3150 3352
3150 4143
3151 3187
3151 3198
3151 3214
3151 3273
3151 3349
3151 3417
3151 3430
3151 3432
3151 3436
3151 3478
3151 3521
3151 3528
3151 3562
3151 3615
3151 3710
3151 3715
3151 3728
3151 3737
3151 3739
3151 3767
3151 3784
3151 3815
3151 3819
3151 3860
3151 3862
3151 3893
3151 3923
3151 3998
3151 4008
3151 4020
3151 4147
3151 4153
3151 4188
3151 4193
3151 4196
3151 4260
3151 4270
3151 4290
3151 4298
3151 4312
3151 4313
3151 4319
3151 4370
3151 4383
3151 4469
3151 4479
3151 4486
3152 3427
3152 3466
3152 3533
3152 3909
3152 3919
3152 3930
3152 4273
3152 4368
3153 3468
3153 4014
3153 4097
3154 3220
3154 3367
3154 3955
3154 4020
3154 4132
3154 4212
3155 3158
3155 4282
3156 3304
3156 3353
3156 3472
3156 3479
3156 3522
3156 4015
3157 3197
3157 3241
3157 3317
3157 3568
3157 3700
3157 3778
3157 3853
3157 3877
3157 4077
3157 4143
3157 4313
3157 4482
3158 3188
3158 3308
3158 3364
3158 3383
3158 3427
3158 3734
3158 3832
3158 4252
3158 4420
3159 3457
3159 3610
3159 4380
3160 3204
3160 3231
3160 3366
3160 3409
3160 3434
3160 3468
3160 3609
3160 3622
3160 3642
3160 3694
3160 3732
3160 3733
3160 3750
3160 3780
3160 3787
3160 3789
3160 3820
3160 3873
3160 3916
3160 3925
3160 3954
3160 3965
3160 4069
3160 4083
3160 4089
3160 4141
3160 4211
3160 4220
3160 4231
3160 4237
3160 4255
3160 4306
3160 4314
3160 4419
3160 4462
3162 3293
3162 3365
3162 3386
3162 3408
3162 3505
3162 3604
3162 3685
3162 3708
3162 3718
3162 3724
3162 3783
3162 3800
3162 4023
3162 4058
3162 4060
3162 4080
3162 4095
3162 4145
3162 4154
3162 4167
3162 4234
3162 4259
3162 4287
3162 4346
3162 4398
3162 4410
3162 4454
3162 4461
3162 4465
3162 4478
3163 3370
3163 3424
3163 3450
3163 3483
3163 3698
3163 3872
3163 4084
3163 4459
3164 3210
3164 3503
3164 3540
3164 3560
3164 3570
3164 3660
3164 3816
3164 4011
3164 4088
3164 4265
3164 4343
3164 4402
3165 3574
3166 3304
3166 3399
3167 3883
3167 3894
3167 3979
3167 4411
3167 4484
3168 3214
3168 3336
3168 3344
3168 3370
3168 3483
3168 3523
3168 3605
3168 3670
3168 3767
3168 3870
3168 3881
3168 3894
3168 4064
3168 4073
3168 4114
3168 4191
3168 4196
3168 4289
3168 4339
3168 4427
3168 4459
3168 4460
3168 4487
3169 3397
3170 3178
3170 3195
3170 3252
3170 3408
3170 3468
3170 3478
3170 3501
3170 3604
3170 3767
3170 4008
3170 4037
3170 4095
3170 4147
3170 4326
3170 4383
3170 4389
3171 3237
3171 3385
3171 3685
3171 3742
3171 3767
3171 3837
3171 4015
3171 4242
3171 4377
3172 3207
3172 4092
3172 4162
3173 3542
3173 3581
3174 3445
3174 3582
3175 3264
3175 3265
3175 3331
3175 3392
3175 3417
3175 3615
3175 3654
3175 3682
3175 4095
3175 4138
3175 4250
3175 4272
3175 4307
3175 4326
3175 4377
3175 4389
3175 4398
3176 3244
3176 3270
3176 3378
3176 3468
3176 3476
3176 3531
3176 3595
3176 3596
3176 3600
3176 3629
3176 3633
3176 3673
3176 3677
3176 3682
3176 3745
3176 3901
3176 3910
3176 3982
3176 4041
3176 4120
3176 4135
3176 4151
3176 4166
3176 4192
3176 4204
3176 4227
3176 4228
3176 4241
3176 4268
3176 4310
3176 4405
3176 4409
3176 4428
3176 4430
3176 4438
3177 3216
3177 3421
3177 4001
3177 4015
3177 4016
3177 4165
3178 3189
3178 3194
3178 3213
3178 3237
3178 3252
3178 3265
3178 3290
3178 3321
3178 3356
3178 3394
3178 3404
3178 3405
3178 3406
3178 3413
3178 3436
3178 3501
3178 3519
3178 3565
3178 3589
3178 3638
3178 3654
3178 3666
3178 3675
3178 3678
3178 3697
3178 3742
3178 3758
3178 3762
3178 3776
3178 3777
3178 3791
3178 3837
3178 3848
3178 3863
3178 3875
3178 3950
3178 3983
3178 4076
3178 4134
3178 4240
3178 4242
3178 4250
3178 4272
3178 4307
3178 4309
3178 4326
3178 4347
3178 4360
3178 4377
3178 4422
3178 4425
3178 4431
3178 4432
3178 4450
3178 4470
3179 3218
3179 3240
3179 3256
3179 3381
3179 3445
3179 3518
3179 3768
3179 3830
3179 3966
3179 4035
3179 4187
3179 4269
3179 4283
3179 4302
3179 4323
3180 3793
3180 4102
3180 4123
3180 4427
3180 4485
3181 3234
3181 3264
3181 3327
3181 3417
3181 3423
3181 3436
3181 3446
3181 3464
3181 3478
3181 3562
3181 3647
3181 3737
3181 3767
3181 3782
3181 3784
3181 3815
3181 3819
3181 3859
3181 3897
3181 4021
3181 4040
3181 4057
3181 4138
3181 4153
3181 4185
3181 4194
3181 4236
3181 4270
3181 4293
3181 4313
3181 4331
3181 4370
3181 4441
3181 4475
3181 4479
3181 4486
3181 4488
3182 3389
3182 3423
3182 3883
3183 3252
3183 3406
3183 3417
3183 3468
3183 3569
3183 3678
3183 3710
3183 3724
3183 3776
3183 3812
3183 3908
3183 4008
3183 4021
3183 4181
3183 4347
3183 4410
3183 4454
3183 4488
3184 3407
3184 3494
3184 3818
3184 4413
3185 3187
3185 3273
3185 3279
3185 3299
3185 3349
3185 3424
3185 3520
3185 3528
3185 3586
3185 3615
3185 3728
3185 3782
3185 3819
3185 3850
3185 3893
3185 3998
3185 4014
3185 4040
3185 4147
3185 4153
3185 4193
3185 4270
3185 4313
3185 4374
3185 4488
3186 3204
3186 3205
3186 3231
3186 3238
3186 3297
3186 3409
3186 3468
3186 3563
3186 3594
3186 3612
3186 3732
3186 3750
3186 3868
3186 3876
3186 3916
3186 3965
3186 4002
3186 4103
3186 4161
3186 4171
3186 4211
3186 4315
3186 4350
3186 4361
3186 4393
3187 3273
3187 3349
3187 3399
3187 3417
3187 3430
3187 3432
3187 3478
3187 3485
3187 3520
3187 3521
3187 3528
3187 3562
3187 3586
3187 3615
3187 3708
3187 3710
3187 3715
3187 3728
3187 3767
3187 3784
3187 3791
3187 3802
3187 3815
3187 3819
3187 3842
3187 3850
3187 3854
3187 3857
3187 3860
3187 3862
3187 3863
3187 3878
3187 3893
3187 3897
3187 3923
3187 3955
3187 3977
3187 3998
3187 4008
3187 4020
3187 4040
3187 4042
3187 4057
3187 4138
3187 4147
3187 4153
3187 4185
3187 4188
3187 4193
3187 4196
3187 4236
3187 4262
3187 4270
3187 4290
3187 4298
3187 4312
3187 4313
3187 4319
3187 4341
3187 4370
3187 4383
3187 4479
3187 4486
3188 3364
3188 3412
3188 3427
3188 3734
3188 4025
3188 4252
3189 3194
3189 3195
3189 3213
3189 3237
3189 3252
3189 3265
3189 3275
3189 3290
3189 3321
3189 3331
3189 3404
3189 3405
3189 3413
3189 3501
3189 3519
3189 3541
3189 3565
3189 3589
3189 3621
3189 3638
3189 3654
3189 3666
3189 3675
3189 3678
3189 3697
3189 3742
3189 3762
3189 3777
3189 3791
3189 3837
3189 3847
3189 3875
3189 3908
3189 3950
3189 3983
3189 4070
3189 4076
3189 4095
3189 4134
3189 4139
3189 4181
3189 4199
3189 4240
3189 4242
3189 4250
3189 4272
3189 4309
3189 4316
3189 4326
3189 4330
3189 4347
3189 4360
3189 4377
3189 4425
3189 4431
3189 4432
3189 4450
3189 4482
3189 4483
3190 3242
3190 3283
3190 3353
3190 3376
3190 3472
3190 3514
3190 3522
3190 3584
3190 3962
3190 4015
3190 4149
3190 4177
3190 4301
3190 4340
3191 3213
3191 3604
3191 3697
3191 3724
3191 3908
3191 4015
3191 4242
3192 3488
3192 3539
3193 3308
3193 4247
3194 3195
3194 3213
3194 3225
3194 3237
3194 3252
3194 3265
3194 3275
3194 3290
3194 3321
3194 3331
3194 3404
3194 3405
3194 3406
3194 3413
3194 3436
3194 3458
3194 3501
3194 3519
3194 3541
3194 3565
3194 3583
3194 3589
3194 3638
3194 3654
3194 3666
3194 3678
3194 3697
3194 3742
3194 3758
3194 3762
3194 3776
3194 3786
3194 3837
3194 3847
3194 3848
3194 3875
3194 3889
3194 3908
3194 3950
3194 3983
3194 3991
3194 4014
3194 4037
3194 4076
3194 4095
3194 4134
3194 4240
3194 4242
3194 4250
3194 4272
3194 4296
3194 4307
3194 4309
3194 4316
3194 4326
3194 4331
3194 4332
3194 4347
3194 4360
3194 4377
3194 4406
3194 4425
3194 4431
3194 4432
3194 4450
3195 3213
3195 3237
3195 3343
3195 3405
3195 3413
3195 3519
3195 3541
3195 3583
3195 3589
3195 3654
3195 3666
3195 3697
3195 3758
3195 3776
3195 3848
3195 3875
3195 3908
3195 3983
3195 4057
3195 4067
3195 4076
3195 4134
3195 4240
3195 4242
3195 4250
3195 4272
3195 4316
3195 4326
3195 4347
3195 4422
3195 4481
3196 3342
3196 3560
3196 4404
3197 4015
3198 3430
3198 3432
3198 3445
3198 3708
3198 3737
3198 3767
3198 3784
3198 3803
3198 3862
3198 3961
3198 3977
3198 4020
3198 4132
3198 4188
3198 4193
3198 4196
3198 4312
3198 4313
3198 4383
3199 3304
3199 3350
3199 3415
3199 3811
3200 3334
3200 3561
3202 3252
3202 3468
3202 3478
3202 3611
3203 3212
3203 3468
3203 3943
3204 3205
3204 3231
3204 3238
3204 3257
3204 3297
3204 3325
3204 3368
3204 3409
3204 3434
3204 3451
3204 3468
3204 3534
3204 3594
3204 3612
3204 3622
3204 3642
3204 3658
3204 3681
3204 3732
3204 3733
3204 3750
3204 3759
3204 3780
3204 3817
3204 3868
3204 3873
3204 3925
3204 3935
3204 4002
3204 4089
3204 4141
3204 4171
3204 4255
3204 4264
3204 4393
3205 3231
3205 3297
3205 3409
3205 3434
3205 3451
3205 3468
3205 3534
3205 3612
3205 3622
3205 3642
3205 3732
3205 3733
3205 3750
3205 3787
3205 3867
3205 3868
3205 3873
3205 3925
3205 3935
3205 3944
3205 4089
3205 4141
3205 4171
3205 4211
3205 4231
3205 4255
3205 4264
3205 4315
3205 4345
3205 4350
3205 4393
3205 4427
3206 3549
3206 3844
3206 4075
3206 4303
3206 4355
3206 4392
3206 4418
3207 4092
3207 4162
3208 3454
3208 3468
3208 3683
3208 3901
3208 3951
3208 4098
3208 4192
3209 3246
3209 3260
3209 3286
3209 3395
3209 3425
3209 3569
3209 3590
3209 3604
3209 3685
3209 3718
3209 3724
3209 3800
3209 3855
3209 3933
3209 4023
3209 4037
3209 4112
3209 4154
3209 4219
3209 4407
3209 4434
3209 4440
3209 4454
3209 4461
3209 4478
3210 3540
3210 3560
3210 3570
3210 3648
3210 3934
3210 3949
3210 4011
3210 4055
3210 4114
3210 4265
3210 4402
3210 4445
3211 3468
3211 3531
3211 3682
3211 3683
3211 3951
3211 4160
3211 4228
3212 3296
3212 3337
3212 3339
3212 3468
3212 3820
3212 3943
3212 4083
3212 4361
3213 3225
3213 3237
3213 3252
3213 3265
3213 3275
3213 3290
3213 3321
3213 3331
3213 3404
3213 3405
3213 3406
3213 3413
3213 3501
3213 3519
3213 3541
3213 3565
3213 3589
3213 3638
3213 3654
3213 3666
3213 3678
3213 3697
3213 3742
3213 3758
3213 3762
3213 3837
3213 3848
3213 3875
3213 3908
3213 3950
3213 3983
3213 4067
3213 4076
3213 4090
3213 4095
3213 4115
3213 4134
3213 4139
3213 4146
3213 4216
3213 4240
3213 4242
3213 4250
3213 4272
3213 4282
3213 4307
3213 4309
3213 4316
3213 4326
3213 4330
3213 4331
3213 4347
3213 4360
3213 4377
3213 4425
3213 4431
3213 4432
3213 4450
3213 4470
3214 3336
3214 3370
3214 3388
3214 3417
3214 3605
3214 3615
3214 3728
3214 3767
3214 3857
3214 3862
3214 3870
3214 3955
3214 4064
3214 4100
3214 4114
3214 4153
3214 4196
3214 4202
3214 4233
3214 4270
3214 4290
3214 4339
3214 4460
3215 3227
3215 3326
3215 3368
3215 3468
3215 3658
3215 3681
3215 3759
3215 4024
3215 4253
3215 4256
3215 4436
3216 3512
3216 3602
3216 3763
3216 3796
3216 3926
3216 3995
3216 4015
3216 4279
3217 3247
3217 3332
3217 3468
3217 3622
3217 3733
3217 3773
3217 3954
3217 4273
3217 4322
3218 3381
3218 3798
3218 3830
3218 3845
3218 3966
3218 4027
3218 4035
3218 4269
3219 3240
3219 3381
3219 3389
3219 3467
3219 3495
3219 3532
3219 3586
3219 4106
3219 4376
3219 4407
3220 3357
3220 3485
3220 3615
3220 3767
3220 3857
3220 3955
3220 3975
3220 3977
3220 4020
3220 4021
3220 4153
3220 4193
3220 4194
3220 4196
3220 4248
3220 4313
3220 4341
3220 4370
3220 4383
3221 3468
3221 3510
3221 3814
3221 4144
3222 4285
3223 3336
3223 3344
3223 3483
3223 3523
3223 3588
3223 3754
3223 3819
3223 3988
3223 4244
3223 4339
3223 4460
3224 3468
3224 3510
3224 3628
3224 3814
3224 4175
3224 4198
3224 4251
3225 3237
3225 3252
3225 3258
3225 3275
3225 3413
3225 3501
3225 3621
3225 3638
3225 3654
3225 3678
3225 3762
3225 3950
3225 3983
3225 4023
3225 4037
3225 4095
3225 4216
3225 4232
3225 4240
3225 4242
3225 4296
3225 4326
3225 4332
3225 4425
3225 4432
3226 3451
3226 3462
3226 3468
3226 3944
3226 4069
3226 4089
3227 3289
3227 3361
3227 3368
3227 3468
3227 3658
3227 3681
3227 3759
3227 3799
3227 3865
3227 3959
3227 4024
3227 4028
3227 4251
3227 4253
3227 4436
3228 3468
3228 3806
3228 4038
3228 4371
3229 3363
3229 3390
3229 3527
3229 3536
3229 3686
3229 4206
3229 4446
3229 4477
3230 3303
3230 3468
3230 3582
3230 3694
3230 3773
3230 4089
3230 4273
3230 4322
3230 4467
3231 3238
3231 3257
3231 3297
3231 3325
3231 3354
3231 3409
3231 3434
3231 3451
3231 3468
3231 3534
3231 3609
3231 3612
3231 3622
3231 3642
3231 3643
3231 3694
3231 3732
3231 3733
3231 3750
3231 3773
3231 3787
3231 3854
3231 3867
3231 3868
3231 3873
3231 3876
3231 3916
3231 3925
3231 3935
3231 3944
3231 3954
3231 3965
3231 4002
3231 4089
3231 4141
3231 4171
3231 4211
3231 4231
3231 4255
3231 4273
3231 4315
3231 4350
3231 4393
3231 4419
3232 3295
3232 3365
3232 3611
3232 3626
3232 3708
3232 3718
3232 3828
3232 3829
3232 3899
3232 4080
3232 4294
3232 4346
3232 4465
3233 3239
3233 3734
3234 3260
3234 3275
3234 3541
3234 3762
3234 3819
3234 3893
3234 4188
3234 4192
3234 4270
3234 4316
3235 3285
3235 3309
3235 3344
3235 3481
3235 3535
3235 3598
3235 3606
3235 3691
3235 3749
3235 3770
3235 3849
3235 3874
3235 4094
3235 4119
3235 4128
3235 4344
3235 4367
3235 4451
3236 3301
3236 3342
3236 3555
3236 4285
3236 4445
3237 3252
3237 3265
3237 3275
3237 3290
3237 3321
3237 3331
3237 3356
3237 3404
3237 3405
3237 3406
3237 3501
3237 3506
3237 3519
3237 3541
3237 3565
3237 3583
3237 3589
3237 3604
3237 3626
3237 3638
3237 3654
3237 3666
3237 3675
3237 3678
3237 3697
3237 3723
3237 3736
3237 3742
3237 3758
3237 3762
3237 3776
3237 3837
3237 3848
3237 3875
3237 3908
3237 3950
3237 3983
3237 4070
3237 4076
3237 4090
3237 4095
3237 4134
3237 4139
3237 4181
3237 4208
3237 4234
3237 4240
3237 4242
3237 4250
3237 4272
3237 4307
3237 4309
3237 4316
3237 4326
3237 4330
3237 4347
3237 4360
3237 4377
3237 4425
3237 4431
3237 4432
3237 4450
3237 4470
3237 4482
3238 3257
3238 3325
3238 3409
3238 3447
3238 3468
3238 3534
3238 3601
3238 3612
3238 3622
3238 3732
3238 3750
3238 3868
3238 3873
3238 3884
3238 3916
3238 3935
3238 3954
3238 3965
3238 4002
3238 4161
3238 4171
3238 4211
3238 4255
3238 4273
3238 4315
3238 4350
3238 4393
3238 4471
3239 3364
3239 3513
3240 3381
3240 3449
3240 3518
3240 3641
3240 3768
3240 3830
3240 3858
3240 3966
3240 4027
3240 4099
3240 4187
3240 4269
3240 4401
3241 3280
3241 3712
3241 3852
3241 4039
3241 4279
3241 4378
3241 4412
3241 4456
3241 4463
3242 3489
3242 3587
3242 3800
3242 4126
3242 4152
3242 4227
3242 4458
3243 3763
3243 4172
3243 4278
3244 3326
3244 3468
3244 3497
3244 3537
3244 3595
3244 3629
3244 3633
3244 3677
3244 3747
3244 3826
3244 3836
3244 3906
3244 3953
3244 3997
3244 4041
3244 4192
3244 4214
3244 4241
3244 4266
3244 4405
3244 4448
3246 3258
3246 3293
3246 3365
3246 3386
3246 3425
3246 3487
3246 3505
3246 3564
3246 3569
3246 3590
3246 3611
3246 3643
3246 3685
3246 3695
3246 3706
3246 3723
3246 3724
3246 3777
3246 3800
3246 3843
3246 3923
3246 3970
3246 4023
3246 4058
3246 4060
3246 4080
3246 4095
3246 4118
3246 4145
3246 4219
3246 4234
3246 4258
3246 4259
3246 4325
3246 4346
3246 4398
3246 4434
3246 4454
3246 4461
3246 4465
3246 4478
3247 3468
3247 3954
3247 4273
3247 4322
3248 3303
3248 3468
3248 4277
3248 4467
3249 3634
3249 3699
3249 4015
3250 3279
3250 3370
3250 3483
3250 3523
3250 3526
3250 3616
3250 3754
3250 3870
3250 3872
3250 3894
3250 3967
3250 3979
3250 4036
3250 4064
3250 4081
3250 4339
3250 4411
3250 4445
3250 4460
3251 3714
3251 4009
3252 3265
3252 3290
3252 3321
3252 3331
3252 3343
3252 3404
3252 3405
3252 3406
3252 3413
3252 3501
3252 3519
3252 3541
3252 3565
3252 3583
3252 3589
3252 3638
3252 3654
3252 3666
3252 3678
3252 3697
3252 3742
3252 3758
3252 3762
3252 3776
3252 3777
3252 3837
3252 3848
3252 3863
3252 3875
3252 3889
3252 3908
3252 3950
3252 3983
3252 3991
3252 4023
3252 4067
3252 4076
3252 4095
3252 4134
3252 4139
3252 4240
3252 4242
3252 4250
3252 4272
3252 4307
3252 4309
3252 4316
3252 4326
3252 4330
3252 4347
3252 4360
3252 4377
3252 4425
3252 4431
3252 4432
3252 4450
3252 4482
3253 3395
3253 3632
3253 3880
3253 3970
3253 4216
3253 4272
3253 4326
3253 4437
3254 3716
3254 3896
3254 4015
3254 4085
3254 4110
3254 4133
3254 4189
3254 4305
3254 4395
3255 3298
3255 3438
3255 3551
3255 3607
3255 3866
3255 3878
3255 3894
3255 4126
3255 4213
3255 4443
3256 3858
3256 3966
3256 4198
3256 4478
3257 3325
3257 3434
3257 3451
3257 3468
3257 3534
3257 3609
3257 3617
3257 3622
3257 3642
3257 3750
3257 3787
3257 3820
3257 3868
3257 3935
3257 3954
3257 4089
3257 4255
3257 4273
3258 3293
3258 3365
3258 3386
3258 3408
3258 3487
3258 3569
3258 3604
3258 3611
3258 3623
3258 3685
3258 3695
3258 3706
3258 3708
3258 3718
3258 3724
3258 3736
3258 3899
3258 3970
3258 4023
3258 4037
3258 4058
3258 4060
3258 4080
3258 4095
3258 4145
3258 4154
3258 4219
3258 4259
3258 4260
3258 4287
3258 4296
3258 4325
3258 4346
3258 4398
3258 4410
3258 4454
3258 4461
3258 4465
3258 4478
3260 3293
3260 3365
3260 3408
3260 3425
3260 3487
3260 3564
3260 3569
3260 3611
3260 3685
3260 3706
3260 3899
3260 4037
3260 4060
3260 4067
3260 4080
3260 4095
3260 4118
3260 4131
3260 4145
3260 4154
3260 4167
3260 4219
3260 4234
3260 4260
3260 4287
3260 4398
3260 4410
3260 4454
3260 4461
3260 4478
3261 3404
3261 3812
3261 3848
3261 3897
3261 3961
3261 4020
3261 4037
3261 4042
3261 4138
3261 4316
3261 4360
3261 4377
3261 4431
3261 4461
3262 3585
3262 3957
3262 4217
3262 4382
3263 3306
3263 3659
3263 4453
3264 3311
3264 3392
3264 3417
3264 3430
3264 3452
3264 3464
3264 3515
3264 3647
3264 3739
3264 3767
3264 3782
3264 3784
3264 3791
3264 3802
3264 3812
3264 3819
3264 3863
3264 3878
3264 3961
3264 4008
3264 4021
3264 4042
3264 4056
3264 4061
3264 4090
3264 4113
3264 4138
3264 4146
3264 4174
3264 4185
3264 4236
3264 4270
3264 4298
3264 4312
3264 4313
3264 4352
3264 4383
3264 4389
3264 4433
3264 4475
3264 4488
3265 3275
3265 3321
3265 3331
3265 3404
3265 3405
3265 3413
3265 3436
3265 3458
3265 3501
3265 3519
3265 3541
3265 3565
3265 3621
3265 3638
3265 3654
3265 3666
3265 3697
3265 3736
3265 3742
3265 3762
3265 3837
3265 3875
3265 3889
3265 3908
3265 3950
3265 3983
3265 4076
3265 4090
3265 4095
3265 4134
3265 4181
3265 4240
3265 4250
3265 4272
3265 4309
3265 4316
3265 4317
3265 4326
3265 4330
3265 4347
3265 4360
3265 4377
3265 4426
3265 4431
3265 4432
3265 4482
3266 3377
3266 3448
3266 3709
3266 4015
3266 4301
3266 4340
3267 3755
3268 3639
3268 3818
3269 3288
3269 3712
3269 3853
3269 4143
3270 3326
3270 3378
3270 3402
3270 3454
3270 3468
3270 3476
3270 3497
3270 3629
3270 3633
3270 3747
3270 3826
3270 3910
3270 3953
3270 4135
3270 4166
3270 4192
3270 4266
3270 4421
3270 4448
3271 3471
3271 3924
3271 3931
3271 4045
3271 4100
3271 4169
3271 4327
3271 4342
3271 4367
3271 4381
3271 4451
3271 4457
3271 4459
3272 3336
3272 3735
3272 3876
3272 4063
3272 4083
3272 4161
3272 4408
3273 3349
3273 3417
3273 3478
3273 3520
3273 3615
3273 3710
3273 3728
3273 3815
3273 3857
3273 3862
3273 3955
3273 4021
3273 4040
3273 4042
3273 4153
3273 4270
3273 4290
3273 4383
3273 4479
3273 4486
3274 3468
3274 3510
3274 3954
3274 4103
3274 4415
3275 3290
3275 3321
3275 3331
3275 3413
3275 3501
3275 3541
3275 3565
3275 3621
3275 3638
3275 3654
3275 3742
3275 3762
3275 3950
3275 4076
3275 4090
3275 4115
3275 4139
3275 4181
3275 4250
3275 4260
3275 4272
3275 4307
3275 4309
3275 4326
3275 4330
3275 4331
3275 4347
3275 4377
3275 4425
3275 4431
3275 4432
3275 4441
3276 3494
3276 3938
3276 4019
3276 4091
3276 4308
3277 3341
3277 3396
3277 3429
3277 3468
3277 3622
3277 3726
3277 3820
3277 3954
3278 4015
3279 3336
3279 3344
3279 3588
3279 3670
3279 3754
3279 3870
3279 4084
3279 4191
3279 4339
3280 3502
3280 3630
3280 3650
3280 3852
3280 3853
3280 3877
3280 3934
3280 4039
3280 4077
3280 4137
3280 4143
3280 4246
3280 4279
3280 4299
3280 4378
3280 4412
3280 4456
3281 3468
3281 3510
3281 4175
3282 3351
3282 3443
3282 3447
3282 3471
3282 3535
3282 3553
3282 3573
3282 3924
3282 3931
3282 4100
3282 4209
3282 4342
3282 4379
3282 4381
3282 4451
3282 4457
3282 4459
3283 3371
3283 3377
3283 3472
3283 3514
3283 3522
3283 3869
3283 3920
3283 3962
3283 4015
3283 4044
3283 4059
3283 4149
3283 4177
3283 4301
3283 4340
3284 3634
3284 3699
3284 3978
3284 4015
3285 3307
3285 3309
3285 3336
3285 3344
3285 3424
3285 3439
3285 3481
3285 3535
3285 3598
3285 3691
3285 3749
3285 3849
3285 3874
3285 3973
3285 4094
3285 4119
3285 4128
3285 4230
3285 4387
3286 3293
3286 3305
3286 3328
3286 3467
3286 3604
3286 3611
3286 3783
3286 3800
3286 3807
3286 3855
3286 4124
3286 4167
3286 4287
3286 4324
3286 4409
3286 4461
3286 4478
3287 4001
3287 4015
3287 4165
3287 4447
3288 3352
3288 3630
3288 3712
3288 4143
3288 4249
3289 3468
3289 3694
3289 3792
3289 3959
3289 4255
3290 3321
3290 3331
3290 3343
3290 3404
3290 3405
3290 3420
3290 3436
3290 3501
3290 3541
3290 3565
3290 3583
3290 3589
3290 3638
3290 3654
3290 3697
3290 3742
3290 3758
3290 3762
3290 3769
3290 3776
3290 3837
3290 3848
3290 4076
3290 4090
3290 4139
3290 4240
3290 4242
3290 4250
3290 4272
3290 4293
3290 4307
3290 4309
3290 4316
3290 4326
3290 4330
3290 4347
3290 4360
3290 4377
3290 4425
3290 4431
3290 4450
3291 3382
3291 3648
3291 3668
3291 3816
3291 3819
3291 3822
3291 3949
3291 4011
3291 4055
3291 4114
3291 4343
3291 4402
3292 3468
3292 3510
3292 3792
3292 4220
3292 4251
3292 4351
3292 4462
3293 3365
3293 3386
3293 3420
3293 3487
3293 3506
3293 3569
3293 3590
3293 3611
3293 3623
3293 3672
3293 3685
3293 3706
3293 3708
3293 3718
3293 3723
3293 3724
3293 3783
3293 3800
3293 3899
3293 3987
3293 4023
3293 4037
3293 4060
3293 4080
3293 4124
3293 4145
3293 4154
3293 4219
3293 4259
3293 4287
3293 4294
3293 4346
3293 4398
3293 4434
3293 4454
3293 4461
3293 4465
3293 4478
3294 3342
3294 4285
3294 4445
3295 3445
3295 3626
3295 3828
3295 3829
3295 4294
3295 4346
3296 3468
3296 3943
3297 3409
3297 3434
3297 3468
3297 3534
3297 3612
3297 3622
3297 3642
3297 3732
3297 3733
3297 3750
3297 3867
3297 3873
3297 3925
3297 3935
3297 4141
3297 4171
3297 4211
3297 4350
3297 4393
3297 4471
3298 3305
3298 3783
3298 4167
3299 3394
3299 3432
3299 3446
3299 3464
3299 3521
3299 3528
3299 3643
3299 3710
3299 3715
3299 3728
3299 3737
3299 3739
3299 3767
3299 3784
3299 3791
3299 3878
3299 3893
3299 3897
3299 3961
3299 3977
3299 4008
3299 4052
3299 4270
3299 4312
3299 4313
3299 4374
3299 4389
3300 3503
3300 4180
3300 4203
3301 3342
3301 3555
3301 4285
3301 4445
3302 3494
3302 3796
3302 3910
3302 4133
3302 4178
3302 4189
3302 4395
3303 3403
3303 3426
3303 3468
3303 3759
3303 3773
3303 3814
3303 3876
3303 4161
3303 4225
3303 4239
3303 4256
3303 4277
3303 4322
3303 4350
3303 4351
3303 4467
3304 3612
3304 3972
3304 4110
3304 4304
3304 4347
3304 4466
3305 3328
3305 3467
3305 3604
3305 3783
3305 4223
3305 4409
3306 4453
3307 3424
3307 3439
3307 3481
3307 3535
3307 3598
3307 3606
3307 3749
3307 3849
3307 3874
3307 4094
3307 4119
3307 4128
3307 4367
3307 4387
3308 3364
3308 3557
3308 3707
3308 3734
3308 3832
3308 4247
3308 4391
3308 4485
3309 3344
3309 3474
3309 3496
3309 3535
3309 3598
3309 3606
3309 3849
3309 3874
3309 3924
3309 3973
3309 4367
3310 3424
3310 3572
3310 3640
3310 3856
3310 4030
3310 4363
3311 3357
3311 3478
3311 3646
3311 3715
3311 3767
3311 3784
3311 3812
3311 3819
3311 3893
3311 3897
3311 3975
3311 4056
3311 4138
3311 4185
3311 4194
3311 4236
3311 4270
3311 4298
3311 4313
3311 4341
3311 4469
3311 4486
3312 3468
3312 3726
3312 3876
3312 4026
3312 4083
3312 4251
3312 4264
3312 4306
3312 4322
3313 3322
3313 3391
3313 3684
3313 3744
3313 3929
3313 4015
3314 3387
3314 3416
3314 3583
3314 3647
3314 3651
3314 3984
3314 4003
3314 4229
3314 4412
3314 4468
3314 4480
3315 3468
3315 4295
3315 4310
3315 4428
3316 3368
3316 3468
3316 3609
3316 3658
3316 3807
3316 3817
3316 4089
3317 3402
3317 3468
3317 3629
3317 3633
3317 3682
3317 3836
3317 3906
3317 4151
3317 4241
3317 4266
3317 4421
3318 4033
3319 3328
3319 3708
3319 3783
3319 4080
3319 4178
3319 4287
3319 4406
3319 4478
3320 3494
3320 3655
3320 3661
3320 3664
3320 3818
3321 3369
3321 3406
3321 3413
3321 3420
3321 3501
3321 3519
3321 3541
3321 3565
3321 3589
3321 3638
3321 3643
3321 3654
3321 3678
3321 3697
3321 3723
3321 3742
3321 3758
3321 3762
3321 3889
3321 3950
3321 4070
3321 4076
3321 4134
3321 4139
3321 4146
3321 4181
3321 4240
3321 4242
3321 4250
3321 4272
3321 4307
3321 4309
3321 4316
3321 4326
3321 4347
3321 4360
3321 4377
3321 4425
3321 4431
3321 4432
3321 4470
3322 3323
3322 3330
3322 3391
3322 3684
3322 3744
3322 3763
3322 3929
3322 4015
3322 4318
3323 3493
3323 4015
3323 4017
3323 4464
3324 3555
3324 3914
3324 4285
3325 3451
3325 3468
3325 3534
3325 3609
3325 3622
3325 3732
3325 3733
3325 3750
3325 3787
3325 3868
3325 3873
3325 4103
3325 4211
3325 4255
3325 4273
3325 4306
3325 4314
3325 4471
3326 3468
3326 3476
3326 3595
3326 3596
3326 3633
3326 3682
3326 3689
3326 3747
3326 3805
3326 3826
3326 3910
3326 3953
3326 3982
3326 4041
3326 4214
3326 4438
3326 4448
3327 3365
3327 3430
3327 3468
3327 3520
3327 3569
3327 3622
3327 3893
3327 3899
3327 3934
3327 4015
3327 4058
3327 4138
3327 4139
3327 4147
3327 4219
3327 4242
3327 4316
3327 4360
3327 4454
3327 4461
3328 3467
3328 3488
3328 3604
3328 3783
3328 3800
3328 3879
3328 4124
3328 4208
3328 4223
3328 4287
3328 4324
3328 4407
3328 4478
3329 3708
3329 3939
3329 4075
3329 4202
3330 3744
3330 3884
3330 4015
3330 4049
3331 3356
3331 3405
3331 3436
3331 3501
3331 3519
3331 3541
3331 3565
3331 3589
3331 3638
3331 3654
3331 3697
3331 3742
3331 3762
3331 3776
3331 3837
3331 3848
3331 3875
3331 3889
3331 3908
3331 3950
3331 3983
3331 4076
3331 4090
3331 4095
3331 4115
3331 4134
3331 4139
3331 4146
3331 4181
3331 4240
3331 4250
3331 4272
3331 4307
3331 4309
3331 4316
3331 4326
3331 4330
3331 4347
3331 4360
3331 4377
3331 4425
3331 4431
3332 3468
3332 3525
3332 4322
3333 3468
3334 3359
3334 3533
3334 3625
3334 4077
3334 4137
3334 4299
3335 3338
3335 3460
3335 3490
3335 3575
3335 3781
3335 3892
3335 3922
3335 3999
3335 4005
3335 4054
3335 4072
3335 4129
3335 4399
3335 4449
3335 4455
3335 4472
3336 3344
3336 3370
3336 3483
3336 3523
3336 3605
3336 3670
3336 3703
3336 3849
3336 3894
3336 3973
3336 4064
3336 4073
3336 4196
3336 4233
3336 4339
3336 4356
3336 4459
3336 4460
3337 3468
3337 3658
3337 3944
3337 4427
3338 3490
3338 3550
3338 3575
3338 3911
3338 3922
3338 4005
3338 4129
3338 4399
3338 4439
3338 4449
3338 4455
3338 4472
3339 3429
3339 3433
3339 3468
3339 3510
3339 3614
3339 4237
3339 4415
3340 3403
3340 3468
3340 3681
3340 3876
3340 4253
3340 4353
3340 4462
3341 3396
3341 3468
3341 3622
3341 3820
3341 3954
3341 4314
3342 3555
3342 3577
3342 3635
3342 3808
3342 4047
3342 4058
3342 4241
3342 4274
3343 3404
3343 3409
3343 3413
3343 3654
3343 3708
3343 3739
3343 3767
3343 3782
3343 3950
3343 4008
3343 4042
3343 4076
3343 4095
3343 4153
3343 4185
3343 4240
3343 4262
3343 4309
3343 4461
3343 4478
3343 4486
3344 3389
3344 3483
3344 3523
3344 3588
3344 3598
3344 3606
3344 3670
3344 3754
3344 3849
3344 3870
3344 3894
3344 3973
3344 3988
3344 4094
3344 4128
3344 4230
3344 4244
3344 4327
3344 4339
3344 4367
3344 4387
3344 4459
3344 4460
3345 3376
3345 4015
3345 4049
3345 4165
3345 4301
3345 4397
3346 3717
3346 4365
3346 4439
3347 3557
3349 3417
3349 3430
3349 3520
3349 3615
3349 3710
3349 3728
3349 3784
3349 3815
3349 3819
3349 3850
3349 3893
3349 3998
3349 4021
3349 4040
3349 4147
3349 4153
3349 4236
3349 4262
3349 4270
3349 4290
3349 4312
3349 4319
3349 4479
3349 4486
3350 3645
3350 3751
3350 3811
3350 4297
3351 3471
3351 3770
3351 3924
3351 4100
3351 4209
3351 4342
3351 4451
3351 4457
3351 4459
3352 3568
3352 3877
3353 3376
3353 3472
3353 3514
3353 3522
3353 3584
3353 3869
3353 3920
3353 4015
3353 4177
3353 4340
3353 4442
3354 3430
3354 3468
3354 3708
3354 4153
3354 4262
3354 4312
3354 4313
3354 4316
3354 4347
3354 4360
3354 4370
3354 4383
3354 4425
3354 4479
3355 3535
3355 3553
3355 3931
3355 4100
3355 4327
3355 4379
3355 4459
3356 3404
3356 3406
3356 3478
3356 3528
3356 3611
3356 3622
3356 3633
3356 3685
3356 3715
3356 3899
3356 4015
3356 4037
3356 4056
3356 4134
3356 4145
3356 4181
3356 4196
3356 4309
3356 4312
3356 4326
3356 4330
3356 4454
3356 4482
3357 3379
3357 3399
3357 3784
3357 3878
3357 3975
3357 4194
3357 4341
3358 3468
3358 3846
3358 3905
3359 3459
3359 4137
3359 4246
3359 4378
3360 3943
3361 3451
3361 3468
3361 3620
3361 3681
3361 3759
3361 3817
3361 3846
3361 3921
3361 4218
3361 4251
3361 4351
3361 4462
3362 3770
3363 3390
3363 3527
3363 3536
3363 3686
3363 3729
3363 4206
3363 4226
3363 4446
3363 4477
3364 3427
3364 3649
3364 3734
3365 3386
3365 3408
3365 3425
3365 3487
3365 3505
3365 3564
3365 3569
3365 3611
3365 3623
3365 3685
3365 3706
3365 3718
3365 3724
3365 3899
3365 4023
3365 4058
3365 4080
3365 4095
3365 4131
3365 4145
3365 4154
3365 4219
3365 4234
3365 4258
3365 4259
3365 4325
3365 4346
3365 4398
3365 4406
3365 4410
3365 4454
3365 4461
3365 4465
3365 4478
3366 3409
3366 3468
3366 3750
3366 4231
3367 4212
3368 3468
3368 3658
3368 3681
3368 3694
3368 3759
3368 4024
3368 4089
3368 4253
3368 4255
3368 4353
3368 4436
3369 3404
3369 3468
3369 3478
3369 3604
3369 3611
3369 3638
3369 3685
3369 3910
3369 4008
3369 4042
3369 4154
3369 4290
3369 4313
3369 4326
3369 4370
3369 4389
3369 4459
3369 4482
3369 4488
3370 3483
3370 3523
3370 3605
3370 3698
3370 3703
3370 3767
3370 3870
3370 3894
3370 3967
3370 3979
3370 4064
3370 4073
3370 4081
3370 4107
3370 4114
3370 4122
3370 4233
3370 4327
3370 4339
3370 4411
3370 4459
3370 4460
3370 4484
3370 4487
3371 3835
3371 3869
3371 4001
3371 4015
3372 3462
3372 3468
3372 4014
3372 4097
3374 3571
3374 3721
3374 3741
3374 3796
3374 3902
3374 4015
3374 4018
3374 4087
3374 4110
3374 4271
3374 4305
3374 4348
3375 3453
3375 3468
3375 3511
3375 3547
3375 3937
3375 4263
3375 4439
3376 3472
3376 3514
3376 3522
3376 3920
3376 3962
3376 4001
3376 4015
3376 4149
3376 4177
3376 4340
3377 3920
3377 4001
3377 4015
3377 4044
3377 4059
3377 4149
3377 4165
3377 4177
3377 4301
3378 3402
3378 3468
3378 3476
3378 3497
3378 3595
3378 3603
3378 3629
3378 3633
3378 3747
3378 3826
3378 3836
3378 3906
3378 4151
3378 4166
3378 4192
3378 4214
3378 4222
3378 4228
3378 4241
3378 4266
3378 4405
3378 4421
3378 4430
3378 4448
3379 3803
3380 4424
3381 3518
3381 3597
3381 3768
3381 3966
3381 4035
3381 4099
3381 4187
3382 3540
3382 3648
3382 4055
3382 4114
3382 4343
3383 4420
3384 3468
3385 3654
3385 3685
3385 3742
3385 3767
3385 3837
3385 4242
3385 4377
3386 3487
3386 3569
3386 3590
3386 3611
3386 3623
3386 3685
3386 3708
3386 3899
3386 4023
3386 4037
3386 4058
3386 4060
3386 4080
3386 4095
3386 4145
3386 4154
3386 4219
3386 4234
3386 4259
3386 4294
3386 4346
3386 4398
3386 4410
3386 4454
3386 4465
3386 4478
3387 3574
3387 3896
3387 4015
3387 4186
3388 3504
3388 3526
3388 3605
3388 3624
3388 3928
3388 3967
3388 4297
3388 4459
3389 3523
3389 3588
3389 3616
3389 3648
3389 3670
3389 3698
3389 3870
3389 3883
3389 3979
3389 4339
3389 4411
3389 4459
3389 4460
3390 3527
3390 3536
3390 3686
3390 4206
3390 4446
3390 4477
3391 3457
3391 3684
3391 3929
3391 4015
3392 3417
3392 3423
3392 3452
3392 3464
3392 3478
3392 3515
3392 3528
3392 3586
3392 3643
3392 3647
3392 3692
3392 3715
3392 3737
3392 3739
3392 3767
3392 3782
3392 3784
3392 3802
3392 3812
3392 3819
3392 3854
3392 3863
3392 3878
3392 3897
3392 4113
3392 4147
3392 4153
3392 4185
3392 4188
3392 4193
3392 4199
3392 4236
3392 4270
3392 4298
3392 4313
3392 4370
3392 4383
3392 4389
3392 4479
3392 4488
3393 4015
3394 3468
3394 3478
3394 3569
3394 3589
3394 3611
3394 3724
3394 3782
3394 3868
3394 3875
3394 4015
3394 4020
3394 4134
3394 4153
3394 4262
3394 4346
3395 3449
3395 3933
3395 4167
3395 4208
3395 4269
3395 4283
3395 4407
3395 4461
3396 3468
3396 3622
3396 3820
3396 3954
3396 4385
3397 3459
3397 3476
3397 3662
3397 3767
3397 4091
3397 4179
3397 4431
3398 3721
3398 4015
3399 3499
3399 3515
3399 3646
3399 3708
3399 3720
3399 3794
3399 3866
3399 4202
3399 4298
3399 4384
3399 4396
3400 3445
3400 3650
3400 3778
3400 3904
3400 4071
3401 3466
3401 3518
3401 3743
3401 3845
3401 4302
3401 4401
3402 3468
3402 3497
3402 3531
3402 3629
3402 3633
3402 3645
3402 3677
3402 3682
3402 3694
3402 3745
3402 3747
3402 3826
3402 3836
3402 3906
3402 3910
3402 3953
3402 4135
3402 4151
3402 4192
3402 4214
3402 4241
3402 4266
3402 4405
3402 4421
3402 4448
3402 4476
3403 3426
3403 3468
3403 3814
3403 4144
3403 4353
3403 4415
3403 4467
3404 3405
3404 3413
3404 3501
3404 3519
3404 3541
3404 3565
3404 3638
3404 3666
3404 3678
3404 3697
3404 3742
3404 3758
3404 3762
3404 3776
3404 3837
3404 3863
3404 3875
3404 3884
3404 3908
3404 3950
3404 3983
3404 4067
3404 4076
3404 4095
3404 4134
3404 4240
3404 4250
3404 4272
3404 4307
3404 4309
3404 4316
3404 4326
3404 4330
3404 4347
3404 4377
3404 4425
3404 4450
3404 4482
3405 3413
3405 3501
3405 3519
3405 3541
3405 3565
3405 3589
3405 3638
3405 3666
3405 3672
3405 3678
3405 3697
3405 3742
3405 3762
3405 3776
3405 3837
3405 3854
3405 3889
3405 3908
3405 3950
3405 3983
3405 4076
3405 4095
3405 4134
3405 4139
3405 4240
3405 4250
3405 4272
3405 4309
3405 4316
3405 4326
3405 4330
3405 4331
3405 4347
3405 4360
3405 4377
3405 4403
3405 4425
3405 4431
3405 4432
3405 4450
3405 4482
3406 3413
3406 3436
3406 3501
3406 3565
3406 3638
3406 3654
3406 3666
3406 3697
3406 3742
3406 3762
3406 3791
3406 3837
3406 3848
3406 3863
3406 3889
3406 3908
3406 3987
3406 4076
3406 4134
3406 4139
3406 4240
3406 4250
3406 4272
3406 4307
3406 4316
3406 4326
3406 4330
3406 4347
3406 4360
3406 4377
3406 4431
3406 4450
3406 4470
3406 4482
3407 3494
3407 3818
3407 4091
3407 4288
3407 4413
3408 3420
3408 3446
3408 3487
3408 3505
3408 3564
3408 3604
3408 3611
3408 3623
3408 3672
3408 3685
3408 3706
3408 3724
3408 3899
3408 3970
3408 3991
3408 4023
3408 4080
3408 4095
3408 4118
3408 4145
3408 4178
3408 4219
3408 4259
3408 4293
3408 4325
3408 4346
3408 4398
3408 4410
3408 4434
3409 3434
3409 3446
3409 3468
3409 3534
3409 3594
3409 3612
3409 3622
3409 3732
3409 3733
3409 3750
3409 3789
3409 3791
3409 3867
3409 3868
3409 3873
3409 3876
3409 3916
3409 3919
3409 3925
3409 3935
3409 3954
3409 4002
3409 4050
3409 4078
3409 4090
3409 4141
3409 4171
3409 4211
3409 4231
3409 4237
3409 4315
3409 4345
3409 4350
3409 4393
3409 4419
3409 4422
3409 4471
3410 4200
3410 4286
3410 4388
3411 3451
3411 3468
3411 3787
3412 3465
3412 3734
3412 3832
3412 4420
3413 3420
3413 3501
3413 3519
3413 3541
3413 3654
3413 3666
3413 3678
3413 3697
3413 3762
3413 3776
3413 3875
3413 3889
3413 3908
3413 3983
3413 4076
3413 4134
3413 4240
3413 4250
3413 4272
3413 4309
3413 4326
3413 4330
3413 4347
3413 4360
3413 4377
3413 4425
3413 4431
3413 4432
3413 4470
3413 4481
3414 4121
3415 3785
3415 3811
3415 3900
3415 4369
3417 3430
3417 3436
3417 3478
3417 3515
3417 3520
3417 3586
3417 3615
3417 3710
3417 3715
3417 3728
3417 3737
3417 3767
3417 3782
3417 3784
3417 3812
3417 3815
3417 3819
3417 3850
3417 3857
3417 3862
3417 3878
3417 3893
3417 3897
3417 3955
3417 3961
3417 3975
3417 3991
3417 3998
3417 4008
3417 4040
3417 4042
3417 4052
3417 4056
3417 4057
3417 4070
3417 4138
3417 4146
3417 4153
3417 4174
3417 4185
3417 4188
3417 4202
3417 4236
3417 4262
3417 4270
3417 4290
3417 4298
3417 4312
3417 4319
3417 4352
3417 4370
3417 4383
3417 4389
3417 4469
3417 4479
3417 4486
3417 4488
3418 3884
3419 3645
3419 3807
3419 3909
3419 4015
3419 4349
3419 4368
3420 3468
3420 3528
3420 3706
3420 3739
3420 3750
3420 3776
3420 3893
3420 3908
3420 3950
3420 4023
3420 4037
3420 4080
3420 4154
3420 4250
3420 4313
3420 4425
3420 4431
3420 4461
3421 4015
3421 4016
3421 4165
3421 4340
3421 4447
3422 3557
3422 3707
3422 4466
3423 3478
3423 3737
3423 4042
3424 3553
3424 3592
3424 3630
3424 3819
3424 3989
3424 4030
3424 4336
3424 4367
3424 4444
3425 3487
3425 3569
3425 3590
3425 3611
3425 3685
3425 3708
3425 3718
3425 3899
3425 4023
3425 4037
3425 4058
3425 4145
3425 4219
3425 4234
3425 4258
3425 4440
3425 4454
3425 4461
3425 4465
3426 3462
3426 3468
3426 3773
3426 4184
3426 4215
3426 4322
3426 4467
3427 3441
3427 3557
3427 3798
3427 4420
3427 4423
3428 3945
3429 3468
3429 3563
3429 3614
3429 3633
3429 3750
3429 3799
3429 4103
3429 4253
3429 4436
3430 3478
3430 3520
3430 3521
3430 3615
3430 3647
3430 3715
3430 3728
3430 3737
3430 3767
3430 3784
3430 3812
3430 3815
3430 3819
3430 3850
3430 3859
3430 3878
3430 3897
3430 3975
3430 4008
3430 4021
3430 4042
3430 4056
3430 4067
3430 4132
3430 4138
3430 4185
3430 4236
3430 4262
3430 4270
3430 4298
3430 4312
3430 4313
3430 4317
3430 4352
3430 4383
3430 4389
3430 4469
3430 4486
3431 3664
3432 3457
3432 3478
3432 3515
3432 3528
3432 3562
3432 3728
3432 3737
3432 3767
3432 3819
3432 3893
3432 3998
3432 4147
3432 4153
3432 4188
3432 4193
3432 4196
3432 4262
3432 4270
3432 4298
3432 4312
3432 4313
3432 4374
3432 4383
3432 4479
3432 4486
3433 3468
3433 3658
3433 3696
3433 3891
3433 4002
3433 4014
3433 4097
3433 4144
3433 4220
3433 4231
3434 3451
3434 3468
3434 3534
3434 3612
3434 3622
3434 3629
3434 3642
3434 3694
3434 3732
3434 3733
3434 3750
3434 3867
3434 3873
3434 3925
3434 3935
3434 4141
3434 4171
3434 4211
3434 4255
3434 4350
3434 4393
3435 3670
3435 3934
3435 4275
3436 3468
3436 3478
3436 3541
3436 3622
3436 3638
3436 3697
3436 3733
3436 3739
3436 3767
3436 3837
3436 3897
3436 3961
3436 4008
3436 4058
3436 4076
3436 4095
3436 4193
3436 4313
3436 4461
3438 3468
3438 3658
3438 4140
3438 4254
3438 4427
3439 3598
3439 3874
3439 4367
3440 4177
3441 4282
3442 3481
3442 3540
3442 3553
3442 3648
3442 3691
3442 3874
3442 3934
3442 4055
3442 4114
3442 4119
3442 4265
3442 4343
3443 3471
3443 3481
3443 3553
3443 3770
3443 3819
3443 4100
3443 4381
3443 4451
3443 4459
3444 3772
3444 4313
3444 4426
3444 4432
3445 3590
3445 3626
3445 3828
3445 3829
3445 3871
3445 3942
3445 3996
3445 4035
3445 4055
3445 4197
3445 4376
3445 4377
3445 4401
3446 3521
3446 3569
3446 3604
3446 3728
3446 3776
3446 3875
3446 3934
3446 4008
3446 4056
3446 4076
3446 4147
3446 4236
3446 4298
3446 4307
3446 4347
3446 4431
3446 4432
3446 4469
3446 4482
3447 4372
3447 4373
3448 4015
3448 4049
3448 4340
3448 4397
3449 3518
3449 3966
3449 4027
3449 4187
3449 4321
3450 3483
3450 3872
3450 4244
3450 4339
3451 3468
3451 3534
3451 3609
3451 3622
3451 3694
3451 3732
3451 3733
3451 3750
3451 3787
3451 3873
3451 3925
3451 3935
3451 3954
3451 4002
3451 4089
3451 4141
3451 4171
3451 4218
3451 4255
3451 4264
3451 4306
3451 4314
3451 4345
3451 4361
3451 4471
3452 3739
3452 3782
3452 4174
3452 4185
3452 4236
3452 4352
3452 4433
3453 3468
3453 3511
3453 3547
3453 3937
3453 3972
3453 4263
3453 4439
3454 3468
3454 3682
3454 4098
3454 4192
3454 4428
3455 4029
3455 4285
3456 3785
3457 3458
3457 3662
3457 3701
3457 3873
3457 4412
3458 3678
3458 3762
3458 3786
3458 4037
3458 4157
3458 4181
3458 4232
3458 4240
3458 4296
3458 4309
3458 4326
3458 4332
3458 4347
3459 3561
3459 3645
3459 4143
3459 4195
3459 4246
3459 4435
3459 4456
3460 3490
3460 3575
3460 3627
3460 3774
3460 3999
3460 4005
3460 4054
3460 4072
3460 4129
3460 4281
3460 4455
3460 4472
3461 3484
3461 3584
3461 3980
3461 4183
3461 4288
3462 3468
3462 3773
3463 3839
3463 3894
3463 3979
3463 4036
3463 4429
3464 3515
3464 3521
3464 3647
3464 3739
3464 3782
3464 3784
3464 3802
3464 3961
3464 4008
3464 4020
3464 4113
3464 4153
3464 4174
3464 4185
3464 4313
3464 4370
3464 4383
3466 3518
3466 4027
3466 4302
3466 4401
3467 3488
3467 3576
3467 3604
3467 3783
3467 3800
3467 3933
3467 4080
3467 4223
3467 4287
3467 4324
3467 4409
3467 4478
3468 3476
3468 3477
3468 3492
3468 3497
3468 3506
3468 3511
3468 3525
3468 3531
3468 3534
3468 3537
3468 3547
3468 3558
3468 3563
3468 3593
3468 3594
3468 3595
3468 3596
3468 3600
3468 3601
3468 3603
3468 3609
3468 3612
3468 3614
3468 3617
3468 3620
3468 3622
3468 3628
3468 3629
3468 3633
3468 3642
3468 3643
3468 3658
3468 3667
3468 3673
3468 3677
3468 3681
3468 3682
3468 3683
3468 3688
3468 3689
3468 3694
3468 3714
3468 3726
3468 3732
3468 3733
3468 3738
3468 3745
3468 3747
3468 3750
3468 3759
3468 3761
3468 3772
3468 3773
3468 3780
3468 3787
3468 3789
3468 3792
3468 3794
3468 3799
3468 3803
3468 3805
3468 3806
3468 3814
3468 3817
3468 3820
3468 3821
3468 3825
3468 3826
3468 3836
3468 3846
3468 3847
3468 3854
3468 3865
3468 3867
3468 3868
3468 3873
3468 3876
3468 3891
3468 3901
3468 3905
3468 3906
3468 3907
3468 3910
3468 3912
3468 3916
3468 3919
3468 3921
3468 3923
3468 3925
3468 3935
3468 3936
3468 3937
3468 3944
3468 3951
3468 3953
3468 3954
3468 3959
3468 3965
3468 3968
3468 3972
3468 3982
3468 3987
3468 3997
3468 4002
3468 4024
3468 4026
3468 4028
3468 4031
3468 4038
3468 4041
3468 4050
3468 4061
3468 4065
3468 4067
3468 4069
3468 4070
3468 4074
3468 4078
3468 4083
3468 4089
3468 4090
3468 4098
3468 4103
3468 4105
3468 4120
3468 4131
3468 4135
3468 4140
3468 4141
3468 4142
3468 4144
3468 4146
3468 4151
3468 4160
3468 4161
3468 4166
3468 4171
3468 4175
3468 4184
3468 4192
3468 4199
3468 4204
3468 4211
3468 4214
3468 4215
3468 4220
3468 4222
3468 4225
3468 4227
3468 4228
3468 4231
3468 4235
3468 4237
3468 4239
3468 4241
3468 4251
3468 4253
3468 4254
3468 4255
3468 4256
3468 4263
3468 4264
3468 4266
3468 4268
3468 4273
3468 4277
3468 4291
3468 4293
3468 4295
3468 4300
3468 4306
3468 4310
3468 4314
3468 4315
3468 4317
3468 4322
3468 4329
3468 4345
3468 4350
3468 4351
3468 4353
3468 4358
3468 4359
3468 4361
3468 4371
3468 4393
3468 4400
3468 4403
3468 4405
3468 4415
3468 4416
3468 4419
3468 4421
3468 4422
3468 4428
3468 4430
3468 4436
3468 4438
3468 4441
3468 4448
3468 4462
3468 4467
3468 4471
3468 4476
3468 4480
3469 3561
3470 3755
3470 3827
3470 4424
3471 3481
3471 3573
3471 3749
3471 3770
3471 3924
3471 3931
3471 4100
3471 4104
3471 4169
3471 4209
3471 4230
3471 4327
3471 4342
3471 4381
3471 4451
3471 4457
3471 4459
3472 3473
3472 3522
3472 3584
3472 3962
3472 4015
3472 4149
3472 4177
3472 4297
3472 4301
3472 4340
3473 3522
3473 3584
3473 4015
3474 3590
3474 3611
3474 3647
3474 3942
3474 4203
3475 3941
3476 3531
3476 3595
3476 3596
3476 3629
3476 3673
3476 3682
3476 3745
3476 3836
3476 3910
3476 3982
3476 4041
3476 4120
3476 4135
3476 4166
3476 4204
3476 4228
3476 4430
3476 4438
3477 4074
3477 4227
3477 4438
3478 3515
3478 3520
3478 3521
3478 3615
3478 3710
3478 3715
3478 3728
3478 3737
3478 3767
3478 3784
3478 3812
3478 3815
3478 3819
3478 3850
3478 3857
3478 3878
3478 3893
3478 3897
3478 3961
3478 3975
3478 3977
3478 4008
3478 4021
3478 4040
3478 4042
3478 4043
3478 4052
3478 4056
3478 4138
3478 4153
3478 4185
3478 4188
3478 4193
3478 4194
3478 4196
3478 4236
3478 4262
3478 4270
3478 4290
3478 4292
3478 4298
3478 4312
3478 4313
3478 4319
3478 4352
3478 4370
3478 4383
3478 4389
3478 4403
3478 4469
3478 4479
3478 4486
3479 4015
3479 4340
3480 3896
3480 4015
3481 3535
3481 3598
3481 3691
3481 3749
3481 3874
3481 3931
3481 4094
3481 4128
3481 4233
3482 3491
3483 3495
3483 3504
3483 3523
3483 3526
3483 3588
3483 3605
3483 3616
3483 3670
3483 3698
3483 3797
3483 3870
3483 3872
3483 3894
3483 3967
3483 3979
3483 3988
3483 4073
3483 4081
3483 4084
3483 4119
3483 4122
3483 4244
3483 4289
3483 4327
3483 4339
3483 4356
3483 4372
3483 4459
3483 4460
3483 4484
3484 4013
3485 3528
3485 3646
3485 3708
3485 3715
3485 3767
3485 3857
3485 3975
3485 3977
3485 4008
3485 4020
3485 4132
3485 4188
3485 4193
3485 4194
3485 4262
3485 4270
3485 4298
3485 4312
3485 4313
3485 4341
3485 4370
3485 4383
3485 4469
3485 4488
3486 3637
3486 3834
3486 4015
3487 3505
3487 3564
3487 3569
3487 3590
3487 3604
3487 3611
3487 3623
3487 3672
3487 3685
3487 3706
3487 3708
3487 3718
3487 3724
3487 3769
3487 3847
3487 3899
3487 3970
3487 4023
3487 4037
3487 4060
3487 4080
3487 4090
3487 4095
3487 4145
3487 4167
3487 4219
3487 4234
3487 4293
3487 4294
3487 4325
3487 4346
3487 4398
3487 4406
3487 4410
3487 4434
3487 4454
3487 4461
3487 4465
3487 4478
3488 3576
3488 3604
3488 3696
3488 3783
3488 3800
3488 3833
3488 4124
3488 4223
3488 4287
3488 4324
3488 4409
3488 4461
3488 4478
3489 4152
3490 3575
3490 3892
3490 3911
3490 3922
3490 3999
3490 4129
3490 4281
3490 4399
3490 4472
3491 3591
3491 3819
3492 4361
3493 3591
3493 3727
3493 4015
3493 4017
3493 4357
3493 4464
3494 3530
3494 3582
3494 3587
3494 3639
3494 3651
3494 3655
3494 3661
3494 3664
3494 3748
3494 3818
3494 3861
3494 3938
3494 4007
3494 4013
3494 4019
3494 4091
3494 4093
3494 4136
3494 4156
3494 4173
3494 4413
3495 3523
3495 3526
3495 3870
3495 3872
3495 3894
3495 3967
3495 3988
3496 3598
3496 3931
3496 4094
3496 4128
3496 4209
3496 4381
3497 3531
3497 3629
3497 3633
3497 3747
3497 3826
3497 3836
3497 3846
3497 3910
3497 4120
3497 4151
3497 4192
3497 4214
3497 4266
3497 4405
3497 4421
3497 4448
3497 4476
3498 3985
3500 4102
3501 3506
3501 3519
3501 3541
3501 3565
3501 3589
3501 3621
3501 3638
3501 3654
3501 3666
3501 3672
3501 3678
3501 3697
3501 3742
3501 3758
3501 3762
3501 3776
3501 3777
3501 3837
3501 3847
3501 3848
3501 3875
3501 3908
3501 3950
3501 3983
3501 3991
3501 4076
3501 4095
3501 4134
3501 4139
3501 4142
3501 4240
3501 4242
3501 4250
3501 4272
3501 4293
3501 4307
3501 4309
3501 4316
3501 4326
3501 4330
3501 4347
3501 4360
3501 4377
3501 4422
3501 4425
3501 4431
3501 4432
3501 4450
3501 4470
3501 4482
3502 3561
3502 3625
3502 3650
3502 4143
3502 4246
3502 4386
3503 3540
3503 3560
3503 3570
3503 3660
3503 3668
3503 3670
3503 3816
3503 3822
3503 3934
3503 4011
3503 4343
3503 4402
3504 3605
3504 3816
3504 3819
3504 3882
3504 4244
3504 4289
3505 3604
3505 3611
3505 3685
3505 3718
3505 3833
3505 3899
3505 3996
3505 4023
3505 4058
3505 4080
3505 4095
3505 4145
3505 4154
3505 4167
3505 4178
3505 4234
3505 4258
3505 4326
3505 4398
3505 4406
3505 4454
3505 4461
3505 4465
3506 3541
3506 3589
3506 3611
3506 3666
3506 3697
3506 3737
3506 3776
3506 3819
3506 3837
3506 3897
3506 3899
3506 4015
3506 4056
3506 4138
3506 4461
3507 3582
3507 3655
3507 3661
3507 3818
3507 4051
3507 4156
3507 4173
3508 3839
3508 4036
3508 4429
3509 3664
3510 3558
3510 3617
3510 3636
3510 3780
3510 3789
3510 3821
3510 4012
3510 4105
3510 4144
3510 4251
3510 4300
3510 4304
3511 3547
3511 3937
3511 3972
3511 4263
3511 4439
3512 3995
3512 4015
3513 4176
3514 3522
3514 3962
3514 4015
3514 4149
3514 4177
3514 4340
3515 3521
3515 3528
3515 3562
3515 3564
3515 3586
3515 3646
3515 3647
3515 3708
3515 3715
3515 3737
3515 3739
3515 3767
3515 3782
3515 3784
3515 3897
3515 3923
3515 3961
3515 3977
3515 4008
3515 4020
3515 4042
3515 4115
3515 4138
3515 4142
3515 4185
3515 4191
3515 4194
3515 4196
3515 4202
3515 4236
3515 4270
3515 4313
3515 4319
3515 4370
3515 4389
3515 4396
3515 4479
3515 4488
3516 3665
3516 4132
3517 3896
3517 4015
3518 3830
3518 3845
3518 3858
3518 4027
3518 4221
3518 4302
3518 4401
3519 3541
3519 3565
3519 3589
3519 3638
3519 3643
3519 3654
3519 3666
3519 3678
3519 3697
3519 3762
3519 3837
3519 3875
3519 3983
3519 4070
3519 4076
3519 4134
3519 4181
3519 4240
3519 4242
3519 4250
3519 4272
3519 4307
3519 4309
3519 4316
3519 4326
3519 4347
3519 4360
3519 4377
3519 4431
3519 4432
3519 4450
3520 3615
3520 3675
3520 3710
3520 3715
3520 3728
3520 3767
3520 3784
3520 3815
3520 3819
3520 3850
3520 3857
3520 3893
3520 3955
3520 3998
3520 4021
3520 4040
3520 4056
3520 4090
3520 4153
3520 4188
3520 4236
3520 4262
3520 4270
3520 4290
3520 4298
3520 4312
3520 4319
3520 4383
3520 4479
3520 4486
3521 3528
3521 3615
3521 3646
3521 3647
3521 3715
3521 3736
3521 3802
3521 3819
3521 3862
3521 3897
3521 3961
3521 3975
3521 4008
3521 4020
3521 4052
3521 4056
3521 4113
3521 4138
3521 4147
3521 4153
3521 4193
3521 4236
3521 4292
3521 4298
3521 4313
3521 4374
3521 4383
3521 4389
3521 4396
3521 4488
3522 3584
3522 3962
3522 4015
3522 4149
3522 4301
3522 4340
3523 3526
3523 3670
3523 3839
3523 3870
3523 3872
3523 3883
3523 3894
3523 3967
3523 3979
3523 3988
3523 4062
3523 4064
3523 4084
3523 4111
3523 4339
3523 4356
3523 4402
3523 4411
3523 4484
3524 3943
3524 4015
3525 3601
3525 3609
3525 4141
3525 4273
3526 3698
3526 3870
3526 3872
3526 3894
3526 3928
3526 3967
3526 3988
3526 4084
3526 4122
3526 4191
3526 4275
3526 4392
3526 4459
3527 3536
3527 3686
3527 3729
3527 4206
3527 4446
3527 4477
3528 3562
3528 3586
3528 3713
3528 3715
3528 3728
3528 3737
3528 3739
3528 3767
3528 3777
3528 3782
3528 3784
3528 3802
3528 3819
3528 3823
3528 3857
3528 3897
3528 3961
3528 3998
3528 4008
3528 4043
3528 4052
3528 4113
3528 4132
3528 4147
3528 4153
3528 4188
3528 4193
3528 4196
3528 4202
3528 4236
3528 4270
3528 4290
3528 4293
3528 4298
3528 4312
3528 4313
3528 4370
3528 4383
3528 4422
3528 4479
3528 4488
3529 4015
3529 4271
3530 3639
3530 3661
3530 3756
3530 3938
3530 3992
3530 4013
3530 4091
3530 4093
3531 3593
3531 3595
3531 3596
3531 3629
3531 3633
3531 3673
3531 3677
3531 3682
3531 3745
3531 3901
3531 3910
3531 3982
3531 4041
3531 4120
3531 4135
3531 4192
3531 4228
3531 4266
3531 4310
3531 4421
3531 4428
3531 4438
3532 3992
3533 4107
3533 4299
3534 3609
3534 3612
3534 3622
3534 3642
3534 3732
3534 3733
3534 3750
3534 3787
3534 3851
3534 3868
3534 3935
3534 4089
3534 4141
3534 4171
3534 4211
3534 4255
3534 4273
3534 4345
3534 4350
3534 4393
3535 3553
3535 3598
3535 3749
3535 3849
3535 3931
3535 3973
3535 4100
3535 4119
3535 4128
3535 4379
3535 4381
3535 4459
3536 3581
3536 3686
3536 4206
3536 4477
3537 3836
3537 4241
3537 4405
3538 3832
3539 4287
3539 4386
3540 3560
3540 3570
3540 3625
3540 3630
3540 3648
3540 3853
3540 3877
3540 3882
3540 3934
3540 3949
3540 3993
3540 4011
3540 4055
3540 4077
3540 4088
3540 4114
3540 4246
3540 4265
3540 4343
3540 4402
3540 4412
3540 4456
3540 4474
3541 3565
3541 3583
3541 3589
3541 3638
3541 3654
3541 3666
3541 3678
3541 3697
3541 3742
3541 3758
3541 3762
3541 3769
3541 3837
3541 3847
3541 3848
3541 3875
3541 3889
3541 3908
3541 3950
3541 3983
3541 3991
3541 4076
3541 4095
3541 4117
3541 4134
3541 4139
3541 4159
3541 4240
3541 4242
3541 4250
3541 4272
3541 4307
3541 4309
3541 4316
3541 4326
3541 4330
3541 4347
3541 4360
3541 4377
3541 4422
3541 4425
3541 4431
3541 4432
3541 4441
3541 4450
3541 4482
3543 3585
3543 3895
3543 3957
3543 4217
3543 4245
3543 4382
3544 3913
3545 3618
3545 4015
3545 4357
3546 4020
3547 3937
3547 3972
3547 4263
3547 4439
3548 3571
3548 4015
3548 4337
3549 3814
3549 4075
3549 4303
3549 4418
3550 3575
3550 3774
3550 3922
3550 4072
3550 4129
3550 4399
3550 4449
3550 4455
3550 4472
3551 3994
3551 4213
3552 3705
3552 4015
3553 4100
3553 4379
3553 4444
3553 4459
3554 4147
3555 3577
3555 3914
3555 4285
3555 4445
3556 3819
3556 3890
3556 4023
3556 4076
3557 3841
3558 3659
3558 3794
3558 3814
3558 3885
3558 3975
3558 4235
3558 4300
3558 4303
3558 4439
3560 3648
3560 3882
3560 3934
3560 4011
3560 4020
3560 4055
3560 4088
3560 4343
3561 3630
3561 3852
3561 3978
3561 4017
3561 4077
3561 4083
3561 4190
3561 4243
3561 4305
3561 4364
3561 4378
3561 4463
3562 3615
3562 3665
3562 3728
3562 3739
3562 3893
3562 3998
3562 4097
3562 4147
3562 4153
3562 4196
3562 4270
3562 4290
3562 4312
3562 4313
3562 4334
3562 4370
3562 4383
3563 3594
3563 3681
3563 3694
3563 3738
3563 3773
3563 3876
3563 3954
3563 3965
3563 4002
3563 4103
3563 4251
3563 4306
3563 4315
3563 4419
3563 4480
3564 3604
3564 3611
3564 3685
3564 3706
3564 3708
3564 3718
3564 3724
3564 3803
3564 3970
3564 3987
3564 4023
3564 4080
3564 4095
3564 4115
3564 4145
3564 4178
3564 4219
3564 4259
3564 4346
3564 4398
3564 4410
3564 4465
3564 4478
3565 3583
3565 3589
3565 3638
3565 3654
3565 3666
3565 3678
3565 3697
3565 3742
3565 3758
3565 3762
3565 3769
3565 3776
3565 3837
3565 3848
3565 3875
3565 3950
3565 3983
3565 4076
3565 4095
3565 4134
3565 4139
3565 4181
3565 4240
3565 4242
3565 4250
3565 4272
3565 4309
3565 4326
3565 4330
3565 4347
3565 4360
3565 4377
3565 4431
3565 4432
3565 4450
3565 4482
3566 3646
3566 3814
3566 3823
3566 4132
3566 4202
3566 4298
3566 4396
3567 3676
3567 3717
3567 3743
3567 4288
3568 3700
3569 3590
3569 3611
3569 3623
3569 3643
3569 3685
3569 3708
3569 3724
3569 3899
3569 3991
3569 4023
3569 4037
3569 4058
3569 4060
3569 4070
3569 4095
3569 4145
3569 4146
3569 4154
3569 4178
3569 4197
3569 4219
3569 4234
3569 4258
3569 4259
3569 4260
3569 4406
3569 4410
3569 4454
3569 4461
3569 4465
3569 4478
3570 3816
3570 3949
3570 4011
3570 4109
3570 4114
3570 4343
3571 3574
3571 3627
3571 3721
3571 3741
3571 3796
3571 3804
3571 3840
3571 4015
3571 4110
3571 4297
3571 4305
3572 3856
3572 3915
3572 4030
3572 4363
3572 4409
3573 3924
3573 4100
3573 4209
3573 4342
3573 4381
3573 4451
3573 4459
3574 4015
3574 4110
3575 3774
3575 3781
3575 3892
3575 3911
3575 3922
3575 3999
3575 4005
3575 4054
3575 4072
3575 4129
3575 4399
3575 4440
3575 4449
3575 4455
3575 4472
3576 3783
3576 3800
3576 4167
3576 4223
3576 4287
3576 4409
3576 4478
3577 4285
3577 4445
3578 4181
3578 4437
3579 3731
3579 4015
3579 4087
3579 4182
3579 4373
3580 3655
3580 3664
3580 4051
3580 4148
3581 3604
3581 3616
3581 3963
3582 3966
3582 3984
3582 4082
3582 4091
3582 4101
3582 4231
3582 4413
3582 4465
3583 3742
3583 3837
3583 3908
3583 4076
3583 4240
3583 4272
3583 4309
3583 4316
3583 4326
3583 4330
3583 4377
3583 4432
3584 3962
3584 4015
3584 4044
3585 3895
3585 3957
3585 4217
3585 4245
3585 4382
3586 3739
3586 3782
3586 3823
3586 3961
3586 4020
3586 4147
3586 4163
3586 4193
3586 4270
3586 4313
3586 4383
3586 4479
3587 3661
3587 4091
3588 3670
3588 3870
3588 3872
3588 4084
3588 4339
3589 3638
3589 3666
3589 3678
3589 3697
3589 3776
3589 3777
3589 3837
3589 3848
3589 3875
3589 3908
3589 3983
3589 4076
3589 4115
3589 4131
3589 4134
3589 4142
3589 4180
3589 4240
3589 4250
3589 4272
3589 4307
3589 4316
3589 4326
3589 4377
3589 4425
3589 4470
3590 3611
3590 3623
3590 3685
3590 3706
3590 3899
3590 4023
3590 4060
3590 4080
3590 4118
3590 4145
3590 4154
3590 4219
3590 4294
3590 4398
3590 4432
3590 4434
3590 4454
3590 4465
3590 4478
3591 4015
3591 4017
3591 4464
3592 3856
3593 3633
3593 4041
3593 4074
3593 4120
3593 4192
3593 4222
3593 4227
3593 4266
3593 4295
3593 4310
3593 4438
3594 3609
3594 3750
3594 3787
3594 3867
3594 3868
3594 3876
3594 4089
3594 4103
3594 4161
3594 4231
3594 4306
3594 4315
3594 4361
3594 4419
3594 4471
3594 4480
3595 3596
3595 3629
3595 3633
3595 3673
3595 3682
3595 3714
3595 3745
3595 3826
3595 3910
3595 4041
3595 4135
3595 4192
3595 4222
3595 4295
3595 4430
3595 4438
3596 3629
3596 3633
3596 3673
3596 3677
3596 3682
3596 3714
3596 3745
3596 3747
3596 3820
3596 3910
3596 4041
3596 4120
3596 4135
3596 4192
3596 4214
3596 4241
3596 4266
3596 4430
3596 4438
3596 4448
3598 3606
3598 3691
3598 3749
3598 3770
3598 3849
3598 3973
3598 4119
3598 4128
3598 4230
3598 4387
3599 3892
3599 3911
3599 4005
3600 3633
3600 3821
3600 3982
3600 4041
3600 4098
3600 4135
3600 4204
3600 4227
3600 4228
3601 3750
3601 3954
3601 4161
3601 4211
3601 4239
3601 4251
3601 4273
3601 4306
3601 4361
3602 4015
3603 3682
3603 3836
3603 4135
3603 4166
3603 4192
3603 4241
3603 4405
3603 4421
3603 4438
3604 3611
3604 3623
3604 3685
3604 3708
3604 3718
3604 3724
3604 3783
3604 3791
3604 3800
3604 3833
3604 3933
3604 3970
3604 4023
3604 4058
3604 4080
3604 4095
3604 4124
3604 4145
3604 4167
3604 4178
3604 4219
3604 4223
3604 4259
3604 4269
3604 4287
3604 4324
3604 4346
3604 4398
3604 4406
3604 4410
3604 4454
3604 4461
3604 4478
3605 3616
3605 3894
3605 3967
3605 4064
3605 4073
3605 4191
3605 4459
3605 4460
3606 3691
3606 4104
3606 4128
3606 4367
3608 3713
3608 3932
3608 4003
3608 4443
3609 3622
3609 3733
3609 3750
3609 3787
3609 3820
3609 3868
3609 3873
3609 3935
3609 3954
3609 4014
3609 4103
3609 4141
3609 4251
3609 4253
3609 4255
3609 4264
3609 4314
3610 4029
3611 3623
3611 3685
3611 3706
3611 3708
3611 3718
3611 3724
3611 3768
3611 3863
3611 3890
3611 3899
3611 3942
3611 3970
3611 4023
3611 4037
3611 4058
3611 4080
3611 4095
3611 4145
3611 4154
3611 4167
3611 4178
3611 4199
3611 4219
3611 4234
3611 4249
3611 4258
3611 4259
3611 4294
3611 4325
3611 4346
3611 4398
3611 4406
3611 4410
3611 4454
3611 4461
3611 4465
3611 4475
3611 4478
3612 3642
3612 3732
3612 3733
3612 3792
3612 3868
3612 3873
3612 3876
3612 3916
3612 3935
3612 4002
3612 4141
3612 4171
3612 4231
3612 4315
3612 4350
3612 4393
3612 4419
3613 3934
3613 4077
3613 4190
3613 4210
3613 4243
3613 4435
3613 4474
3614 4092
3614 4235
3614 4306
3615 3710
3615 3715
3615 3728
3615 3737
3615 3767
3615 3777
3615 3784
3615 3802
3615 3815
3615 3819
3615 3850
3615 3857
3615 3862
3615 3893
3615 3897
3615 3955
3615 3961
3615 3977
3615 3998
3615 4008
3615 4021
3615 4040
3615 4042
3615 4056
3615 4115
3615 4146
3615 4153
3615 4174
3615 4193
3615 4196
3615 4236
3615 4260
3615 4262
3615 4270
3615 4290
3615 4293
3615 4298
3615 4312
3615 4313
3615 4317
3615 4319
3615 4370
3615 4383
3615 4479
3615 4483
3615 4486
3615 4488
3616 4122
3616 4339
3616 4356
3616 4411
3616 4460
3617 3732
3617 4141
3617 4393
3618 3909
3618 4015
3618 4182
3618 4349
3618 4357
3619 3783
3619 3800
3619 3833
3619 4124
3620 3921
3620 4215
3620 4218
3620 4251
3620 4467
3621 3638
3621 3950
3621 3983
3621 4023
3621 4216
3622 3642
3622 3675
3622 3732
3622 3733
3622 3750
3622 3787
3622 3820
3622 3863
3622 3867
3622 3868
3622 3876
3622 3916
3622 3925
3622 3935
3622 3954
3622 4002
3622 4089
3622 4141
3622 4171
3622 4211
3622 4255
3622 4314
3622 4315
3622 4345
3622 4393
3622 4419
3622 4422
3622 4471
3623 3685
3623 3695
3623 3708
3623 3899
3623 3976
3623 4023
3623 4037
3623 4060
3623 4095
3623 4145
3623 4154
3623 4219
3623 4294
3623 4325
3623 4398
3623 4454
3623 4465
3623 4478
3624 3803
3624 4388
3625 3852
3625 3877
3625 3934
3625 4039
3625 4246
3626 3828
3626 3829
3626 4005
3626 4223
3626 4234
3626 4294
3626 4346
3626 4440
3627 3653
3627 3674
3627 3835
3627 4110
3627 4207
3627 4368
3628 4175
3628 4251
3628 4359
3629 3633
3629 3682
3629 3747
3629 3826
3629 3836
3629 3906
3629 3910
3629 3953
3629 4135
3629 4151
3629 4166
3629 4192
3629 4214
3629 4241
3629 4266
3629 4405
3629 4421
3629 4448
3630 3671
3630 3877
3630 4039
3630 4077
3630 4137
3630 4195
3630 4246
3630 4402
3630 4412
3630 4456
3630 4463
3630 4474
3632 3879
3632 3880
3632 3976
3632 4224
3632 4338
3633 3677
3633 3682
3633 3714
3633 3745
3633 3747
3633 3826
3633 3836
3633 3906
3633 3910
3633 3953
3633 3987
3633 3997
3633 4041
3633 4067
3633 4135
3633 4151
3633 4192
3633 4214
3633 4222
3633 4227
3633 4228
3633 4241
3633 4266
3633 4421
3633 4438
3633 4448
3633 4476
3634 3699
3634 3795
3634 3978
3634 3981
3634 4015
3635 4285
3635 4445
3636 3696
3636 4285
3637 3834
3637 4015
3638 3643
3638 3654
3638 3678
3638 3697
3638 3723
3638 3742
3638 3758
3638 3762
3638 3777
3638 3837
3638 3875
3638 3889
3638 3908
3638 3950
3638 3983
3638 4023
3638 4067
3638 4076
3638 4095
3638 4115
3638 4134
3638 4139
3638 4181
3638 4216
3638 4240
3638 4242
3638 4250
3638 4272
3638 4309
3638 4326
3638 4330
3638 4347
3638 4360
3638 4377
3638 4425
3638 4431
3638 4432
3638 4481
3638 4482
3639 3661
3639 3861
3639 3938
3639 4013
3639 4019
3639 4091
3639 4093
3639 4156
3640 3856
3640 4066
3640 4363
3641 3798
3641 3845
3641 4099
3641 4112
3641 4269
3641 4283
3641 4323
3641 4366
3641 4376
3642 3732
3642 3733
3642 3750
3642 3820
3642 3873
3642 3925
3642 3935
3642 4089
3642 4171
3642 4211
3642 4393
3642 4471
3643 3654
3643 3697
3643 3708
3643 3728
3643 3776
3643 3875
3643 3897
3643 4008
3643 4037
3643 4080
3643 4095
3643 4145
3643 4192
3643 4193
3643 4272
3643 4370
3643 4383
3643 4389
3643 4432
3644 3779
3644 3801
3644 3918
3644 3990
3644 4015
3644 4034
3644 4284
3645 3667
3645 4068
3645 4179
3646 3665
3646 3708
3646 3715
3646 3782
3646 3866
3646 3897
3646 3961
3646 3975
3646 4056
3646 4194
3646 4236
3646 4298
3646 4396
3646 4469
3647 3739
3647 3782
3647 3784
3647 3812
3647 3819
3647 4153
3647 4174
3647 4185
3647 4236
3647 4270
3647 4298
3647 4352
3647 4479
3647 4488
3648 3668
3648 3819
3648 3822
3648 3934
3648 4055
3648 4100
3648 4109
3648 4114
3648 4280
3648 4343
3648 4381
3648 4402
3648 4404
3649 3696
3649 4282
3650 3778
3650 3904
3650 4071
3650 4143
3652 4010
3652 4101
3652 4328
3653 3840
3653 4015
3653 4046
3654 3666
3654 3678
3654 3697
3654 3742
3654 3762
3654 3776
3654 3848
3654 3875
3654 3950
3654 3983
3654 4076
3654 4134
3654 4139
3654 4240
3654 4242
3654 4250
3654 4307
3654 4309
3654 4317
3654 4326
3654 4330
3654 4347
3654 4377
3654 4425
3654 4431
3654 4432
3654 4482
3655 3664
3655 4019
3655 4051
3655 4091
3655 4148
3655 4156
3656 3752
3656 4267
3657 4427
3658 3681
3658 3694
3658 3759
3658 3817
3658 4024
3658 4028
3658 4253
3658 4353
3658 4436
3658 4462
3659 3665
3659 3814
3659 3842
3659 4079
3659 4202
3660 3670
3660 3816
3660 3882
3660 3934
3660 4011
3660 4084
3660 4096
3660 4343
3660 4402
3661 3680
3661 3748
3661 3861
3661 3887
3661 3938
3661 4013
3661 4051
3661 4091
3661 4093
3661 4156
3661 4173
3662 4006
3662 4068
3662 4303
3663 4143
3664 4091
3664 4173
3665 3728
3665 3814
3665 3866
3665 4132
3665 4202
3665 4290
3665 4334
3665 4370
3665 4396
3665 4414
3666 3675
3666 3697
3666 3742
3666 3758
3666 3762
3666 3837
3666 3848
3666 3875
3666 3923
3666 3950
3666 4067
3666 4076
3666 4090
3666 4095
3666 4134
3666 4142
3666 4181
3666 4199
3666 4234
3666 4240
3666 4242
3666 4250
3666 4272
3666 4307
3666 4316
3666 4326
3666 4347
3666 4360
3666 4377
3666 4403
3666 4425
3666 4432
3666 4450
3666 4470
3666 4475
3667 3682
3667 4192
3667 4228
3668 3816
3668 3822
3668 4055
3668 4114
3668 4343
3668 4402
3669 3948
3669 4155
3670 3698
3670 3703
3670 3934
3670 4062
3670 4084
3670 4203
3670 4244
3670 4339
3670 4459
3671 4077
3671 4378
3671 4456
3672 3708
3672 3728
3672 3737
3672 3961
3672 3983
3672 4015
3672 4037
3672 4058
3672 4147
3672 4272
3672 4326
3672 4377
3673 3677
3673 3682
3673 3689
3673 3745
3673 3910
3673 3912
3673 3982
3673 4041
3673 4120
3673 4135
3673 4266
3673 4430
3673 4438
3674 3845
3674 4027
3674 4106
3674 4401
3675 3739
3675 3819
3675 3878
3675 3897
3675 4021
3675 4023
3675 4042
3675 4383
3675 4425
3675 4470
3677 3682
3677 3714
3677 3745
3677 3910
3677 4041
3677 4074
3677 4135
3677 4151
3677 4192
3677 4222
3677 4227
3677 4266
3677 4268
3677 4421
3677 4438
3677 4448
3677 4476
3678 3697
3678 3742
3678 3762
3678 3837
3678 3848
3678 3875
3678 3889
3678 3908
3678 3950
3678 4076
3678 4134
3678 4240
3678 4242
3678 4250
3678 4258
3678 4272
3678 4296
3678 4307
3678 4309
3678 4316
3678 4317
3678 4326
3678 4330
3678 4332
3678 4347
3678 4360
3678 4377
3678 4422
3678 4425
3678 4431
3678 4432
3678 4450
3678 4482
3679 3793
3679 4102
3679 4123
3679 4485
3681 3759
3681 3919
3681 4024
3681 4253
3681 4254
3681 4264
3681 4351
3681 4436
3682 3714
3682 3726
3682 3745
3682 3805
3682 3863
3682 3910
3682 3951
3682 3982
3682 3987
3682 4041
3682 4120
3682 4135
3682 4151
3682 4166
3682 4192
3682 4204
3682 4228
3682 4241
3682 4310
3682 4405
3682 4421
3682 4428
3682 4430
3682 4438
3683 3821
3683 3901
3684 3929
3684 3969
3684 4015
3685 3706
3685 3708
3685 3718
3685 3724
3685 3777
3685 3800
3685 3899
3685 3970
3685 4023
3685 4037
3685 4058
3685 4060
3685 4080
3685 4095
3685 4118
3685 4145
3685 4154
3685 4178
3685 4219
3685 4258
3685 4259
3685 4260
3685 4287
3685 4294
3685 4325
3685 4346
3685 4398
3685 4403
3685 4410
3685 4434
3685 4454
3685 4461
3685 4465
3685 4475
3685 4478
3686 4206
3686 4446
3686 4477
3687 3771
3687 3958
3689 3910
3689 4329
3690 4015
3691 3749
3691 3874
3691 3973
3691 4119
3691 4128
3691 4387
3693 4424
3694 3750
3694 3780
3694 3787
3694 3959
3694 4083
3694 4141
3694 4253
3694 4254
3694 4255
3694 4436
3695 4154
3695 4325
3695 4410
3696 3751
3697 3736
3697 3758
3697 3762
3697 3776
3697 3837
3697 3848
3697 3863
3697 3875
3697 3889
3697 3908
3697 3950
3697 3983
3697 4061
3697 4076
3697 4095
3697 4115
3697 4117
3697 4134
3697 4139
3697 4157
3697 4240
3697 4242
3697 4250
3697 4272
3697 4293
3697 4307
3697 4309
3697 4316
3697 4326
3697 4347
3697 4360
3697 4377
3697 4425
3697 4431
3697 4432
3697 4450
3697 4470
3697 4482
3698 3703
3698 4036
3698 4275
3698 4372
3698 4429
3698 4459
3699 3795
3699 3978
3699 4015
3702 3768
3702 4187
3703 4372
3703 4459
3704 3809
3704 3834
3704 4015
3705 4015
3706 3724
3706 3736
3706 3899
3706 3970
3706 4023
3706 4037
3706 4060
3706 4080
3706 4118
3706 4142
3706 4145
3706 4219
3706 4259
3706 4287
3706 4292
3706 4294
3706 4346
3706 4398
3706 4410
3706 4434
3706 4454
3706 4465
3706 4478
3708 3718
3708 3720
3708 3724
3708 3791
3708 3800
3708 3866
3708 3899
3708 3977
3708 4023
3708 4037
3708 4058
3708 4060
3708 4080
3708 4132
3708 4145
3708 4154
3708 4178
3708 4196
3708 4202
3708 4219
3708 4287
3708 4294
3708 4317
3708 4346
3708 4384
3708 4396
3708 4398
3708 4410
3708 4454
3708 4461
3708 4465
3708 4478
3709 4015
3710 3715
3710 3728
3710 3737
3710 3767
3710 3784
3710 3791
3710 3815
3710 3823
3710 3850
3710 3860
3710 3862
3710 3878
3710 3893
3710 3897
3710 3961
3710 3987
3710 4008
3710 4021
3710 4042
3710 4043
3710 4052
3710 4056
3710 4090
3710 4115
3710 4138
3710 4153
3710 4188
3710 4262
3710 4270
3710 4298
3710 4312
3710 4313
3710 4317
3710 4352
3710 4383
3710 4479
3710 4486
3711 4015
3711 4087
3711 4349
3711 4373
3712 3778
3712 4125
3712 4143
3713 3782
3713 3993
3713 4003
3713 4193
3713 4290
3713 4313
3713 4443
3714 3745
3714 3747
3714 3840
3714 3910
3714 4041
3714 4135
3714 4222
3714 4266
3715 3728
3715 3737
3715 3767
3715 3782
3715 3784
3715 3802
3715 3819
3715 3842
3715 3847
3715 3850
3715 3878
3715 3893
3715 3897
3715 3961
3715 3975
3715 3977
3715 3987
3715 4008
3715 4021
3715 4042
3715 4052
3715 4056
3715 4061
3715 4113
3715 4138
3715 4153
3715 4174
3715 4185
3715 4236
3715 4270
3715 4298
3715 4312
3715 4313
3715 4383
3715 4389
3715 4479
3715 4486
3716 3741
3716 3896
3716 4015
3716 4082
3716 4110
3716 4395
3717 3743
3717 3756
3717 4012
3717 4365
3718 3800
3718 4023
3718 4060
3718 4145
3718 4234
3718 4259
3718 4287
3718 4346
3718 4398
3718 4461
3719 4015
3720 3766
3720 3794
3720 3866
3720 4132
3720 4270
3720 4396
3721 3727
3721 3741
3721 4015
3721 4110
3723 3737
3723 4056
3723 4196
3723 4316
3723 4389
3723 4454
3723 4461
3723 4479
3724 3777
3724 3791
3724 3996
3724 4023
3724 4058
3724 4080
3724 4095
3724 4142
3724 4145
3724 4154
3724 4178
3724 4219
3724 4234
3724 4258
3724 4287
3724 4294
3724 4346
3724 4398
3724 4403
3724 4406
3724 4410
3724 4441
3724 4454
3724 4461
3724 4465
3724 4478
3725 4015
3726 3799
3727 4015
3727 4409
3727 4427
3728 3737
3728 3767
3728 3784
3728 3815
3728 3819
3728 3850
3728 3857
3728 3862
3728 3878
3728 3893
3728 3897
3728 3955
3728 3961
3728 3977
3728 3998
3728 4008
3728 4021
3728 4040
3728 4042
3728 4052
3728 4147
3728 4153
3728 4188
3728 4193
3728 4196
3728 4236
3728 4262
3728 4270
3728 4290
3728 4298
3728 4312
3728 4313
3728 4319
3728 4370
3728 4383
3728 4389
3728 4479
3728 4486
3730 4247
3731 3909
3731 4015
3731 4087
3731 4182
3731 4349
3731 4373
3732 3733
3732 3780
3732 3867
3732 3868
3732 3873
3732 3916
3732 3925
3732 3935
3732 4050
3732 4089
3732 4141
3732 4171
3732 4211
3732 4255
3732 4306
3732 4345
3732 4350
3732 4393
3732 4471
3733 3750
3733 3787
3733 3847
3733 3867
3733 3868
3733 3873
3733 3876
3733 3925
3733 3935
3733 3954
3733 4002
3733 4061
3733 4089
3733 4141
3733 4171
3733 4211
3733 4231
3733 4255
3733 4306
3733 4315
3733 4361
3733 4393
3733 4475
3734 3832
3734 3841
3736 3762
3736 3784
3736 3848
3736 3897
3736 3950
3736 4262
3736 4312
3736 4370
3736 4377
3736 4410
3737 3767
3737 3784
3737 3819
3737 3862
3737 3884
3737 3897
3737 3977
3737 4008
3737 4021
3737 4042
3737 4052
3737 4056
3737 4057
3737 4138
3737 4153
3737 4185
3737 4188
3737 4196
3737 4236
3737 4262
3737 4270
3737 4298
3737 4312
3737 4313
3737 4370
3737 4383
3737 4469
3737 4486
3738 3814
3738 4175
3738 4251
3738 4351
3738 4359
3739 3767
3739 3782
3739 3802
3739 3812
3739 3961
3739 4008
3739 4020
3739 4113
3739 4147
3739 4185
3739 4188
3739 4313
3739 4319
3739 4370
3739 4389
3739 4488
3740 3796
3740 3804
3740 4015
3740 4085
3740 4133
3740 4189
3740 4305
3740 4395
3741 3796
3741 4015
3741 4082
3741 4110
3741 4189
3742 3758
3742 3762
3742 3776
3742 3837
3742 3889
3742 3908
3742 3950
3742 4076
3742 4090
3742 4134
3742 4139
3742 4181
3742 4240
3742 4250
3742 4272
3742 4307
3742 4309
3742 4316
3742 4326
3742 4331
3742 4347
3742 4360
3742 4377
3742 4425
3742 4431
3742 4432
3742 4450
3742 4482
3743 3856
3743 3946
3743 4288
3744 4015
3744 4049
3744 4165
3744 4301
3745 3910
3745 4041
3745 4135
3745 4151
3745 4241
3745 4266
3745 4421
3745 4430
3745 4438
3746 4130
3747 3826
3747 3836
3747 3906
3747 3953
3747 3997
3747 4074
3747 4192
3747 4214
3747 4222
3747 4241
3748 3835
3748 3848
3748 3859
3748 4005
3748 4404
3749 3849
3749 3874
3749 3931
3749 3973
3749 4094
3749 4119
3749 4387
3750 3773
3750 3787
3750 3867
3750 3868
3750 3873
3750 3876
3750 3916
3750 3925
3750 3935
3750 3954
3750 4002
3750 4067
3750 4078
3750 4089
3750 4131
3750 4141
3750 4171
3750 4211
3750 4231
3750 4239
3750 4255
3750 4264
3750 4273
3750 4306
3750 4315
3750 4345
3750 4350
3750 4361
3750 4462
3750 4471
3751 3811
3753 4015
3754 3816
3754 3819
3755 3827
3755 4424
3756 3992
3756 4365
3757 3979
3757 4036
3757 4411
3757 4429
3758 3762
3758 3769
3758 3776
3758 3837
3758 3875
3758 3884
3758 3889
3758 3908
3758 4076
3758 4115
3758 4134
3758 4181
3758 4242
3758 4272
3758 4307
3758 4326
3758 4377
3758 4422
3758 4425
3758 4450
3758 4470
3759 3817
3759 3865
3759 4024
3759 4089
3759 4235
3759 4253
3759 4436
3759 4462
3760 3771
3761 3868
3761 3876
3761 3916
3761 3965
3761 4161
3761 4361
3762 3772
3762 3776
3762 3837
3762 3848
3762 3875
3762 3889
3762 3908
3762 3950
3762 3983
3762 4076
3762 4095
3762 4134
3762 4163
3762 4181
3762 4240
3762 4242
3762 4250
3762 4272
3762 4307
3762 4309
3762 4316
3762 4326
3762 4330
3762 4347
3762 4360
3762 4377
3762 4425
3762 4431
3762 4432
3762 4441
3762 4470
3762 4475
3762 4482
3763 3803
3763 3989
3763 4172
3763 4278
3763 4376
3764 4285
3766 4377
3766 4419
3767 3782
3767 3784
3767 3815
3767 3857
3767 3860
3767 3862
3767 3863
3767 3878
3767 3894
3767 3897
3767 3961
3767 3977
3767 4008
3767 4021
3767 4040
3767 4042
3767 4052
3767 4056
3767 4064
3767 4067
3767 4114
3767 4138
3767 4153
3767 4174
3767 4185
3767 4188
3767 4193
3767 4196
3767 4262
3767 4270
3767 4290
3767 4298
3767 4312
3767 4313
3767 4352
3767 4370
3767 4383
3767 4389
3767 4460
3767 4469
3767 4479
3767 4486
3767 4487
3768 3830
3768 3845
3768 3858
3768 3966
3768 4099
3768 4112
3768 4187
3768 4283
3768 4323
3768 4366
3769 3875
3769 3893
3769 4015
3769 4020
3769 4076
3769 4134
3769 4145
3769 4185
3769 4240
3769 4309
3769 4312
3769 4316
3769 4330
3769 4360
3769 4383
3769 4454
3769 4486
3770 3849
3770 3874
3770 3924
3770 3931
3770 4100
3770 4104
3770 4128
3770 4379
3770 4457
3770 4459
3772 4313
3772 4425
3772 4426
3772 4432
3773 3876
3773 3954
3773 3965
3773 4103
3773 4141
3773 4235
3773 4239
3773 4251
3773 4253
3773 4256
3773 4273
3773 4306
3773 4322
3773 4350
3773 4462
3773 4467
3774 3922
3774 3999
3774 4005
3774 4054
3774 4072
3774 4129
3774 4170
3774 4281
3774 4455
3774 4472
3775 4015
3776 3863
3776 3875
3776 3908
3776 3983
3776 4076
3776 4095
3776 4134
3776 4242
3776 4250
3776 4309
3776 4316
3776 4326
3776 4330
3776 4347
3776 4360
3776 4377
3776 4432
3776 4470
3776 4482
3776 4483
3777 3819
3777 3908
3777 4008
3777 4015
3777 4021
3777 4080
3777 4262
3777 4287
3777 4290
3777 4312
3777 4389
3777 4454
3778 4071
3778 4143
3779 3801
3779 3918
3779 3990
3779 4015
3779 4034
3779 4284
3780 3789
3780 3919
3780 4026
3780 4069
3780 4078
3781 3999
3781 4054
3781 4072
3781 4129
3781 4472
3782 3784
3782 3812
3782 3819
3782 3878
3782 3897
3782 3961
3782 4008
3782 4020
3782 4042
3782 4043
3782 4052
3782 4109
3782 4113
3782 4138
3782 4147
3782 4153
3782 4174
3782 4185
3782 4193
3782 4236
3782 4270
3782 4298
3782 4313
3782 4317
3782 4331
3782 4383
3782 4389
3782 4488
3783 3800
3783 3833
3783 3855
3783 3933
3783 4060
3783 4124
3783 4154
3783 4167
3783 4223
3783 4287
3783 4324
3783 4406
3783 4409
3783 4478
3784 3812
3784 3819
3784 3850
3784 3859
3784 3878
3784 3893
3784 3897
3784 3961
3784 3991
3784 3998
3784 4008
3784 4021
3784 4042
3784 4043
3784 4052
3784 4056
3784 4067
3784 4090
3784 4138
3784 4153
3784 4174
3784 4185
3784 4193
3784 4236
3784 4270
3784 4290
3784 4292
3784 4293
3784 4298
3784 4312
3784 4313
3784 4352
3784 4389
3784 4479
3784 4486
3786 4037
3786 4181
3786 4216
3786 4232
3787 3873
3787 3954
3787 4089
3787 4253
3787 4255
3787 4264
3787 4314
3787 4345
3788 4015
3788 4276
3788 4284
3788 4335
3788 4364
3789 4231
3789 4361
3789 4419
3791 3819
3791 3848
3791 3961
3791 4015
3791 4076
3791 4270
3791 4307
3791 4330
3791 4410
3791 4431
3791 4465
3792 3843
3792 4255
3793 4102
3793 4123
3793 4485
3794 4235
3795 4015
3796 3804
3796 3896
3796 3902
3796 4015
3796 4059
3796 4082
3796 4085
3796 4110
3796 4189
3796 4337
3796 4395
3796 4447
3797 3812
3797 3819
3797 4138
3797 4185
3797 4298
3797 4352
3798 3858
3798 3966
3798 4027
3798 4283
3798 4302
3799 3820
3799 3959
3799 4089
3799 4235
3799 4273
3799 4436
3799 4471
3800 3833
3800 3855
3800 3858
3800 3933
3800 4023
3800 4080
3800 4124
3800 4167
3800 4223
3800 4269
3800 4287
3800 4323
3800 4324
3800 4346
3800 4398
3800 4409
3800 4461
3800 4478
3801 3918
3801 3990
3801 4015
3801 4034
3801 4284
3802 3812
3802 3819
3802 4008
3802 4298
3802 4313
3802 4370
3803 4300
3804 3896
3804 4015
3804 4082
3804 4085
3804 4133
3804 4189
3804 4305
3804 4395
3805 4241
3805 4405
3806 4038
3806 4371
3807 3982
3809 3835
3809 3971
3809 3985
3809 4015
3810 4396
3811 3900
3811 4369
3812 3819
3812 3863
3812 3878
3812 3897
3812 3975
3812 4043
3812 4056
3812 4070
3812 4115
3812 4138
3812 4174
3812 4185
3812 4236
3812 4270
3812 4298
3812 4312
3812 4317
3812 4341
3812 4352
3812 4389
3812 4479
3812 4486
3812 4488
3813 3900
3813 4427
3814 3885
3814 3960
3814 4132
3814 4303
3814 4341
3814 4351
3814 4359
3814 4416
3814 4467
3815 3862
3815 3897
3815 3955
3815 3974
3815 3975
3815 4021
3815 4042
3815 4153
3815 4262
3815 4270
3815 4290
3815 4312
3815 4319
3815 4383
3815 4479
3815 4486
3816 3819
3816 3934
3816 3949
3816 4011
3816 4055
3816 4077
3816 4088
3816 4119
3816 4402
3817 3867
3817 4089
3817 4251
3818 4051
3818 4091
3818 4148
3818 4156
3818 4173
3818 4413
3819 3850
3819 3854
3819 3859
3819 3862
3819 3878
3819 3890
3819 3893
3819 3897
3819 3955
3819 3975
3819 3977
3819 3998
3819 4021
3819 4040
3819 4042
3819 4052
3819 4055
3819 4090
3819 4114
3819 4131
3819 4138
3819 4147
3819 4153
3819 4185
3819 4188
3819 4193
3819 4194
3819 4236
3819 4244
3819 4262
3819 4270
3819 4298
3819 4312
3819 4313
3819 4352
3819 4383
3819 4389
3819 4442
3819 4479
3819 4486
3819 4488
3820 3876
3820 3954
3820 4314
3821 4310
3821 4428
3822 4011
3823 3844
3823 3857
3823 4248
3826 3836
3826 3910
3826 3953
3826 3997
3826 4041
3826 4192
3826 4214
3826 4222
3826 4266
3826 4405
3826 4448
3826 4476
3827 4424
3828 3829
3828 3899
3828 4294
3828 4465
3829 3899
3829 4005
3829 4294
3829 4297
3830 3845
3830 3966
3830 4027
3830 4035
3830 4187
3830 4221
3830 4283
3832 4032
3833 3996
3833 4058
3833 4124
3833 4145
3833 4258
3833 4324
3834 4015
3835 3840
3835 4015
3835 4046
3836 3906
3836 3997
3836 4041
3836 4074
3836 4151
3836 4166
3836 4192
3836 4241
3836 4266
3836 4310
3836 4405
3836 4421
3836 4448
3837 3848
3837 3875
3837 3889
3837 3908
3837 3950
3837 3983
3837 4076
3837 4095
3837 4117
3837 4134
3837 4139
3837 4240
3837 4242
3837 4250
3837 4272
3837 4293
3837 4309
3837 4316
3837 4326
3837 4347
3837 4422
3837 4425
3837 4432
3837 4450
3839 3894
3839 3979
3839 4036
3840 4049
3840 4054
3840 4110
3841 4127
3841 4362
3842 3975
3842 4020
3842 4202
3842 4262
3842 4290
3842 4396
3842 4469
3842 4486
3843 4023
3843 4089
3843 4118
3843 4129
3843 4137
3843 4434
3844 3939
3844 4075
3844 4158
3844 4303
3844 4392
3844 4418
3845 3858
3845 3966
3845 4027
3845 4187
3845 4221
3845 4269
3845 4283
3845 4302
3846 3905
3846 4125
3847 3950
3847 4015
3847 4056
3847 4095
3847 4138
3847 4262
3847 4307
3847 4309
3847 4312
3847 4313
3847 4330
3847 4360
3847 4431
3847 4432
3847 4450
3847 4459
3847 4465
3847 4482
3848 3875
3848 3889
3848 3908
3848 4070
3848 4076
3848 4095
3848 4134
3848 4242
3848 4250
3848 4272
3848 4316
3848 4326
3848 4347
3848 4377
3848 4425
3848 4432
3848 4450
3848 4470
3848 4481
3849 3973
3849 4094
3849 4119
3849 4128
3849 4230
3849 4367
3850 3857
3850 3860
3850 3893
3850 3897
3850 3955
3850 3998
3850 4021
3850 4040
3850 4042
3850 4236
3850 4270
3850 4290
3850 4312
3850 4319
3850 4383
3850 4479
3850 4486
3851 4285
3852 4039
3852 4077
3852 4279
3852 4378
3852 4412
3852 4435
3853 3934
3853 4039
3853 4077
3853 4137
3853 4143
3853 4195
3853 4246
3853 4456
3854 3875
3854 3878
3854 4008
3854 4270
3855 4461
3856 4030
3856 4363
3857 3862
3857 3893
3857 3955
3857 3977
3857 3998
3857 4042
3857 4153
3857 4202
3857 4270
3857 4290
3857 4312
3857 4370
3857 4479
3857 4486
3858 3966
3858 4223
3858 4269
3858 4287
3858 4302
3858 4478
3859 3878
3859 3975
3859 4021
3859 4138
3859 4185
3859 4236
3859 4298
3859 4389
3860 3878
3860 3893
3860 4021
3860 4486
3861 4013
3861 4093
3862 3893
3862 3955
3862 4042
3862 4147
3862 4153
3862 4185
3862 4188
3862 4236
3862 4290
3862 4313
3862 4479
3863 3908
3863 4020
3863 4042
3863 4139
3863 4145
3863 4270
3863 4316
3863 4398
3863 4454
3863 4469
3864 3976
3864 4224
3865 4436
3866 4396
3867 3868
3867 3873
3867 3876
3867 3916
3867 3925
3867 3935
3867 4089
3867 4141
3867 4350
3867 4393
3867 4471
3868 3873
3868 3876
3868 3916
3868 3935
3868 3954
3868 3965
3868 4002
3868 4078
3868 4103
3868 4141
3868 4161
3868 4171
3868 4211
3868 4306
3868 4315
3868 4331
3868 4350
3868 4361
3868 4471
3868 4480
3869 3962
3869 4015
3869 4301
3870 3872
3870 3894
3870 3967
3870 4064
3870 4081
3870 4111
3870 4327
3870 4339
3870 4356
3870 4459
3870 4460
3870 4484
3872 3988
3872 4084
3873 3876
3873 3925
3873 3935
3873 4002
3873 4141
3873 4171
3873 4231
3873 4314
3873 4345
3873 4350
3873 4351
3873 4471
3874 4094
3874 4128
3874 4367
3875 3889
3875 3950
3875 4070
3875 4076
3875 4095
3875 4134
3875 4181
3875 4240
3875 4242
3875 4250
3875 4272
3875 4309
3875 4316
3875 4326
3875 4330
3875 4347
3875 4377
3875 4425
3875 4431
3875 4432
3875 4450
3875 4470
3875 4482
3876 3916
3876 3925
3876 3935
3876 4002
3876 4103
3876 4141
3876 4161
3876 4211
3876 4231
3876 4306
3876 4315
3876 4350
3876 4351
3876 4361
3876 4385
3876 4480
3877 4137
3878 3897
3878 3961
3878 3975
3878 4008
3878 4021
3878 4042
3878 4043
3878 4052
3878 4056
3878 4131
3878 4138
3878 4174
3878 4185
3878 4194
3878 4236
3878 4270
3878 4298
3878 4312
3878 4317
3878 4352
3878 4389
3878 4475
3878 4486
3879 3880
3879 3976
3879 4224
3880 3884
3880 3976
3880 4224
3880 4338
3882 3934
3882 4011
3882 4055
3882 4084
3882 4088
3882 4374
3882 4402
3884 4405
3885 4132
3886 4155
3887 3992
3888 4015
3888 4282
3889 3983
3889 4076
3889 4095
3889 4145
3889 4242
3889 4250
3889 4307
3889 4326
3889 4347
3889 4425
3889 4432
3890 4023
3890 4076
3891 4014
3891 4097
3892 3911
3892 4005
3892 4399
3893 3897
3893 3955
3893 3998
3893 4008
3893 4042
3893 4115
3893 4153
3893 4174
3893 4188
3893 4202
3893 4262
3893 4270
3893 4290
3893 4313
3893 4319
3893 4331
3893 4370
3893 4383
3893 4479
3893 4486
3894 3967
3894 3979
3894 4036
3894 4062
3894 4064
3894 4081
3894 4327
3894 4339
3894 4356
3894 4411
3894 4429
3894 4460
3894 4484
3894 4487
3895 3957
3895 4217
3895 4245
3895 4382
3896 4015
3896 4018
3896 4082
3896 4186
3896 4395
3897 3923
3897 3961
3897 3975
3897 4008
3897 4021
3897 4042
3897 4043
3897 4052
3897 4056
3897 4115
3897 4117
3897 4138
3897 4174
3897 4188
3897 4193
3897 4194
3897 4236
3897 4262
3897 4270
3897 4290
3897 4293
3897 4298
3897 4312
3897 4313
3897 4317
3897 4370
3897 4383
3897 4389
3897 4469
3897 4475
3897 4479
3897 4486
3899 3970
3899 3991
3899 4023
3899 4037
3899 4060
3899 4061
3899 4080
3899 4095
3899 4115
3899 4145
3899 4154
3899 4219
3899 4234
3899 4287
3899 4294
3899 4317
3899 4331
3899 4346
3899 4398
3899 4410
3899 4422
3899 4454
3899 4461
3899 4465
3899 4478
3900 4369
3901 4098
3901 4228
3902 4015
3902 4304
3902 4395
3903 4092
3906 4135
3906 4151
3906 4166
3906 4192
3906 4241
3906 4266
3906 4282
3906 4405
3906 4421
3906 4448
3908 3950
3908 3983
3908 3987
3908 4076
3908 4095
3908 4181
3908 4240
3908 4250
3908 4272
3908 4307
3908 4309
3908 4316
3908 4326
3908 4347
3908 4360
3908 4425
3908 4431
3908 4432
3908 4470
3909 4015
3909 4182
3909 4349
3909 4368
3909 4373
3910 3987
3910 4041
3910 4120
3910 4135
3910 4151
3910 4192
3910 4204
3910 4222
3910 4266
3910 4295
3910 4405
3910 4421
3910 4422
3910 4430
3910 4438
3911 3922
3911 4005
3911 4129
3911 4281
3911 4449
3914 4285
3915 4030
3915 4336
3916 3925
3916 3935
3916 3965
3916 4002
3916 4078
3916 4161
3916 4231
3916 4255
3916 4315
3916 4350
3916 4393
3916 4419
3916 4480
3918 3990
3918 4015
3918 4034
3918 4168
3918 4284
3919 4235
3919 4254
3919 4264
3919 4436
3920 4001
3920 4015
3920 4059
3920 4149
3920 4165
3920 4177
3920 4301
3921 4218
3921 4251
3922 4005
3922 4129
3922 4281
3922 4449
3922 4472
3923 3934
3923 4145
3923 4181
3923 4188
3923 4236
3923 4250
3923 4298
3923 4307
3923 4346
3923 4360
3923 4425
3923 4461
3923 4479
3924 3931
3924 4100
3924 4104
3924 4209
3924 4327
3924 4342
3924 4381
3924 4451
3924 4457
3924 4459
3925 3935
3925 4002
3925 4050
3925 4089
3925 4141
3925 4171
3925 4239
3925 4306
3925 4315
3925 4361
3925 4393
3925 4415
3925 4471
3926 4015
3927 3993
3928 3967
3928 3988
3928 4275
3928 4459
3929 4015
3930 4015
3930 4087
3930 4182
3930 4349
3930 4373
3931 4100
3931 4169
3931 4209
3931 4342
3931 4381
3931 4451
3931 4457
3931 4459
3932 4020
3933 4106
3933 4187
3933 4269
3933 4287
3933 4321
3933 4407
3933 4461
3933 4478
3934 3949
3934 3987
3934 4011
3934 4055
3934 4077
3934 4090
3934 4114
3934 4265
3934 4279
3934 4331
3934 4343
3934 4402
3934 4435
3934 4474
3935 3954
3935 4002
3935 4078
3935 4161
3935 4231
3935 4255
3935 4315
3935 4350
3935 4419
3937 3972
3937 4263
3937 4439
3938 4019
3938 4091
3938 4093
3938 4136
3938 4156
3939 4075
3939 4303
3939 4355
3939 4392
3943 4063
3943 4083
3944 4345
3948 4279
3949 4011
3949 4055
3949 4114
3949 4265
3950 4076
3950 4115
3950 4134
3950 4139
3950 4199
3950 4240
3950 4242
3950 4250
3950 4272
3950 4293
3950 4307
3950 4309
3950 4316
3950 4317
3950 4326
3950 4347
3950 4360
3950 4377
3950 4425
3950 4432
3950 4441
3950 4450
3950 4482
3950 4483
3951 4160
3951 4228
3951 4400
3952 4425
3953 4192
3953 4214
3953 4421
3953 4438
3953 4448
3954 4002
3954 4069
3954 4089
3954 4103
3954 4141
3954 4211
3954 4239
3954 4251
3954 4255
3954 4273
3954 4306
3954 4314
3954 4345
3954 4361
3954 4471
3955 3961
3955 3975
3955 3998
3955 4020
3955 4042
3955 4056
3955 4153
3955 4174
3955 4270
3955 4290
3955 4370
3955 4383
3955 4469
3955 4479
3955 4486
3956 4015
3956 4368
3957 4217
3957 4245
3957 4382
3957 4427
3959 4436
3961 3987
3961 4042
3961 4057
3961 4147
3961 4188
3961 4193
3961 4270
3961 4292
3961 4313
3961 4374
3961 4383
3961 4389
3961 4488
3962 4015
3962 4149
3962 4177
3963 4015
3965 4002
3965 4103
3965 4161
3965 4315
3965 4480
3966 4027
3966 4035
3966 4112
3966 4187
3966 4269
3966 4283
3966 4302
3966 4321
3966 4366
3967 4073
3967 4081
3967 4084
3967 4122
3967 4203
3967 4244
3967 4327
3967 4339
3967 4356
3967 4411
3967 4460
3970 4023
3970 4060
3970 4080
3970 4118
3970 4145
3970 4154
3970 4219
3970 4234
3970 4294
3970 4325
3970 4346
3970 4398
3970 4410
3970 4434
3970 4454
3970 4461
3970 4465
3970 4478
3971 3985
3971 4015
3971 4397
3972 4263
3972 4439
3973 4094
3975 4056
3975 4138
3975 4185
3975 4194
3975 4236
3975 4270
3975 4298
3975 4341
3975 4389
3975 4469
3975 4479
3976 4224
3976 4338
3977 4008
3977 4020
3977 4132
3977 4153
3977 4312
3977 4370
3977 4383
3977 4469
3978 4015
3979 4036
3979 4411
3979 4429
3981 4015
3982 4041
3982 4098
3982 4135
3982 4204
3982 4228
3983 4076
3983 4134
3983 4240
3983 4242
3983 4250
3983 4260
3983 4272
3983 4292
3983 4307
3983 4309
3983 4331
3983 4347
3983 4360
3983 4431
3983 4432
3983 4482
3985 4015
3987 4023
3987 4037
3987 4095
3987 4240
3987 4294
3987 4398
3987 4432
3987 4454
3987 4482
3988 4062
3988 4084
3988 4163
3990 4015
3990 4034
3990 4284
3991 4080
3991 4188
3991 4192
3991 4236
3991 4270
3991 4298
3991 4309
3991 4454
3993 4048
3993 4204
3993 4295
3993 4434
3993 4474
3995 4015
3996 4124
3996 4219
3996 4347
3997 4074
3997 4192
3998 4040
3998 4147
3998 4153
3998 4193
3998 4270
3998 4290
3998 4298
3998 4312
3998 4313
3998 4370
3998 4479
3999 4005
3999 4054
3999 4072
3999 4129
3999 4281
3999 4449
3999 4472
4001 4015
4001 4016
4001 4059
4001 4165
4001 4447
4002 4103
4002 4141
4002 4231
4002 4315
4002 4350
4003 4374
4003 4443
4005 4054
4005 4072
4005 4129
4005 4170
4005 4281
4005 4399
4005 4410
4005 4449
4005 4472
4006 4068
4007 4091
4007 4136
4008 4021
4008 4042
4008 4056
4008 4061
4008 4113
4008 4131
4008 4138
4008 4153
4008 4185
4008 4196
4008 4236
4008 4270
4008 4298
4008 4313
4008 4319
4008 4370
4008 4383
4008 4389
4008 4481
4008 4488
4010 4101
4010 4328
4011 4055
4011 4088
4011 4109
4011 4114
4011 4265
4011 4343
4011 4402
4013 4019
4013 4091
4013 4093
4013 4308
4014 4053
4014 4215
4014 4358
4015 4016
4015 4017
4015 4018
4015 4022
4015 4034
4015 4044
4015 4046
4015 4049
4015 4053
4015 4059
4015 4082
4015 4085
4015 4087
4015 4110
4015 4133
4015 4142
4015 4149
4015 4165
4015 4177
4015 4182
4015 4186
4015 4189
4015 4271
4015 4276
4015 4279
4015 4284
4015 4301
4015 4304
4015 4305
4015 4318
4015 4335
4015 4337
4015 4340
4015 4348
4015 4349
4015 4357
4015 4364
4015 4368
4015 4373
4015 4390
4015 4394
4015 4395
4015 4397
4015 4422
4015 4447
4015 4452
4015 4464
4016 4165
4016 4340
4017 4464
4018 4085
4018 4189
4018 4304
4019 4091
4019 4093
4019 4156
4020 4147
4020 4188
4020 4193
4020 4196
4020 4260
4020 4298
4020 4313
4020 4317
4020 4341
4020 4383
4020 4389
4020 4469
4020 4479
4020 4488
4021 4040
4021 4042
4021 4067
4021 4138
4021 4142
4021 4185
4021 4236
4021 4262
4021 4270
4021 4312
4021 4479
4021 4486
4023 4037
4023 4057
4023 4060
4023 4070
4023 4080
4023 4090
4023 4095
4023 4142
4023 4145
4023 4154
4023 4157
4023 4178
4023 4216
4023 4219
4023 4232
4023 4234
4023 4259
4023 4272
4023 4287
4023 4294
4023 4346
4023 4398
4023 4410
4023 4432
4023 4454
4023 4461
4023 4465
4023 4478
4024 4028
4024 4253
4024 4436
4025 4282
4027 4099
4027 4221
4027 4269
4027 4376
4027 4401
4028 4436
4029 4110
4029 4167
4029 4327
4030 4336
4030 4363
4030 4456
4032 4423
4034 4284
4036 4411
4036 4429
4036 4442
4037 4060
4037 4080
4037 4145
4037 4154
4037 4157
4037 4181
4037 4199
4037 4216
4037 4219
4037 4232
4037 4240
4037 4294
4037 4296
4037 4326
4037 4346
4037 4347
4037 4398
4037 4422
4037 4432
4037 4454
4037 4461
4037 4465
4037 4475
4037 4478
4038 4371
4039 4077
4039 4137
4039 4143
4039 4195
4039 4246
4039 4378
4039 4412
4039 4456
4040 4262
4040 4270
4040 4319
4040 4383
4040 4479
4040 4486
4041 4098
4041 4120
4041 4135
4041 4192
4041 4204
4041 4228
4041 4295
4041 4310
4041 4428
4041 4430
4041 4438
4042 4043
4042 4056
4042 4138
4042 4153
4042 4174
4042 4185
4042 4188
4042 4196
4042 4236
4042 4262
4042 4270
4042 4298
4042 4312
4042 4313
4042 4344
4042 4370
4042 4383
4042 4389
4042 4469
4042 4479
4042 4483
4042 4486
4043 4056
4043 4138
4043 4153
4043 4174
4043 4185
4043 4236
4043 4389
4043 4488
4044 4059
4044 4301
4045 4478
4046 4279
4047 4285
4047 4445
4049 4059
4049 4301
4049 4397
4050 4220
4050 4471
4051 4148
4051 4156
4051 4173
4052 4138
4052 4153
4052 4236
4052 4298
4052 4383
4052 4389
4052 4488
4054 4072
4054 4129
4054 4170
4054 4281
4054 4399
4054 4455
4054 4472
4055 4114
4055 4196
4055 4280
4055 4343
4055 4404
4055 4443
4056 4057
4056 4138
4056 4153
4056 4174
4056 4185
4056 4194
4056 4236
4056 4270
4056 4298
4056 4319
4056 4352
4056 4383
4056 4389
4056 4475
4057 4272
4057 4294
4057 4312
4057 4316
4057 4459
4057 4470
4057 4486
4057 4488
4058 4060
4058 4080
4058 4115
4058 4145
4058 4154
4058 4178
4058 4258
4058 4287
4058 4292
4058 4294
4058 4297
4058 4317
4058 4346
4058 4398
4058 4410
4058 4434
4058 4454
4058 4465
4059 4177
4059 4442
4060 4080
4060 4118
4060 4145
4060 4154
4060 4178
4060 4219
4060 4287
4060 4294
4060 4346
4060 4398
4060 4434
4060 4454
4060 4461
4060 4465
4060 4478
4062 4402
4062 4484
4064 4073
4064 4196
4064 4233
4064 4327
4064 4339
4064 4411
4064 4460
4064 4484
4064 4487
4066 4279
4067 4080
4067 4095
4067 4347
4067 4410
4067 4461
4067 4482
4069 4220
4069 4253
4069 4254
4069 4361
4070 4095
4070 4153
4070 4270
4070 4290
4070 4326
4070 4370
4070 4454
4070 4469
4070 4482
4072 4129
4072 4170
4072 4281
4072 4455
4072 4472
4073 4191
4073 4244
4073 4460
4074 4227
4074 4268
4074 4476
4075 4158
4075 4303
4075 4355
4075 4384
4075 4392
4076 4095
4076 4134
4076 4142
4076 4181
4076 4240
4076 4242
4076 4250
4076 4260
4076 4272
4076 4292
4076 4307
4076 4309
4076 4316
4076 4326
4076 4330
4076 4347
4076 4360
4076 4377
4076 4425
4076 4431
4076 4432
4076 4450
4076 4470
4076 4483
4077 4243
4077 4279
4077 4378
4077 4402
4077 4412
4077 4435
4078 4161
4078 4315
4080 4118
4080 4145
4080 4154
4080 4167
4080 4178
4080 4219
4080 4287
4080 4293
4080 4294
4080 4346
4080 4398
4080 4410
4080 4454
4080 4461
4080 4465
4080 4475
4080 4478
4081 4122
4081 4356
4081 4411
4081 4460
4081 4484
4082 4085
4082 4189
4082 4304
4082 4305
4082 4395
4083 4254
4083 4306
4084 4096
4084 4339
4085 4092
4085 4133
4085 4189
4085 4305
4085 4395
4086 4378
4086 4402
4087 4182
4087 4349
4087 4373
4088 4265
4088 4343
4089 4141
4089 4239
4089 4255
4089 4306
4089 4315
4089 4345
4089 4350
4089 4393
4090 4262
4090 4298
4090 4307
4090 4347
4090 4377
4091 4093
4091 4156
4091 4413
4093 4136
4093 4156
4093 4173
4095 4118
4095 4134
4095 4145
4095 4146
4095 4219
4095 4234
4095 4242
4095 4250
4095 4272
4095 4294
4095 4309
4095 4316
4095 4325
4095 4326
4095 4331
4095 4346
4095 4347
4095 4360
4095 4377
4095 4398
4095 4406
4095 4410
4095 4425
4095 4431
4095 4432
4095 4440
4095 4461
4095 4465
4095 4482
4095 4483
4097 4212
4097 4215
4097 4358
4097 4366
4097 4467
4098 4295
4098 4310
4099 4269
4099 4366
4100 4169
4100 4209
4100 4327
4100 4342
4100 4367
4100 4379
4100 4381
4100 4451
4100 4457
4100 4459
4101 4328
4101 4442
4102 4123
4102 4485
4103 4161
4103 4251
4103 4306
4103 4315
4103 4351
4103 4361
4103 4480
4104 4327
4104 4342
4104 4381
4104 4451
4104 4457
4104 4459
4105 4462
4106 4187
4109 4116
4110 4271
4111 4484
4112 4283
4112 4366
4113 4147
4113 4185
4113 4188
4113 4236
4113 4248
4113 4298
4113 4383
4114 4280
4114 4339
4114 4343
4114 4404
4115 4236
4115 4270
4115 4294
4115 4383
4115 4389
4115 4425
4115 4459
4116 4402
4117 4242
4117 4326
4118 4145
4118 4219
4118 4346
4118 4398
4118 4434
4119 4128
4119 4387
4120 4151
4120 4430
4120 4438
4121 4423
4122 4356
4123 4247
4123 4485
4124 4258
4124 4287
4124 4324
4124 4478
4126 4152
4127 4362
4128 4367
4129 4281
4129 4399
4129 4449
4129 4455
4129 4472
4130 4412
4131 4196
4131 4250
4132 4188
4132 4202
4132 4298
4132 4341
4133 4189
4134 4181
4134 4240
4134 4242
4134 4250
4134 4272
4134 4307
4134 4309
4134 4316
4134 4326
4134 4330
4134 4347
4134 4360
4134 4377
4134 4422
4134 4425
4134 4431
4134 4432
4134 4470
4135 4151
4135 4166
4135 4192
4135 4204
4135 4241
4135 4266
4135 4405
4135 4430
4135 4438
4137 4195
4137 4246
4137 4279
4137 4456
4138 4185
4138 4194
4138 4199
4138 4236
4138 4270
4138 4290
4138 4298
4138 4312
4138 4317
4138 4383
4138 4389
4138 4469
4138 4486
4139 4181
4139 4240
4139 4242
4139 4250
4139 4272
4139 4307
4139 4309
4139 4316
4139 4347
4139 4360
4139 4377
4139 4425
4139 4431
4139 4432
4140 4254
4140 4306
4141 4171
4141 4231
4141 4255
4141 4345
4141 4393
4142 4196
4142 4313
4143 4195
4143 4246
4144 4297
4144 4353
4144 4416
4145 4154
4145 4219
4145 4234
4145 4258
4145 4259
4145 4287
4145 4325
4145 4331
4145 4346
4145 4398
4145 4410
4145 4454
4145 4461
4145 4465
4145 4478
4145 4481
4146 4240
4146 4270
4146 4272
4146 4294
4146 4313
4146 4346
4146 4398
4146 4410
4146 4486
4147 4153
4147 4188
4147 4193
4147 4313
4147 4370
4147 4383
4147 4441
4147 4479
4147 4483
4147 4488
4148 4173
4149 4301
4151 4166
4151 4192
4151 4421
4151 4476
4153 4174
4153 4185
4153 4188
4153 4270
4153 4290
4153 4312
4153 4313
4153 4317
4153 4319
4153 4331
4153 4341
4153 4352
4153 4370
4153 4383
4153 4469
4153 4479
4153 4486
4153 4488
4154 4178
4154 4259
4154 4287
4154 4294
4154 4317
4154 4325
4154 4346
4154 4398
4154 4406
4154 4410
4154 4454
4154 4461
4154 4465
4154 4478
4156 4173
4156 4308
4157 4181
4157 4216
4157 4232
4157 4240
4157 4326
4157 4432
4158 4303
4158 4355
4158 4392
4158 4418
4161 4315
4161 4350
4161 4361
4161 4480
4165 4301
4165 4397
4165 4447
4166 4192
4167 4208
4167 4223
4167 4269
4167 4326
4167 4406
4167 4461
4169 4209
4169 4327
4169 4342
4169 4381
4169 4451
4169 4457
4169 4459
4170 4281
4170 4472
4171 4350
4171 4393
4171 4471
4172 4278
4174 4185
4174 4236
4174 4270
4174 4352
4175 4251
4175 4359
4177 4301
4178 4346
4178 4398
4178 4406
4178 4454
4178 4465
4181 4216
4181 4232
4181 4242
4181 4250
4181 4309
4181 4316
4181 4326
4181 4347
4181 4377
4181 4425
4181 4431
4181 4432
4181 4437
4181 4441
4181 4450
4181 4475
4182 4349
4182 4373
4185 4188
4185 4194
4185 4199
4185 4236
4185 4270
4185 4298
4185 4312
4185 4317
4185 4319
4185 4352
4185 4383
4185 4389
4185 4422
4185 4441
4185 4488
4187 4269
4187 4283
4188 4193
4188 4196
4188 4262
4188 4270
4188 4312
4188 4313
4188 4383
4189 4305
4189 4395
4190 4210
4190 4456
4190 4463
4190 4474
4191 4244
4192 4222
4192 4228
4192 4241
4192 4260
4192 4295
4192 4317
4192 4331
4192 4405
4192 4421
4192 4438
4192 4448
4192 4475
4192 4476
4193 4196
4193 4262
4193 4270
4193 4312
4193 4313
4193 4383
4193 4479
4193 4486
4193 4488
4194 4236
4194 4262
4194 4298
4194 4312
4194 4341
4194 4469
4194 4486
4195 4246
4195 4378
4195 4435
4195 4463
4195 4474
4196 4233
4196 4262
4196 4298
4196 4312
4196 4313
4196 4339
4196 4370
4196 4383
4196 4481
4198 4238
4199 4316
4199 4346
4199 4370
4199 4425
4199 4479
4200 4286
4200 4388
4202 4270
4202 4290
4202 4370
4202 4386
4202 4396
4204 4228
4205 4233
4205 4427
4206 4226
4206 4354
4206 4477
4208 4478
4209 4327
4209 4342
4209 4379
4209 4381
4209 4451
4209 4457
4209 4459
4210 4243
4210 4456
4210 4474
4211 4239
4211 4255
4214 4266
4214 4438
4214 4448
4215 4467
4216 4232
4216 4240
4216 4432
4216 4437
4217 4245
4217 4382
4218 4351
4218 4465
4219 4294
4219 4346
4219 4398
4219 4434
4219 4454
4219 4461
4219 4465
4219 4478
4221 4302
4222 4228
4223 4269
4223 4287
4223 4409
4223 4478
4224 4338
4225 4239
4226 4477
4227 4266
4227 4268
4227 4438
4228 4295
4228 4310
4230 4457
4231 4237
4231 4315
4231 4350
4231 4361
4231 4419
4232 4432
4234 4287
4234 4346
4234 4398
4234 4410
4234 4432
4234 4450
4234 4461
4234 4465
4234 4478
4236 4270
4236 4298
4236 4312
4236 4313
4236 4383
4236 4389
4236 4469
4236 4479
4236 4486
4238 4285
4239 4273
4239 4306
4239 4322
4239 4361
4239 4467
4240 4242
4240 4250
4240 4260
4240 4272
4240 4292
4240 4296
4240 4309
4240 4316
4240 4326
4240 4330
4240 4332
4240 4347
4240 4360
4240 4377
4240 4425
4240 4431
4240 4432
4240 4450
4240 4482
4241 4405
4241 4421
4242 4250
4242 4260
4242 4293
4242 4307
4242 4316
4242 4326
4242 4330
4242 4347
4242 4360
4242 4425
4242 4431
4242 4432
4242 4450
4243 4474
4244 4289
4244 4388
4245 4382
4245 4412
4246 4279
4246 4299
4246 4412
4246 4456
4248 4488
4249 4447
4250 4272
4250 4307
4250 4309
4250 4316
4250 4326
4250 4330
4250 4347
4250 4360
4250 4377
4250 4425
4250 4431
4250 4432
4250 4482
4251 4351
4251 4359
4251 4436
4253 4353
4253 4436
4254 4264
4254 4306
4255 4264
4255 4297
4255 4350
4255 4436
4255 4471
4256 4273
4256 4322
4256 4462
4258 4360
4258 4410
4258 4465
4259 4398
4259 4410
4259 4465
4260 4326
4260 4389
4260 4398
4260 4478
4262 4270
4262 4290
4262 4298
4262 4312
4262 4383
4262 4469
4262 4479
4262 4486
4263 4439
4264 4462
4265 4402
4266 4421
4266 4438
4266 4448
4266 4476
4269 4287
4269 4461
4269 4478
4270 4290
4270 4293
4270 4298
4270 4312
4270 4313
4270 4319
4270 4352
4270 4370
4270 4383
4270 4389
4270 4396
4270 4409
4270 4469
4270 4479
4270 4486
4270 4488
4272 4307
4272 4309
4272 4316
4272 4326
4272 4330
4272 4347
4272 4360
4272 4377
4272 4425
4272 4431
4272 4432
4272 4450
4272 4470
4272 4482
4273 4467
4274 4285
4274 4445
4275 4459
4276 4335
4276 4364
4279 4378
4279 4402
4279 4456
4280 4404
4281 4449
4281 4472
4282 4421
4282 4457
4282 4466
4283 4376
4286 4388
4287 4294
4287 4324
4287 4331
4287 4346
4287 4398
4287 4409
4287 4454
4287 4461
4287 4475
4287 4478
4290 4298
4290 4313
4290 4370
4290 4383
4290 4396
4290 4469
4290 4479
4290 4486
4292 4313
4292 4370
4293 4294
4293 4326
4293 4346
4293 4347
4293 4398
4294 4346
4294 4398
4294 4410
4294 4454
4294 4465
4294 4478
4295 4310
4295 4428
4296 4326
4296 4332
4296 4360
4298 4312
4298 4313
4298 4352
4298 4383
4298 4389
4298 4422
4298 4469
4298 4486
4298 4488
4299 4456
4301 4397
4302 4401
4303 4392
4303 4418
4304 4305
4304 4395
4305 4395
4306 4315
4306 4361
4307 4309
4307 4316
4307 4326
4307 4330
4307 4331
4307 4347
4307 4377
4307 4422
4307 4425
4307 4431
4307 4432
4307 4470
4309 4316
4309 4326
4309 4330
4309 4331
4309 4347
4309 4360
4309 4377
4309 4425
4309 4431
4309 4432
4309 4470
4309 4481
4309 4482
4310 4428
4312 4313
4312 4370
4312 4383
4312 4389
4312 4469
4312 4479
4312 4481
4312 4486
4313 4370
4313 4383
4313 4426
4313 4475
4313 4479
4313 4486
4313 4488
4315 4361
4315 4480
4316 4326
4316 4330
4316 4347
4316 4360
4316 4377
4316 4422
4316 4425
4316 4431
4316 4432
4316 4450
4316 4470
4316 4483
4317 4370
4317 4461
4319 4383
4319 4479
4319 4486
4322 4467
4324 4478
4325 4398
4325 4410
4325 4454
4326 4330
4326 4332
4326 4347
4326 4360
4326 4377
4326 4406
4326 4425
4326 4431
4326 4432
4326 4450
4326 4470
4326 4482
4327 4339
4327 4342
4327 4381
4327 4451
4327 4457
4327 4459
4330 4347
4330 4360
4330 4377
4330 4431
4330 4432
4330 4470
4330 4475
4331 4389
4331 4425
4331 4431
4331 4454
4332 4347
4334 4370
4335 4364
4337 4395
4339 4459
4339 4460
4339 4487
4342 4381
4342 4451
4342 4457
4342 4459
4343 4402
4343 4443
4345 4471
4346 4398
4346 4410
4346 4454
4346 4461
4346 4478
4347 4360
4347 4377
4347 4425
4347 4431
4347 4432
4347 4470
4347 4481
4347 4482
4349 4357
4349 4368
4349 4373
4350 4393
4350 4419
4351 4416
4353 4462
4356 4442
4356 4459
4356 4460
4358 4436
4360 4377
4360 4425
4360 4431
4360 4432
4360 4482
4361 4436
4361 4480
4366 4376
4367 4445
4367 4451
4370 4383
4370 4441
4370 4479
4370 4486
4370 4488
4377 4425
4377 4431
4377 4432
4377 4450
4377 4470
4378 4402
4378 4412
4378 4456
4379 4457
4379 4459
4381 4451
4381 4457
4381 4459
4383 4389
4383 4469
4383 4479
4383 4486
4383 4488
4387 4445
4389 4433
4389 4486
4392 4418
4393 4471
4398 4410
4398 4434
4398 4454
4398 4461
4398 4465
4398 4478
4398 4481
4399 4449
4399 4455
4399 4472
4402 4412
4403 4425
4403 4461
4405 4448
4406 4439
4406 4454
4407 4409
4407 4461
4410 4454
4410 4465
4410 4478
4411 4429
4411 4484
4412 4456
4412 4463
4421 4438
4421 4448
4421 4476
4422 4465
4425 4431
4425 4441
4425 4450
4425 4470
4425 4481
4426 4432
4428 4438
4431 4481
4432 4482
4434 4478
4435 4474
4441 4479
4446 4477
4449 4472
4451 4457
4451 4459
4454 4461
4454 4465
4454 4478
4455 4472
4456 4463
4456 4474
4457 4459
4459 4460
4459 4487
4460 4487
4461 4465
4461 4478
4463 4474
4465 4478
4469 4486
4479 4483
4479 4486
